state,code,name,zone,address,latitude,longitude
Rajasthan,BDHL,Badhal,NWR,"Kishangarh Renwal, Rajasthan",75.4516454,27.2520587
Uttar Pradesh,KHH,KICHHA,NER,"Kichha, Uttar Pradesh",79.519746,28.913427000000002
Rajasthan,SRKN,Sherekan,NWR,"MDR 89, Rajasthan",74.43499088287354,29.55519806064484
Rajasthan,BKKA,Bhukarka,NWR,"Bhukarka, Rajasthan",74.75103096105158,29.238227312503696
Rajasthan,NHR,Nohar,NWR,"State Highway 36, Rajasthan",74.77362781763077,29.192562738768984
Tamil Nadu,PRGD,Perungudi,SR,"Chennai, Tamil Nadu",80.231363,12.975217
Haryana,KNNA,Khinaniyan,NWR,"State Highway 23, Haryana",74.7179570607841,29.345637263205944
,JKR,JAULKHERA,,,78.216684,21.838466
,BYS,BARSALI,,,78.03136099999999,21.909813
,GW,GIRWAR,,,78.936311,23.838185999999997
,DGD,DANGIDHAR,,,79.019912,23.871771000000003
Madhya Pradesh,DOD,DHODHAR,WR,"Dhodar, Madhya Pradesh",75.10354600000001,23.770740999999997
,GAJ,GANESHGANJ,,,79.074633,23.895862
West Bengal,JNM,Jayanagar Majilpur Halt,ER,"Jaynagar, West Bengal",88.415324,22.168635
Rajasthan,NSD,NASIRABAD,NWR,"Nasirabad, Rajasthan",74.71699100000001,26.294459999999997
,PHA,PATHARIA,,,79.192899,23.905726
Andhra Pradesh,NZB,NIZAMABAD,SCR,"Nizamabad, Andhra Pradesh",78.103238,18.679164999999998
,RJO,RAJENDRA PUL,,,86.01054599999999,25.387446999999998
Tamil Nadu,ADT,ADUTURAI,SR,"Aduthurai, Tamil Nadu",79.478668,11.009165
Tamil Nadu,KMU,KUMBAKONAM,SR,"Kumbakonam, Tamil Nadu",79.388644,10.952962
Tamil Nadu,MNM,MANAMADURAI JN,SR,"Sivaganga, Tamil Nadu",78.45351,9.681538999999999
,GKP,GORAKHPUR JN,,,83.381499,26.759311
,VRM,VARNAMA,,,73.16928300000001,22.184274000000002
,GKC,GORAKHPUR CANT,,,83.416821,26.750649
,ITA,ITOLA,,,73.156746,22.149889
Uttar Pradesh,BTU,BARAUT,NR,"Baraut, Uttar Pradesh",77.273006,29.09692
Punjab,MOGA,Moga,NR,"Moga, Punjab",75.16846699999999,30.817296
,SIOB,SAMAKHIALI JN,,,70.503394,23.309819
Rajasthan,RDK,Rasheedpura Khori,NWR,"MDR 87, Rajasthan",75.087121,27.713786000000002
,PVD,PEDDAVADIAPUDI,,,80.612645,16.414205000000003
,YLM,ELLAMANCHILI,,,82.85262,17.553652000000003
,CHPT,Chatrappatti,,,77.655113,10.476970999999999
,JLD,JARWAL ROAD,,,81.540406,27.120389
,BRJN,BRAJRAJNAGAR,,,83.923653,21.822718000000002
,CLJ,COLONELGANJ,,,81.69417800000001,27.137698
,KTHL,KATHOLA,,,81.8556626477,27.1465555756
,MND,MUNDERWA,,,82.903373,26.776435
Maharashtra,SNSI,SAINAGAR SHIRDI,CR,"Near New Bus Stand Shirdi Sainagar, Maharashtra",74.4806877,19.780792299999998
Gujarat,DLJ,DHOLA JN,WR,"Dhola, Gujarat",71.738273,21.822549000000002
,PGW,PHAGWARA JN,,,75.7655019775,31.217555749800002
Rajasthan,JUP,Jhunpa,?,"NH 65, Rajasthan",75.521553,28.777449
,JSG,JHARSUGUDA JN,,,84.017427,21.862274
,KYW,KARCHHUE,,,84.20715351199999,26.2311244405
,MHRN,MAHENDRANATH,,,84.509909,26.000739
,TKVR,TAPPA KHAJURIAY,,,84.688889,25.807401000000002
,DPI,DODDAMPATTI,,,78.42225009,12.18134581
Rajasthan,AQG,ASHAPURA GOMAT,NWR,"National Highway 15, Rajasthan",71.892665,26.950232
,NEA,NEYKKARAPATTI,,,78.09669699999999,11.612765
,GRL,GORAUL,,,85.318477,25.931048999999998
,KHI,KURHANI,,,85.339288,25.979631
,VNJ,TIRUPPUR VANJIPALAYAM,,,77.26580200000001,11.117790999999999
,CBF,COIMBATORE NORTH,,,76.954304,11.019937
,UMB,AMBALA CANT JN,,,76.826966,30.338918
,SRO,SIRATHU,,,81.31786,25.650642
,SJT,SHUJAATPUR,,,81.401934,25.605607000000003
,BDNP,BIDANPUR,,,81.44201699999999,25.585017
Rajasthan,MTPC,MOTIPURA CHAUKI,WCR,"Motipura, Rajasthan",77.04829951629999,24.6093382288
,HTZ,HATHIDAH JN,,,85.987826,25.367027
Assam,DDNI,DUDHNOI,NFR,"Dudhnoi Railway Station, Assam",90.76188,26.001459
,RDE,RUNDHI,,,77.350991,28.067751
Uttar Pradesh,IJ,ITAUNJA,NER,"Itaunja, Uttar Pradesh",80.89123400000001,27.081066999999997
Rajasthan,RMX,Ramsar,NWR,"Barmer, Rajasthan",70.866078,25.722252
Uttar Pradesh,PBE,PILIBHIT JN,NER,"Pilibhit, Uttar Pradesh",79.813946,28.614977999999997
Rajasthan,RMB,Rampura Beri,NWR,"Rampura Bhal, Rajasthan",75.64547982849999,28.5301320576
,MGS,MUGHAL SARAI JN,,,83.11925000000001,25.278149
Rajasthan,RSWT,Ramgarh Shekhawati,NWR,"Ramgarh, Rajasthan",74.993046,28.169397
,BKNA,BAKAINA HALT,,,78.27473099999999,29.035800000000002
,HBD,HOSHANGABAD,,,77.715594,22.75274
,ANA,ASLANA,,,79.319493,23.860522
,BNI,BUDNI,,,77.6812826,22.7871143
Assam,DMGN,DHAMALGAON,NFR,"A T Rd, Assam",94.85656900000001,27.325566
Andhra Pradesh,LKPL,LAKDIKAPUL,SCR,"Hyderabad, Andhra Pradesh",78.463527,17.404048000000003
Madhya Pradesh,BRUD,BARUD,WCR,"Khandwa, Madhya Pradesh",76.814085,22.052142
,DVL,DEVLALI,,,73.83729,19.897509
,JRTR,Jurtara,,,79.76127199999999,22.253004999999998
Madhya Pradesh,REWA,REWA,WCR,"Rewa, Madhya Pradesh",81.250615,24.537122
Gujarat,DOK,DHOLKA,WR,"Bagodara Dholka, Gujarat",72.433842,22.731982
,NDR,NANDESARI,,,73.0952734283,22.418331636999998
,MYG,MIYAGAM KARJAN,,,73.120353,22.050722
Uttar Pradesh,MBA,MAHOBA,NCR,"Junction Point - Khajuraho, Uttar Pradesh",79.849079,25.306914
Madhya Pradesh,JGZ,Jamgaon,SECR,"Bamhani, Madhya Pradesh",80.198945,22.418426
,BHKH,BAGHOI KUSA,,,84.46243313289999,24.8399006513
Uttar Pradesh,NOLI,NOLI,NR,"Ghaziabad, Uttar Pradesh",77.31077099999999,28.746571
Uttar Pradesh,SUJR,SUJRA,NR,"State Highway 57, Uttar Pradesh",77.26134099999999,29.012729
Gujarat,AMOD,Amod,WR,"Amod, Gujarat",72.86546467803419,21.990791167399735
,LKD,LAKODARA,,,73.09899399999999,21.991872
Gujarat,VKL,Vankal,WR,"SH 166, Gujarat",73.23136643506587,21.439673931772646
Maharashtra,BY,BYCULLA,CR,"Mumbai, Maharashtra",72.833211,18.97695
,BNR,BHAGWANPUR,,,85.30109021000001,25.858316719999998
Tamil Nadu,KTY,Kotturu,SWR,"Kothur Rd, Tamil Nadu",76.21354088187218,14.826788325296278
Assam,BLMR,Bhalukmara,NFR,"Bhalukmara, Assam",94.143709,26.685532
Maharashtra,ANJ,Anjangaon,CR,"Anjangaon, Maharashtra",77.31896504759789,21.163199753077336
West Bengal,DEB,Debagram,ER,"Debagram, West Bengal",88.306807,23.685277
Maharashtra,ELP,Achalpur,CR,"Dist. Amravati, Maharashtra",77.51926277764142,21.27760302246017
West Bengal,BTY,Bethuadahari,ER,"Bethuadahari, West Bengal",88.384597,23.610275
Maharashtra,WARUD,Warud,CR,"Wardha, Maharashtra",78.65141943097115,20.74690547756532
Tamil Nadu,VLKN,Velankanni,?,"Velankanni, Tamil Nadu",79.84618068672717,10.686877168293023
Andhra Pradesh,PCU,PUTLACHERUVU,SCR,"Putlacheruvu, Andhra Pradesh",81.112395,16.484823
,BNPT,BENNIPATTI PIRAPUR,,,85.3090478906,25.892949366
,JM,JALAMB JN,,,76.573236,20.813007000000002
Andhra Pradesh,GPJ,Gorapur,ECoR,"Jeypore Rd, Andhra Pradesh",82.79406,18.346936
,ABEO,Pattaravakkam,SR,,80.16618146561086,13.114499981582952
,SEG,SHEGAON,,,76.690331,20.801724
Madhya Pradesh,GDU,Gudru Halt,SECR,"Lamta, Madhya Pradesh",80.1163395764,22.2718946035
West Bengal,BGNA,Balgona,ER,"Balgona, West Bengal",87.95045644976199,23.458049719226736
West Bengal,KLNP,Kalinarayanpur,ER,"Ranaghat-Bagula Bypass, West Bengal",88.573216,23.206506
,NGZ,S K NAGJIHARI,,,76.755353,20.761640999999997
,PS,PARAS,,,76.815865,20.724519
West Bengal,BRDB,Barda,SER,"Sutahata, West Bengal",88.08753041,22.15295838
,GAO,GAIGAON,,,76.890093,20.720684
,RRL,REWRAL,,,79.468096,21.261121
,KHAT,KHAT,,,79.550792,21.242242
,BRD,BHANDARA ROAD,,,79.64752299999999,21.238512
,KOKA,KOKA,,,79.71240900000001,21.263021
,DAO,DAGHORA,,,83.678086,21.857535000000002
,HGR,HEMAGIRI,,,83.742815,21.876503999999997
Madhya Pradesh,NIR,Nainpur Junction,SECR,"Nainpur, Madhya Pradesh",80.108853,22.425676
Assam,NCH,NAKACHARI,NFR,"Mariani, Assam",94.3939129431,26.7081333353
West Bengal,APDJ,ALIPUR DUAR JN,NFR,"03564-255091, West Bengal",89.534048,26.523279
,BRE,BHARWARI,,,81.4918665,25.5591917
West Bengal,JTK,Jhitkia,NFR,"National Highway 34, West Bengal",88.05297200000001,25.626133
,MNJ,MANOHARGANJ,,,81.55907499999999,25.524992
,SYWN,SAIYID SARAWAN,,,81.613788,25.494982
,MRE,MANAURI,,,81.662491,25.470171
,BMU,BAMHRAULI,,,81.741641,25.44494
,SFG,SUBEDARGANJ,,,81.789897,25.439879
,KLX,KOLAKALUR,,,80.627521,16.295185999999998
,CLVR,CHILUVUR,,,80.61690800000001,16.379558
,KVR,KOVVUR,,,81.726495,17.007084
,GVN,GODAVARI,,,81.77083,17.007707
,KJKD,KANJIKODE,,,76.75531600000001,10.800919
West Bengal,SNKR,Sanka,SER,"Garh Dhrubeswar, West Bengal",86.616164,23.52693
Madhya Pradesh,VNK,Binaiki,SECR,"Binaiki Railway Station, Madhya Pradesh",79.902424,22.72003
West Bengal,GCN,Gocharan,ER,"Gocharan, West Bengal",88.45836999999999,22.277738
Madhya Pradesh,SEY,Seoni,SECR,"Seoni, Madhya Pradesh",79.545769,22.075431
West Bengal,SDMD,Sudamdih,SER,"Jairampur More to Baliapur, West Bengal",86.44032,23.654478
,BJU,BARAUNI JN,,,85.988748,25.461768000000003
,DMO,DAMOH,,,79.432246,23.836693
,ADD,ADAS ROAD,,,73.0346944543,22.486628078200003
Gujarat,CLC,Chalala,WR,"Chalala, Gujarat",71.16224249999999,21.4155588
,RNO,RANOLI,,,73.1122662115,22.405252095399998
Rajasthan,HP,HARIPUR,NWR,"Pali, Rajasthan",74.024928,26.012397
Tripura,KUGT,Kumarghat,NFR,"Kumarghat, Tripura",92.0348331158,24.1506303119
Maharashtra,AWB,AURANGABAD,SCR,"Aurangabad, Maharashtra",75.31064599999999,19.859276
Andhra Pradesh,BNL,BEVINAHALU,SCR,"Rayalaseema Region, Andhra Pradesh",77.21298975,15.16697376
Gujarat,SMNH,SOMNATH,WR,"Somnath, Gujarat",70.408254,20.896131999999998
Tamil Nadu,CUPJ,CUDDALORE PORT,SR,"Cuddalore Township, Tamil Nadu",79.766287,11.715119
,PLJ,PALEJ,,,73.072387,21.921578
Rajasthan,GOLE,GOLE,NWR,"National Highway 112, Rajasthan",72.00004,25.891938
,TRO,TIRORA,,,79.91803499999999,21.415039
,JMG,JAMGA,,,83.564842,21.874971000000002
,AHLR,AHALYAPUR,,,83.824844,26.468381
,TEL,TENALI JN,,,80.640413,16.242409000000002
Andhra Pradesh,TAT,Tummanamgutta,SCR,"Chennai - Anantpur Rd, Andhra Pradesh",78.37926300000001,13.707414
,CU,CHAGALLU,,,81.690558,16.965076999999997
,PSDA,PASIVEDALA,,,81.700939,16.99331
Rajasthan,MBGA,Marwar Bagra,NWR,"SH 31, Rajasthan",72.59376099999999,25.208689
Rajasthan,JNE,JANIYANA,NWR,"State Highway 68, Rajasthan",72.336284,25.827638
Rajasthan,SMR,SAMDHARI JN,NWR,"Barmer, Rajasthan",72.57300699999999,25.837202
Rajasthan,SUT,SUTLANA,NWR,"Dundara, Rajasthan",72.951414,25.970783
Gujarat,PBR,PORBANDAR,WR,"Porbandar, Gujarat",69.615506,21.643597999999997
Karnataka,CKVD,Chikkandawadi,SWR,"Chikkandawadi, Karnataka",76.2025684888,14.137920273699999
Rajasthan,BHG,Bhaton Ki Gali,NWR,"Chomun, Rajasthan",75.712919,27.105646
Rajasthan,HMO,Hanumangarh Town,NWR,"Hanumangarh, Rajasthan",74.33120188303292,29.574220545495677
,SANR,SARDARNAGAR,,,83.494054,26.700858999999998
Jharkhand,GRD,Giridih,ER,"Giridih, Jharkhand",86.3146452,24.182255899999998
,CC,CHAURI CHAURA,,,83.545894,26.673882
,KMPT,KOMATIPALLI,,,79.5158922174,18.023547297
,HSP,HASANPARTHI RD,,,79.50184999999999,18.078262
Rajasthan,GGY,Gagariya,NWR,"State Highway 40, Rajasthan",70.734877,25.741083
,NNPR,NONAPAR,,,83.969786,26.353209
,MW,MAIRWA,,,84.151979,26.240309
,KUY,TIRUPPUR KULIPALAYAM,,,77.3893135876,11.1440279246
,PLL,PARLI,,,76.559421,10.800415
Tripura,AGTL,Agartala,NFR,"Agartala, Tripura",91.278481,23.792417
,MNY,MANKARAI,,,76.500232,10.771526
,LDY,LAKKITI,,,76.434467,10.753217
,PLPM,PALAPPURAM,,,76.398385813,10.7525187905
,OTP,OTTAPPALAM,,,76.377993,10.770046
,MNUR,MANNANUR,,,76.323555,10.749322
,ZRDE,JIRADEI,,,84.256142,26.220819
,SV,SIWAN JN,,,84.359267,26.210724000000003
,PCK,PACHRUKHI,,,84.415667,26.162627999999998
,DDA,DURAUNDHA JN,,,84.45894600000001,26.086973
,CW,CHAINWA,,,84.49649600000001,26.022117
Rajasthan,POK,POKRAN,NWR,"National Highway 15, Rajasthan",71.923129,26.930571
Rajasthan,OCH,ODHANIYA CHACHA,NWR,"National Highway 15, Rajasthan",71.718687,26.972848
,EKMA,EKMA,,,84.53637,25.967099
,DDP,DAUDPUR,,,84.591425,25.90709
,KPS,KOPA SAMHOTA,,,84.65281399999999,25.851866
,BTHL,BITHAULI,,,85.29179,25.817069
,GB,GAURI BAZAR,,,83.667801,26.594934000000002
,BALR,BAITALPUR,,,83.7385572,26.5526634
,DEOS,DEORIA SADAR,,,83.7819590961,26.5076811676
,NRA,NUNKHAR,,,83.880179,26.425483
,AGMN,Agomoni,,,89.786242,26.225947
,BND,BHANDUP,,,72.93723505,19.14200998
,ASR,AMRITSAR JN,,,74.858025,31.631511999999997
,MUC,MULLURKARA,,,76.271415,10.705843
,WKI,WADAKANCHERI,,,76.237041,10.648956
Rajasthan,SOG,SURATGARH JN,NWR,"National Highway 15, Rajasthan",73.90724800000001,29.324152
Maharashtra,SNV,Sondad,SECR,"National Highway 6, Maharashtra",80.094149,21.079845
Rajasthan,QMRS,Kayamsar,NWR,"State Highway 41, Rajasthan",75.000562,28.125576
Karnataka,AYB,Aliyabad,SWR,"Bijapur, Karnataka",75.758306,16.878268000000002
Rajasthan,MBF,Munabao,NWR,"Barmer, Rajasthan",70.276543,25.742614
Orissa,CLDR,Chilikidara,ECoR,"Orissa, Orissa",85.827112,21.243022
Rajasthan,KLYT,Kolayat,NWR,"Kolayat, Rajasthan",72.95507400000001,27.835319
West Bengal,CLD,CHALSA JN,NFR,"Chalsa, West Bengal",88.798213,26.882215
West Bengal,CRX,CARRON,NFR,"National Highway 31C, West Bengal",88.9704,26.880279
,ETF,ITARSI F CABIN,,,77.774856,22.61521
Jharkhand,CNPI,Chandanpahari,ER,"Chandanpahari, Jharkhand",86.953082,24.404224
,MIG,MIDGHAT,,,77.647526,22.828141000000002
,BNU,BANDAKPUR,,,79.575956,23.848205999999998
Rajasthan,COD,Chhota Gudha,NWR,"Ringas, Rajasthan",75.599508,27.293803
,CHQ,CHOKA,,,77.638968,22.864326000000002
,MB,MORADABAD,,,78.765801,28.831621000000002
Haryana,IRA,ISRANA,NR,"Israna, Haryana",76.85285999999999,29.291379
,KRCA,KARACHIYA YARD,,,73.132981,22.380046
,BJW,BAJVA,,,73.1431251,22.3662226
Tamil Nadu,CLN,KOLLIDAM,SR,"Vallampadugai, Tamil Nadu",79.718347,11.332713
Rajasthan,CNA,CHANDERIYA,WR,"Chittorgarh, Rajasthan",74.629979,24.939557999999998
Uttar Pradesh,CRC,CHARKHARI ROAD,NCR,"Charkhari, Uttar Pradesh",79.74565299999999,25.307555999999998
,BTT,BHATNI JN,,,83.934035,26.381257
West Bengal,CSZ,Cossimbazar,ER,"Berhampore, West Bengal",88.266903,24.122264
,VRE,VAREDIYA,,,73.048979,21.85838
,NIU,NABIPUR,,,73.030592,21.807541
,CVJ,CHAVAJ,,,73.010489,21.753134000000003
,AKV,ANKLESHWAR JN,,,73.000633,21.623889
Assam,CNE,CHANDRANATHPUR,NFR,"National Highway 54, Assam",92.71665800000001,24.984962
,PAO,PANOLI,,,72.978371,21.535197
Rajasthan,CNL,CHANDAWAL,NWR,"Pali, Rajasthan",73.86881457700001,25.946542716
Rajasthan,BFY,BHESANA,NWR,"Marwar, Rajasthan",73.7180903,25.82438
,HAT,HATHURAN,,,72.969512,21.501091000000002
Karnataka,COL,Coromandel,SWR,"KGF, Karnataka",78.257278,12.97518
,KDSD,KUDSAD,,,72.91647999999999,21.37682
,SYN,SAYAN,,,72.890287,21.317203
Uttar Pradesh,MQP,Makrandpur,NER,"Aonla- Bareilly Link Rd, Uttar Pradesh",79.290097,28.213407
,GTX,GOTHANGAM,,,72.880104,21.294043
,MGK,MULANGUNNATHUKAVU,,,76.207809,10.596938999999999
Delhi NCT,CNKP,CHANAKYAPURI,NR,"Chanakyapuri, Delhi NCT",77.172004,28.591905
,URN,UTRAN,,,72.85479600000001,21.232602
,ST,SURAT,,,72.840793,21.206568
,UDN,UDHNA JN,,,72.851461,21.171156
,VRU,VALIVERU,,,80.605456,16.188934
,MRPL,MARAMPALLI,,,81.63387399999999,16.843925
,NDD,NIDADAVOLU JN,,,81.67550399999999,16.898297
,GDM,GUDMA,,,80.287678,21.416128
,BEF,BHUPDEOPUR,,,83.25998102000001,21.975035039999998
,RIG,RAIGARH,,,83.39067,21.891288999999997
,KRL,KOTARLIA,,,83.482238,21.883182
Tamil Nadu,CTND,Chettinad,SR,"Kanadukathan, Tamil Nadu",78.775924,10.160613
Uttar Pradesh,SEPR,SHERPUR,NR,"State Highway 51, Uttar Pradesh",78.25287,28.919358
Gujarat,NVS,NAVSARI,WR,"Navsari, Gujarat",72.914294,20.946851
Punjab,JBD,Jalalabad,NR,"Jalalabad, Punjab",74.268446,30.60775
West Bengal,DDM,DAM DIM,NFR,"National Highway 31, West Bengal",88.67133299999999,26.859243000000003
Gujarat,COE,CHITROD,WR,"Kutch, Gujarat",70.655356,23.417869
Rajasthan,COM,Chomun Samod,NWR,"Chomun, Rajasthan",75.70272,27.158223
Haryana,DKT,DHULKOT,NR,"Ambala City, Haryana",76.78753499999999,30.395686
,KUW,KANWAR,,,81.21464405030001,25.7036520692
,CDMR,CHANDAULI MJHWR,,,83.267724,25.261093
,KGA,KHAGA,,,81.102658,25.761853
,KTCE,KATOGHAN,,,81.16560600000001,25.730035
,ASCE,ATHSARAI,,,81.2620300824,25.678728805000002
Karnataka,CRLM,Carmelaram,SWR,"Bengaluru, Karnataka",77.706014,12.907633
Goa,CNR,CHANDAR,SWR,"CHANRA (chandor), Goa",74.047794,15.264834
Andhra Pradesh,CMDP,Chimidipalli,ECoR,"Borra, Andhra Pradesh",83.07686199999999,18.262764
,BDL,VINDHYACHAL,,,82.5020212,25.160771699999998
,TSA,TISUA,,,79.58628900000001,28.136577
Gujarat,TAS,Thasra,WR,"National Highway 59, Gujarat",73.221682,22.797769
,GHT,GHAGHARA GHAT,,,81.5033135022,27.1026834977
,BV,BABHNAN,,,82.500127,26.938525000000002
Uttar Pradesh,CLW,Chilwariya,NER,"Bahraich, Uttar Pradesh",81.69873199999999,27.487001000000003
,GAUR,GAUR,,,82.56115799999999,26.913411
,TH,TINICH,,,82.639707,26.882281000000003
,BHTR,BHATPAR RANI,,,84.03310139999999,26.3104766
,TUR,TURKI,,,85.354709,26.034431
,RD,RAM DAYALU NAGAR,,,85.38359600000001,26.097367
,BTO,BHITAURA,,,79.306506,28.469954
,PKRA,PARSA KHERA,,,79.34185199999999,28.433371
,CHTI,CHANETI,,,79.42916573,28.3087958495
,BLPU,BILPUR,,,79.62578099999999,28.083668
,MK,MIRANPUR KATRA,,,79.674809,28.03708
,MILA,MILAKPUR HALT,,,79.71796182739999,27.988261374
,TLH,TILHAR,,,79.741776,27.972984
Kerala,CQL,CHIRAKKAL,SR,"Kannur district, Kerala",75.353696,11.911049
,PNQ,PUNKUNNAM,,,76.20943,10.535053999999999
,TCR,THRISUR,,,76.207919,10.514790000000001
Karnataka,CMNR,CHAMARAJANAGAR,SWR,"Chamarajnagar, Karnataka",76.932807,11.934891
Karnataka,CMJ,CHAMARAJAPURAM,SWR,"Mysore, Karnataka",76.637861,12.29844
,BKA,BARKHERA,,,77.649646,22.917359
,ODG,OBAIDULLA GANJ,,,77.587299,22.994912
Gujarat,ACL,ANCHELI,WR,"Navsari, Gujarat",72.944978,20.845167
Gujarat,CVR,CHORVAD ROAD,WR,"Gadu, Gujarat",70.290734,21.055196000000002
Maharashtra,CTH,CHIKALTHANA,SCR,"Aurangabad, Maharashtra",75.402851,19.859565
Uttar Pradesh,BTKD,BHARATKUND,NR,"Bikapur, Uttar Pradesh",82.12739309999999,26.6360965
Punjab,DHW,Dhariwal,NR,"Dhariwal, Punjab",75.32156499999999,31.949113
,SAI,SARAI,,,85.27660900000001,25.779962
Orissa,CPE,Chandiposi,SER,"National Highway 23, Orissa",84.915988,22.068676999999997
Maharashtra,CRU,CHUDAWA,SCR,"Hingoli, Maharashtra",77.1169303369,19.1803282622
Assam,DBB,DHUBRI,NFR,"Dhubri, Assam",89.977952,26.023137000000002
,PNP,PANIPAT JN,,,76.96379300000001,29.388948
Uttar Pradesh,CPS,CHANDPUR SIAU HALT,NR,"Chandpur, Uttar Pradesh",78.27585499999999,29.13201
Gujarat,CX,CHANOL,WR,"State Highway 25, Gujarat",70.53884199999999,22.427916
Bihar,CSR,CHAK SIKANDAR,ECR,"Chak Sikander, Bihar",85.365246145,25.6767202377
Bihar,CRQ,Charpokhari Halt,ECR,"Charpokhari, Bihar",84.487603186,25.3615157718
,VNA,VARANGAON,,,75.9006577881,21.0097131944
Bihar,DAG,DHANG,ECR,"Bhang, Bihar",85.353298,26.7174
Haryana,CRW,Charaud,NWR,"National Highway 65, Haryana",75.6466632,29.0094584
,BTL,BORTALAO,,,80.626207,21.218301
,KHS,KHARSIA,,,83.102414,21.99178
,ROB,ROBERTSON,,,83.182508,21.988744
Assam,CPK,CHAPARMUKH JN,NFR,"Chaparmukh, Assam",92.511718,26.202272
Punjab,CTW,Chhintanwala,NR,"Sherpur Sodhian Link Rd, Punjab",76.014229,30.365958000000003
Karnataka,CTA,Chitradurg,SWR,"Chitradurga, Karnataka",76.386431,14.231154
,MDKU,MODUKURU,,,80.58380799999999,16.124988000000002
,TSR,TSUNDURU,,,80.58648699999999,16.157497
,NBM,NAVABPALEM,,,81.606702,16.831606
,NMBR,N MAYURBHANJ ROAD,,,87.038724,21.666901
,BTS,BASTA,,,87.0637831,21.7029241
Gujarat,CTD,Chhota Udepur,WR,"Vadodara, Gujarat",74.014286,22.314788
Assam,DBY,Digboi,NFR,"Tinsukia, Assam",95.61698200000001,27.383483
Maharashtra,CWI,CHONDI,SCR,"Parbhani, Maharashtra",77.1556666229,19.430619765
Karnataka,CSDR,CHANNASANDRA,SWR,"Bengaluru, Karnataka",77.6629705685,13.010940720799999
,PGT,PALAKKAD,,,76.641926,10.802091
Rajasthan,MNHA,Mindha,NWR,"Minda to Mandha Bhimsingh Rd, Rajasthan",75.33241,27.112061
Gujarat,DBO,DABHODA,WR,"Dabhoda, Gujarat",72.748038,23.168331000000002
Rajasthan,DABN,DHABAN,NWR,"Sangaria, Rajasthan",74.54288000000001,29.859997
Rajasthan,DBI,DABLI RATHAN,NWR,"Hanumangarh, Rajasthan",74.19093000000001,29.542416
Gujarat,SID,SIDDHPUR,WR,"State Highway 41, Gujarat",72.367959,23.918067
,ARGD,ARIGADA,ECR,,85.466475,23.643461000000002
Madhya Pradesh,CTJ,CHHATAINI,WCR,"Awasthi Sadan Rd, Madhya Pradesh",81.287323,23.994088
Madhya Pradesh,KTKD,KATANGI KHURD,WCR,"State Highway 10, Madhya Pradesh",80.48673398129999,23.7758696073
Madhya Pradesh,CRL,Choral,WR,"SH 27, Madhya Pradesh",75.94413499999999,22.450677
Tripura,ABSA,Ambassa,NFR,"Ambassa, Tripura",91.860783,23.930507
,NVP,Navalpura,,,73.19955399999999,23.289155
Madhya Pradesh,DBKA,Dabka,SCR,"Amlakhurd, Madhya Pradesh",76.720809,21.361353
West Bengal,CQR,Champapukur,ER,"Kholapota, West Bengal",88.80796000000001,22.656633999999997
,NDAZ,NAYA AZADPUR,,,77.166876,28.714564
,ANDI,ADARSH NAGAR DELHI,,,77.16670699999999,28.714205
Rajasthan,CUR,Churu,NWR,"Churu, Rajasthan",74.966203,28.288281
,BHD,BADLI,,,77.1377425,28.746799999999997
,KHKN,KHERA KALAN,,,77.115838,28.769717999999997
,HUK,HOLAMBI KALAN,,,77.102334,28.801187
,NUR,NARELA,,,77.085727,28.846886
Madhya Pradesh,CWA,Chhindwara Junction,SECR,"Chhindwara, Madhya Pradesh",78.953212,22.058201
,RDDE,RATHDHANA,,,77.05914800000001,28.904132
Kerala,CTPE,Chandanattop Halt,SR,"Kilikkollur, Kerala",76.64532,8.932478000000001
,HNN,HARANA KALAN,,,77.039135,28.945425
,SNP,SONIPAT,,,77.017343,28.989423000000002
,SLKN,SANDAL KALAN,,,77.012589,29.063432000000002
,RUG,RAJLU GARHI,,,77.012109,29.090744
,GNU,GANAUR,,,77.01074999999999,29.130776
,BDMJ,BHODWAL MAJRI,,,77.0082364,29.1852092
,SMK,SAMALKHA,,,77.003034,29.240172
,DWNA,DIWANA,,,76.980194,29.318564
,BBDE,BABARPUR,,,76.966178,29.449652
,KFU,KOHAND,,,76.968758,29.494782
,GRA,GHARAUNDA,,,76.96575000000001,29.541636
,BZJT,BAZIDA JATAN,,,76.965812,29.613391
,KUN,KARNAL,,,76.969821,29.694566000000002
,BZK,BHAINI KHURD,,,76.95536200000001,29.751544
,TRR,TARAORI,,,76.93858,29.797906
,NLKR,NILOKHERI,,,76.925491,29.831492
,KKDE,KURUKSHETRA JN,,,76.852795,29.969440000000002
Kerala,DAVM,DHANUVACHAPURAM,SR,"Dhanuvachapuram, Kerala",77.124352,8.378802
Orissa,CTS,CHATTRIPUT,ECoR,"Jeypore, Orissa",82.590027,18.922722
Punjab,DAVJ,D.A.V.C.H. JALANDHAR,NR,"Jalandhar, Punjab",75.56132,31.346977000000003
Delhi NCT,DLPI,INDRAPURI,NR,"Delhi Cantonment, Delhi NCT",77.14358825779999,28.628342466499998
Madhya Pradesh,GRG,Guwarighat,SECR,"Gwarighat, Madhya Pradesh",79.92761300000001,23.110295
Delhi NCT,DSJ,DELHI SAFDARJUNG,NR,"Netaji Nagar, Delhi NCT",77.186969,28.582121
Haryana,DHRN,DHURANA,NR,"Panipat, Haryana",76.803295,29.253606
Rajasthan,DUK,DUDIA,NWR,"Dundara, Rajasthan",72.902042,25.934458
Karnataka,DAJ,DUROJI,SWR,"Bellary, Karnataka",76.70013,15.227107
,BTPH,CHAKIA THERMAL HALT,,,86.01624276369999,25.4012639369
,JDDA,JATHA,,,82.875333703,22.0159803866
,JDI,JHARRADIH,,,83.050747,21.999876
Tamil Nadu,DKO,Devakottai Road,SR,"NH 210, Tamil Nadu",78.761747,10.037610999999998
Uttar Pradesh,DIB,DIBAI,NR,"Dibai, Uttar Pradesh",78.303084,28.19378
,CNJO,JUHI OUTER CABIN,,,80.3239098425,26.4531901925
Rajasthan,LMA,LAMBIYA,NWR,"National Highway 79, Rajasthan",74.58561499999999,25.578333999999998
Rajasthan,DOHM,Devgarh Madriya,NWR,"Devgarh, Rajasthan",73.855552,25.610206
Andhra Pradesh,DYE,DAYANAND NAGAR,SCR,"Secunderabad, Andhra Pradesh",78.53134999999999,17.456247
Andhra Pradesh,DBV,DABILPUR,SCR,"Rangareddy, Andhra Pradesh",78.470315,17.674226
Haryana,BGZ,BAHADURGARH,NR,"Bahadurgarh, Haryana",76.930886,28.700863000000002
Gujarat,DME,DAMNAGAR,WR,"Damnagar, Gujarat",71.509053,21.688346
West Bengal,AG,Aranghata,ER,"Haranath Para Ln, West Bengal",88.613551,23.242037
Andhra Pradesh,RLG,RELANGI,SCR,"Relangi, Andhra Pradesh",81.64411,16.709921
,CCAB,BMY C CABIN,,,81.44306300000001,21.209789
Maharashtra,DNDI,DHONDI,SCR,"State Highway 148, Maharashtra",76.736112,19.106268
,NDO,NIDUBROLU,,,80.557243,16.067904
Punjab,FKA,Fazilka,NR,"Fazilka, Punjab",74.02541699999999,30.408641
,TDD,TADEPALLIGUDEM,,,81.526314,16.809960999999998
,PTPU,PRATTIAPADU,,,81.581431,16.820864999999998
Madhya Pradesh,BDHT,Bardi Halt,SECR,"State Highway 19, Madhya Pradesh",78.822411,21.621177
Karnataka,DJL,Dodajala Lake,SWR,"Hosur Road., Karnataka",77.652122,13.183156
Assam,DIU,Dhing,NFR,"National Highway 37, Assam",92.45086500000001,26.453101
Gujarat,DGQ,Dugdol,NWR,"Dhanera, Gujarat",72.096828,24.631708
Punjab,DAU,Dagru,NR,"Dagru, Punjab",75.047442,30.834858
,GWH,GHOSHAWAR,,,85.24335073670001,25.737421135399998
,HJP,HAJIPUR JN,,,85.2155,25.702909000000002
,PUK,PUDUKAD,,,76.26070700000001,10.420507
,NYI,NELLAYI,,,76.275994,10.392415000000002
,UKL,UTTUKULI,,,77.448615,11.156494
,TUP,TIRUPPUR,,,77.341247,11.108906
,SNO,SOMANUR,,,77.18638,11.087247
,SUU,SULUR ROAD,,,77.11729,11.049634
,IGU,IRUGUR,,,77.06913399999999,11.017199
,SHI,SINGANALLUR,,,77.03945900000001,11.012921
,PLMD,PILAMEDU,,,76.999566,11.033241
,CBE,COIMBATORE JN,,,76.966298,10.997639
,PTJ,PODANUR JN,,,76.990125,10.965425
,MDKI,MADUKARAI,,,76.94295000000001,10.900858
,IJK,IRINJALAKUDA,,,76.280924,10.339456
,CKI,CHALAKUDI,,,76.3218076,10.3017975
,DINR,DIVINE NAGAR,,,76.3363143628,10.2853993721
,KRAN,KORATTI ANGADI,,,76.355901,10.260123
,KUC,KARUKKUTTY,,,76.373077,10.225757
,AFK,ANGAMALI,,,76.37786,10.183676
,CWR,CHOVVARA,,,76.37218899999999,10.133064
West Bengal,DJ,Darjeeling,NFR,"Darjeeling, West Bengal",88.263326,27.038151
,AWY,ALUVA,,,76.356508,10.108163
,KLMR,KALAMASSERY,,,76.32695600000001,10.061818
,IPL,EDAPPALLY,,,76.298271,10.034338
,ERN,ERNAKULAM TOWN,,,76.2861,9.991582000000001
,ETMD,ETTIMADAI,,,76.89715500000001,10.898788
,WRA,WALAYAR,,,76.8376135147,10.8471810329
Punjab,DBN,Dhablan,NR,"Gurudwara Ishar Darbar Rd, Punjab",76.276917865,30.3379133215
Chhattisgarh,DBF,Dabpal,?,"Dabpal, Chhattisgarh",81.488923,18.927979999999998
Assam,DBZ,Dhing Bazar,NFR,"Mathaouri Rd, Assam",92.481039,26.455873
,CLMD,CHULLIMADA,,,76.801793,10.837164999999999
,KTKU,KOTTEKAD,,,76.693457,10.815731
Rajasthan,DLC,DALMERA,NWR,"Bikaner, Rajasthan",73.65658,28.417832
,TNU,TIRUNETTUR,,,76.30765699999999,9.933729
,KUMM,KUMBALAM,,,76.3116,9.906723
,AROR,AROOR HALT,,,76.30283299999999,9.8791031
,EZP,EZHUPPUNNA,,,76.302391,9.820288000000001
,TUVR,TURAVUR,,,76.309979,9.772809
,ERSC,ERNAKULAM JN. C,,,76.28985899999999,9.978060000000001
Orissa,DIR,DHANAPUR ORISSA,ECoR,"National Highway 43, Orissa",82.50739300000001,18.945173
Uttar Pradesh,DRN,DEORANIAN,NER,"SH 37, Uttar Pradesh",79.476473,28.64478
Bihar,BGS,BEGU SARAI,ECR,"06243-222853, Bihar",86.134476,25.425296
,BQQ,BAKHLETA,,,79.96972000000001,23.846381
Rajasthan,GBP,GULABPURA,NWR,"Gulabpura, Rajasthan",74.65595449829999,25.9027951891
,REI,RITHI,,,80.140267,23.904168
,MBWC,MORADABAD WEST,,,78.7596338837,28.83865785
,HRH,HARTHALA,,,78.73559542849999,28.8719872056
Madhya Pradesh,GOA,GOHAD ROAD,NCR,"Bhind, Madhya Pradesh",78.439153,26.480421000000003
Maharashtra,DHNR,DHANORA DECCAN,SCR,"Kinwat, Maharashtra",78.13275402709999,19.465517438899997
,ALD,ALLAHABAD JN,,,81.828816,25.446241
Uttar Pradesh,ETAH,Etah,NCR,"Etah, Uttar Pradesh",78.65391899999999,27.571173
Gujarat,GG,GANDHIGRAM,WR,"Ahmedabad, Gujarat",72.568831,23.02676
,BSL,BHUSAVAL JN,,,75.78867170000001,21.0472812
,KOPR,KOPAR ROAD,,,73.077841,19.211345
West Bengal,GGLE,GANGATIKURI,ER,"State Highway 6, West Bengal",88.087286,23.71822
,KWD,KARWANDIA,,,84.084599,24.953195
Rajasthan,GDD,Gadra Road,NWR,"Gadara, Rajasthan",70.64304,25.743851
,SSM,SASARAM,,,84.019423,24.955926
West Bengal,DTAE,DHATRIGRAM,ER,"Dhatrigram, West Bengal",88.31182199999999,23.277796
,SLOR,SELOO ROAD,,,78.71490899999999,20.776649999999997
,SNI,SINDI,,,78.883342,20.816446
Gujarat,DNUA,Dhansura,WR,"State Highway 68, Gujarat",73.19870999999999,23.351916
,SGRD,SULGARE,,,82.743775,22.019979
,BUA,BARADWAR,,,82.813724,22.011725000000002
,SKT,SAKTI,,,82.956526,22.011785000000003
Tamil Nadu,EDU,ERIODU,SR,"State Highway 74, Tamil Nadu",78.05712899000001,10.515627989999999
,SUJ,SARJU,,,81.648076,27.111885
Tamil Nadu,GDN,GANGAIKONDAN,SR,"Thoothukudi, Tamil Nadu",77.786203,8.830736
,LDR,LANDAURA,,,77.941557,29.814493
,DUN,DUGANPUR,,,79.13019,28.658317
,CBJ,CLUTTER BUCK GANJ,,,79.371946,28.396895
,BE,BAREILLY,,,79.4108444,28.337154299999998
Assam,DTC,DITOKCHERRA,NFR,"North Cachar Hills, Assam",92.798715,25.090538
Assam,BPG,BADURPUR GHAT,NFR,"National Highway 53, Assam",92.581099,24.872902
Rajasthan,GIW,Girdharpur,NCR,"State Highway 6, Rajasthan",76.794583,25.845508
,RYS,RASURIYA,,,79.47445900000001,28.26396
,NYO,NAYAGAON,,,85.099366,25.763263
,PMU,PARMANANDPUR,,,85.133951,25.741290999999997
Uttar Pradesh,GIR,Gainsari Junction,NER,"Balrampur, Uttar Pradesh",82.5441789069,27.526839296800002
,BPP,BAPATLA,,,80.46842480000001,15.9086144
,APL,APPIKATLA,,,80.514466,15.970371
,MCVM,MACHAVARAM,,,80.54154100000001,16.025343
,CEL,CHEBROL,,,81.396533,16.819948
Bihar,GGH,Ghogardiha,ECR,"Ghoghardiha, Bihar",86.468503,26.282768
,BPY,BADAMPUDI,,,81.473751,16.828104
,ARD,AMARDA ROAD,,,87.102374,21.734258
,PY,PERUNDURAI,,,77.628672,11.25334
Punjab,FSR,FAQARSAR,NR,"Fakarsar, Punjab",74.57257200000001,30.189431000000003
Assam,CFG,CHAKITING,NFR,"Dhodar Ali, Assam",94.0956546234,26.5616754046
,IGR,INGUR,,,77.587299,11.22501
,VZ,VIJAYAMANGALAM,,,77.522231,11.195525
,DLA,DOULTA,,,78.42932499999999,24.998509000000002
,TBT,TALBAHAT,,,78.414552,25.039255
,MZX,MATATILA,,,78.40284000000001,25.0851
,BZY,BASAI,,,78.394254,25.142923
,BAB,BABINA,,,78.451748,25.237832
,KHJ,KHAJRAHA,,,78.478365,25.304157999999997
,BJI,BIJAULI,,,78.51774610000001,25.3764678
,JHSA,JHANSI A CABIN,,,78.545787,25.41949
,JHS,JHANSI JN,,,78.55298499999999,25.443585
,KRQ,KARARI,,,78.509084,25.530800000000003
,DAA,DATIA,,,78.456356,25.641070000000003
,SOR,SONAGIR,,,78.409099,25.730668
,KTRA,KOTRA,,,78.381661,25.811253999999998
,DBA,DABRA,,,78.331015,25.881197
,SMTL,SIMARIATAL,,,78.3042595734,25.9219956094
,AEH,ANANT PAITH,,,78.2761320917,25.955389501299997
Uttar Pradesh,FRH,Farhatnagar,NR,"Farhatnagar, Uttar Pradesh",80.143212,27.081164
Jharkhand,GATD,Gautamdhara,SER,"Gautamdhara, Jharkhand",85.6329945703,23.3498809788
Gujarat,GEG,Gir Gadhara,WR,"Junagadh, Gujarat",70.919246,20.906347
Rajasthan,FLD,Phulad,NWR,"State Highway 62, Rajasthan",73.81311799999999,25.623979
Uttar Pradesh,GADM,Ganga Dham,NER,"Ganga Dham, Uttar Pradesh",81.930509,27.20976
Chhattisgarh,DTR,Dhamtari,SECR,"Dhamtari, Chhattisgarh",81.550321,20.714515000000002
Gujarat,DRW,DHAREWADA,WR,"Unjha, Gujarat",72.378575,23.960815999999998
Rajasthan,KZQ,KHIMEL,NWR,"Jawai Bandh, Rajasthan",73.279577,25.300189
,HDU,HARDUA,,,80.2834127417,23.9150542164
Uttarakhand,HDW,HALDWANI,NER,"Haldwani, Uttarakhand",79.533732,29.215097
,AKT,AKALTARA,,,82.422049,22.029121
Karnataka,HBU,Halbarga,SCR,"Halbarga, Karnataka",77.298175,17.988470000000003
Maharashtra,GNH,GANGAKHER,SCR,"State Highway 217, Maharashtra",76.755511,18.973377
,NIA,NAILA,,,82.56458900000001,22.022963999999998
,KMGE,KUMAHU,,,83.946305,24.976944
,SSG,SHIU SAGAR ROAD,,,83.895453,24.999464999999997
,CPH,CHAMPA,,,82.665149,22.034731
Madhya Pradesh,GPX,Gautampura Road,WR,"Barnagar, Madhya Pradesh",75.68198989999999,23.2008894
Gujarat,RGQ,RAIGADH ROAD,NWR,"National Highway 8, Gujarat",73.183592,23.596666
Gujarat,GS,GODHANESHWAR,WR,"Bagodara Dholka Link Rd, Gujarat",72.36834,22.68118
Uttar Pradesh,GLH,Gulaothi,NR,"Gulaothi, Uttar Pradesh",77.801799,28.582962
West Bengal,HNB,Hasanabad,ER,"Taki, West Bengal",88.912953,22.570155
,PUA,PULLA,,,81.324846,16.809911
,KKRM,KAIKORAM,,,81.36421899999999,16.815341
,JER,JALESWAR,,,87.22049100000001,21.79749
,FYZ,FAIZULLAPUR,,,80.893347,25.869213
,ED,ERODE JN,,,77.72593400000001,11.327682
Rajasthan,HR,Harpalu,NWR,"Bahal, Rajasthan",75.4910470972,28.569053803099997
,RUB,RASULABAD,,,80.977088,25.826999
,SNIE,SATH NARAINI,,,81.03942,25.795325
Karnataka,DUR,DESUR,SWR,"Desur, Karnataka",74.49801,15.754344
Karnataka,CNC,CHINCHLI,SWR,"Belagavi, Karnataka",74.855323,16.571696999999997
,MTB,MATLABPUR,,,78.656727,28.989821
,KNT,KANTH,,,78.621471,29.059768000000002
,MWE,MEWA NAWADA,,,78.613167,29.118385
,SEO,SEOHARA,,,78.580977,29.204807000000002
,CAJ,CHAKRAJ MAL,,,78.536047,29.249784000000002
,DPR,DHAMPUR,,,78.501588,29.305446
,HBW,HABIBWALA,,,78.47897300000001,29.349034
Gujarat,GKD,GADHAKDA,WR,"Gadhakada Rd, Gujarat",71.38171899999999,21.237962
,PNI,PURAINI,,,78.445574,29.388929
,NGG,NAGINA,,,78.424119,29.437919
,BEK,BUNDKI,,,78.3932854,29.522577000000002
Uttar Pradesh,GYN,GYANPUR ROAD,NER,"Bhadohi District, Uttar Pradesh",82.4272883557,25.280144010999997
,MSDR,MURSHADPUR,,,78.3756456903,29.57239523
,NBD,NAJIBABAD JN,,,78.335733,29.603540000000002
,FZL,FAZALPUR,,,78.27795372130001,29.5937410175
,CNK,CHANDOK,,,78.152782,29.576786
,BLW,BALAWALI,,,78.1124328,29.6274345
,RSI,RAISI,,,78.0664335504,29.6928321018
Gujarat,AAR,ADESAR,WR,"Dist. Kachchh, Gujarat",70.9720505023,23.552978399500002
Karnataka,HRR,HARIHAR,SWR,"Harihar, Karnataka",75.812314,14.515431
Andhra Pradesh,GVA,Ganguwada,ECoR,"Ganguwada, Andhra Pradesh",84.1072235,18.66763705
Madhya Pradesh,GUX,Gurhi,SCR,"Khandwa, Madhya Pradesh",76.58074500000001,21.629554
Rajasthan,HMH,HANUMANGARH JN,NWR,"Hanumangarh, Rajasthan",74.297633,29.614904
Kerala,AAM,Angadippuram,SR,"Angadipuram, Kerala",76.20734300000001,10.979489000000001
,PHR,PHILLAUR JN,,,75.78576100000001,31.016907
,LDW,LADHOWAL,,,75.78581100000001,31.016957
,LDH,LUDHIANA JN,,,75.84787299999999,30.912367
,BHOI,DHANDARIKALAN BLOCK HUT,,,75.87188,30.894741
Maharashtra,HKR,Kiwar Khed,SCR,"State Highway 194, Maharashtra",76.8767,21.186952
,DDL,DHANDARI KALAN,,,75.90949099999999,30.874477
,SNL,SANAHWAL,,,75.9795,30.837436
,DOA,DORAHA,,,76.04330300000001,30.804137
,JSPN,JASPALON,,,76.0801522656,30.7847375851
,CHA,CHAWAPALL,,,76.127464975,30.7594625741
,KNN,KHANNA,,,76.22513400000001,30.707973
,GVG,GOVINDGARH,,,76.2970739075,30.6694834261
,SIR,SIRHIND JN,,,76.383194,30.624222
,SDY,SADHOO GARH,,,76.44847259640001,30.5828632034
,SBJ,SARAI BANJARA,,,76.515682,30.538386
,RPJ,RAJPURA JN,,,76.5940201901,30.486458949
,SMU,SAMBHU,,,76.684143667,30.4290274715
,CDL,CHODIALA,,,77.738546,29.896397999999998
,IQB,IQBALPUR,,,77.803799,29.875114
,RK,ROORKEE,,,77.87417,29.851671
,DNRA,DHANDHERA,,,77.9019227979,29.8434029837
,DSNI,DAUSNI,,,77.979636,29.784745
Karnataka,CPT,CHANNAPATNA,SWR,"Channapatna, Karnataka",77.203824,12.659673000000002
,KGF,KATHGHAR,,,78.796689,28.826066
,DLP,DALPATPUR,,,78.87718699999999,28.820438
,MPH,MUNDHA PANDE,,,78.939038,28.800366999999998
,RMU,RAMPUR,,,79.023419,28.778862999999998
,SAR,SHAHZAD NAGAR,,,79.05214699999999,28.750033000000002
,DAM,DHAMORA,,,79.087745,28.707129000000002
,AABH,AMBIKA BHAWANI HALT,,,84.9690033484,25.751433665
,DGA,DIGHWARA,,,85.003168,25.743938
,STLR,SITALPUR,,,85.03663800000001,25.768739999999998
Bihar,JDR,JIWDHARA,ECR,"Jiwdhara, Bihar",84.906874,26.581722
,AWP,AGHWANPUR,,,78.702865,28.939542
Gujarat,KIA,KHARI AMRAPUR,WR,"State Highway 237, Gujarat",72.913948,23.390711
Karnataka,IMR,IBRAHIMPUR,SWR,"Bijapur, Karnataka",75.719362,16.802926
Gujarat,JND,JUNAGADH JN,WR,"Junagadh, Gujarat",70.457612,21.530606
Gujarat,JA,JALIYA,WR,"Ranuja Village Rd, Gujarat",71.6324910046,21.8163569109
Andhra Pradesh,IDP,INDUPALLI,SCR,"Krishna, Andhra Pradesh",80.87706899999999,16.479094
Karnataka,DBL,DODBELE,SWR,"National Highway 4, Karnataka",77.351193,13.216441000000001
,KVD,KHURMABAD ROAD,,,83.848303,25.021489000000003
Jharkhand,JBO,Jamadobu,SER,"Jharia, Jharkhand",86.410031,23.715138999999997
,KTQ,KUDRA,,,83.79337100000001,25.048552
,PSE,PUSAULI,,,83.72151,25.097235
,STPT,SITAMPET,,,81.211206,16.797409
West Bengal,JHBN,JHAMATPUR BAHARAN,ER,"Goai, West Bengal",88.098669,23.749987
,UBC,AMBALA CITY,,,76.763996,30.378497
West Bengal,JIT,JIRAT,ER,"Jirat, West Bengal",88.461461,23.098255
,BMD,BHIMADOLU,,,81.26109679,16.80848173
Rajasthan,JDD,Jerthi Dadhia,NWR,"MDR 87, Rajasthan",75.2010774705559,27.731618001396782
,LXD,LAKSHANNATH ROAD,,,87.25095300000001,21.842011
Assam,JGJN,JUGIJAN,NFR,"National Highway 36, Assam",92.81771,26.028001
Assam,JMI,JAMGURI,NFR,"National Highway 39, Assam",93.9604479663,26.3877071452
Goa,CSM,CANSAULIM,SWR,"Arossim Beach Rd, Goa",73.897226,15.344532000000001
,BPW,BURHPURA,,,78.42955,25.211179
Uttar Pradesh,IDM,Indemau,NR,"Indemau, Uttar Pradesh",80.767021,26.318344
,KSR,KASTURI,,,81.728838,27.139983
,MIR,MAIJAPUR,,,81.773788,27.141734
Madhya Pradesh,JNO,Junnor Deo,CR,"Dongar Parasia, Madhya Pradesh",78.592052,22.191279
,GDK,GONDA KACHAHRI,,,81.93402688110001,27.1402272205
,BRCK,BARUACHAK,,,82.055181,27.122672
Orissa,JOL,Jogal,?,"Jogal, Orissa",86.88271399999999,21.696442
Uttar Pradesh,ICL,Ichauli,NCR,"Maudaha, Uttar Pradesh",80.178833,25.520955
,MOTG,MOTIGANJ,,,82.103635,27.101387
,JLHI,JHILAHI,,,82.17287785639999,27.072604043299997
West Bengal,KAU,Kachna,NFR,"National Highway 34, West Bengal",88.0246425354,25.6337383216
,BBHL,Bela Bela,,,81.2487596802,26.137192374999998
Maharashtra,JOA,JANWAL,SCR,"Latur, Maharashtra",76.75514700000001,18.559639999999998
Gujarat,JADR,Jadar,WR,"State Highway 9, Gujarat",72.952369,23.745814000000003
Gujarat,JJW,Jojwa,WR,"Vadodara, Gujarat",73.642431,22.253213000000002
,MUR,MANKAPUR JN,,,82.227648,27.039058
,LKNR,LAKHPAT NAGAR,,,82.2775887885,27.0276257858
,MSW,MASKANWA,,,82.3597396039,27.0013792301
,ANU,ANANGUR,,,77.820053,11.396939999999999
,POE,Pawapuri Road Halt,,,85.512918,25.160225
,SNC,S NARAYAN CHPLA,,,82.3961659851,26.9810021017
Bihar,HSB,Hasanbazar Halt,ECR,"Hasan Bazar, Bihar",84.34929577759999,25.2665823122
,BNGY,BAHMAN JYOTIA,,,82.4273550012,26.9662637829
,PATI,PARSA TEWARI,,,82.45215499999999,26.95565
Uttar Pradesh,JI,JHUSI,NER,"NH 2, Uttar Pradesh",81.91664399999999,25.431145
,GOVR,GOVINDNAGAR,,,82.707468,26.864223000000003
,BST,BASTI,,,82.77005899999999,26.815678
,ORW,ORWARA,,,82.83031100000001,26.802388999999998
,CRV,CHUREB,,,82.97763599999999,26.782155
,MOW,MANANWALA,,,74.96656200000001,31.612827000000003
,JNL,JANDIALA,,,75.05441200000001,31.589979
,TRA,TANGRA,,,75.107232,31.576425999999998
Rajasthan,JSH,Jaswantgarh,NWR,"Sujangarh, Rajasthan",74.44396800000001,27.668988
,BTR,BUTARI,,,75.183274,31.556444
,BBKR,BABA BAKALARAYA,,,75.238827,31.541835000000003
,BEAS,BEAS,,,75.2908085,31.5193738
,DIW,DHILWAN,,,75.335011,31.498953
,RYM,RAMIDI HALT,,,75.4078429907,31.4659508779
Uttar Pradesh,JKI,Kauriaa Jungle,?,"National Highway 29, Uttar Pradesh",83.29979800000001,26.881072
,HMR,HAMIRA,,,75.432702,31.45628
,KRE,KARTARPUR,,,75.492544,31.432388
,SRX,SURA NUSSI,,,75.541964,31.380553
,POM,Punthottam,,,79.65731229,10.93262802
Rajasthan,LOHA,Loha,NWR,"Ratangarh, Rajasthan",74.619424,28.006921
,BBSL,BABA SODHAL NAGAR,,,75.5648681348,31.3530203474
,JUC,JALANDHAR CITY,,,75.591499,31.331665
Andhra Pradesh,KBA,Kurabalakota,SCR,"Kurabalakota Railway Station, Andhra Pradesh",78.48584299999999,13.666284000000001
,JRC,JALANDHAR CANT,,,75.63210600000001,31.306235
Madhya Pradesh,ABE,Ambikeshwar,NCR,"State Highway 2, Madhya Pradesh",77.963828,26.368567
,CEU,CHIHERU,,,75.70669127869999,31.262694745
,MLIH,MAULI HALT,,,75.769234,31.175
,MAUL,MAULA ALI,,,75.769544,31.17531
,GRY,GORAYA,,,75.77419300000001,31.129722
Himachal Pradesh,JTO,Jutogh,NR,"Shimla, Himachal Pradesh",77.122043,31.100734
Punjab,JPS,Jamalpur Shaikhan,?,"MDR 101, Punjab",75.857438,29.699949
,BTTN,BHATIAN,,,75.780007,31.071444
,PPDA,PANCHPATIA DEORIA HALT,,,84.9361293799,25.768730655699997
Maharashtra,KHBV,KHARBAO,CR,"Thane, Maharashtra",72.983444,19.297247
Rajasthan,KEV,KELA DEVI,WCR,"Bharatpur, Rajasthan",77.329069,27.015612
Tamil Nadu,KDE,KORADACHERI,SR,"Koradacheri, Tamil Nadu",79.49003499999999,10.771022
,SHGN,SHRI GHASINAGAR,,,76.6268054126,27.086514837299998
,QGT,KOLAGHAT,,,87.879653656,22.434330919300002
,BW,BIWAI,,,76.6960924713,27.110623039700002
,KHM,KUSMHI,,,83.453837,26.72824
,NYN,NAINI,,,81.86004199999999,25.393138
Madhya Pradesh,CTHR,CHITAHRA,WCR,"MDR 11, Madhya Pradesh",80.842854,24.862627000000003
Madhya Pradesh,STA,SATNA,WCR,"Satna, Madhya Pradesh",80.827717,24.568619
Karnataka,KALS,KALAS HALT,SWR,"State Highway 6, Karnataka",75.3899776996,15.08644671
Tamil Nadu,KLPM,KAILASAPURAM,SR,"Thattaparai, Tamil Nadu",77.9946102,8.847387005
Karnataka,KHNP,Khanapur Deccan,SCR,"State Highway 4, Karnataka",77.382161,17.942175
Jharkhand,KBSH,Krishna Ballabh,ER,"Giridih, Jharkhand",86.482965,24.255819
Gujarat,KEMA,KUKMA,WR,"Kutch, Gujarat",69.766265,23.217031
Tamil Nadu,KKDI,Karaikkudi Junction,SR,"Ariyakudi Road, Tamil Nadu",78.79331499999999,10.068518
Maharashtra,JXN,JIRONA,?,"Nanded, Maharashtra",77.95139499999999,19.407451000000002
Chhattisgarh,KJZ,KARONJI,SECR,"Devipur, Chhattisgarh",82.923013,23.282475
Himachal Pradesh,KDZ,Kandaghat,NR,"Kandhaghat, Himachal Pradesh",77.106996,30.965544
Tamil Nadu,NPB,Nagapattinam Beach,SR,"Nagapattinam, Tamil Nadu",79.848443,10.764487
,MNU,MUNDIKOTA,,,79.834833,21.372513
Punjab,JWN,Jiwa Arain,NR,"State Highway 20, Punjab",74.355654,30.673761
,KWN,KACHEWANI,,,79.981657,21.430310000000002
,AGN,AMGAON,,,80.3746491022,21.361292855400002
,DURG,DURG,,,81.291837,21.200326999999998
,KPNA,KAPAN,,,82.494827,22.026018
,KDTR,KIRODIMALNAGAR,,,83.33250699999999,21.926994
,MTGE,MUTHANI,,,83.61914300000001,25.173236999999997
,SPF,STUARTPURAM,,,80.406913,15.868003
,EE,ELURU,,,81.11976200000001,16.717816
,DEL,DENDULURU,,,81.18047200000001,16.781406
,AGV,ANGUA,,,87.26992299999999,21.892581999999997
,DNT,DANTAN,,,87.284055,21.930376
Bihar,KHTN,Khutauna,ECR,"Khutuana, Bihar",86.397414,26.494365000000002
,BBU,BHABUA ROAD,,,83.618913,25.173007
Uttar Pradesh,KJC,Kasganj City,NER,"State Highway 33, Uttar Pradesh",78.658063,27.814972
,DGO,DURGAUTI,,,83.539684,25.207897000000003
,MVPM,MAVELIPALAIYAM,,,77.89921204650001,11.4809140096
,SGE,SANKARIDURG,,,77.870439,11.445732
,DCX,DHANICHHA,,,83.4908372314,25.2271654039
Uttar Pradesh,KID,KHAIRAR JN,NCR,"NH-76 Banda(05192-224813), Uttar Pradesh",80.236073,25.451955
Uttar Pradesh,KHOH,KHOH,NCR,"National Highway 76, Uttar Pradesh",80.979976,25.209491000000003
Punjab,KLI,Kauli,NR,"National Highway 64, Punjab",76.51987899999999,30.418387999999997
Uttar Pradesh,KLAR,KULPAHAR,NCR,"Kulpahar, Uttar Pradesh",79.63751,25.29552
,KMS,KARAMNASA,,,83.430892,25.239738
Madhya Pradesh,KHBJ,KHANNA BANJARI,WCR,"State Highway 11, Madhya Pradesh",80.822716,23.897087
,SYJ,SAIDRAJA,,,83.35118,25.253531
,GAQ,GANJ KHAWAJA,,,83.18436299999999,25.273922000000002
,FOCM,FLYOVER CABIN MUGHALSARAI,,,83.172391,25.289358999999997
Uttar Pradesh,KCT,Kirakat,NER,"Jaunpur, Uttar Pradesh",82.924798,25.645355
,KLD,KHALILABAD,,,83.055073,26.77453
,MHH,MAGHAR,,,83.133741,26.750013
,SIPR,SIHAPAR,,,83.16487227660001,26.757903231
,SWA,SAHJANWA,,,83.2147,26.763075
,MWH,MALWAN,,,80.685594,26.017246
,JTB,JAGATBELA,,,83.278505,26.772224
Karnataka,KJS,Krishnarajasagar,SWR,"Mandya District, Karnataka",76.56702899999999,12.401425999999999
Haryana,KLK,Kalka,NR,"Kalka, Haryana",76.931759,30.837667
,KKS,KURASTI KALAN,,,80.752455,25.955085
,FTP,FATEHPUR,,,80.801869,25.917489
,DMG,DOMINGARH,,,83.341993,26.765251
,BTK,BANKATA,,,84.09492,26.265917
Punjab,KKL,KALA BAKRA,NR,"Dhogri Rd, Punjab",75.63034779659999,31.4751812122
,BAGL,BARAGOPAL,,,84.906765,25.765088
,ATNR,AWATAR NAGAR,,,84.956774,25.764395999999998
Assam,KHKT,KHOTKHOTI,NFR,"Golaghat Rd, Assam",93.754761,25.952482999999997
,ARI,ANTRI,,,78.2266994458,26.0352337224
Uttar Pradesh,KDPS,KADIPUR SANI HA,NER,"Kadipur Sani, Uttar Pradesh",80.779037,27.862753
Uttar Pradesh,KITN,KHIRI TOWN,NER,"Kheri, Uttar Pradesh",80.788481,27.902943999999998
,MNF,MANDA ROAD,,,82.236678,25.162718
,MZP,MIRZAPUR,,,82.56986900000001,25.13435
,JHG,JHINGURA,,,82.6513464526,25.124474674400002
,PRE,PAHARA,,,82.7247816913,25.1197842638
,DAP,DAGMAGPUR,,,82.800991,25.098881000000002
,CAR,CHUNAR,,,82.874703,25.103351
,KYT,KAILAHAT,,,82.947581,25.155223
,ARW,AHRAURA ROAD,,,83.0188834607,25.1965007241
,JEP,JEONATHPUR,,,83.0618954504,25.2313981241
,NEWC,NEW WEST CABIN,,,83.10921,25.273789999999998
,PRKD,POWERKHEDA,,,77.747363,22.673479
,ITKL,ITAYAKALAN,,,77.5462,23.049837
Uttar Pradesh,KOZ,KOSMA,NCR,"Kosma, Uttar Pradesh",78.837282,27.156663
,MDDP,MANDI DIP,,,77.511077,23.093747
Tamil Nadu,KTM,KUTRALAM,SR,"Kuthalam, Tamil Nadu",79.557389,11.069825000000002
,NGN,NANDGAON,,,74.659526,20.307616
Assam,KTX,KATAKHAL JN,NFR,"Hailakandi, Assam",92.62706700000001,24.83436
Chhattisgarh,KRBA,Korba,SECR,"Korba, Chhattisgarh",82.71301299999999,22.337584
,ET,ITARSI JN,,,77.767128,22.608258
Karnataka,KSAR,KUDALA SANGAM,SWR,"NH 13, Karnataka",75.891059,16.306774
Karnataka,KIAT,KYATSANDRA,SWR,"Tumkur, Karnataka",77.1481127075,13.3161963923
,KSPR,KASHIPURA SARAR,,,73.145838,22.120085999999997
,CNT,CONTAI ROAD,,,87.33984000000001,22.078584
Orissa,KRMD,Kuarmunda,SER,"Sundargarh, Orissa",84.789851,22.286675000000002
,GEA,GHATERA,,,79.6733909,23.8293873
Andhra Pradesh,KQD,KHAIRATABAD DCN,SCR,"Hyderabad, Andhra Pradesh",78.46165,17.414221
,MHUL,Mehuwala Halt,,,75.31496800000001,29.411154
Rajasthan,ORKI,ORKI,NR,"National Highway 15, Rajasthan",73.891318,30.091597
Punjab,HYA,HADIAYA,NR,"Khudi Rd, Punjab",75.477006,30.337054
Jharkhand,MLQ,Malkera Junction,SER,"National Highway 32, Jharkhand",86.29694900000001,23.779733
Andhra Pradesh,KOHR,Kohir Deccan,SCR,"Telangana Region, Andhra Pradesh",77.71197699999999,17.608886
Haryana,HMQ,HIMMATPURA,NR,"Tohana, Haryana",75.860597,29.750497
West Bengal,NBKH,NABA GRAM KANKU,ER,"Nabagram Kakurhati, West Bengal",88.10026,23.661572
West Bengal,ABKA,AMBIKA KALNA,ER,"Kalna, West Bengal",88.353984,23.211377
West Bengal,KMAE,KHAMARGACHHI,ER,"Khamargachi, West Bengal",88.44421,23.054229
,IPPM,IPURUPALEM,,,80.38512200000001,15.851913000000001
Haryana,KNNK,Kanina Khas,NWR,"MDR 124, Haryana",76.300375,28.321248999999998
,NZD,NUZVID,,,80.96152799999999,16.649931
Uttar Pradesh,KNH,Konch,NCR,"Kocha, Uttar Pradesh",79.15770702,25.99510551
,VAT,VATLUR,,,81.044473,16.69451
West Bengal,HOJ,HAMITONGANJ,NFR,"Hamiltonganj, West Bengal",89.416841,26.688907
,KMKD,KHAMKHED,,,76.122339,20.904161000000002
,NSI,NIKURSINI,,,87.30618600000001,22.004654000000002
Punjab,KTKL,KOTLI KALAN,NR,"State Highway 12A, Punjab",75.297550556,30.0411022365
Orissa,JSRD,Jhankad Sarala Road,?,"Jhankad, Orissa",86.304284,20.290186
,DPT,Dalpat Singhpur,,,73.524416,29.929458
,BLDA,BELDA,,,87.33691374,22.07144398
,MAKR,MALKHERI,,,78.223009,24.169924
,DC,MAGUDANCHAVADI,,,77.987264,11.55092
,BJQ,BAGHORA,,,78.2603362,24.1358767
,KYE,KHURAI,,,78.33112799999999,24.051525
,SMRR,SUMRERI,,,78.399411,24.006945
Gujarat,KOY,KHEROL,WR,"State Highway 237, Gujarat",72.934133,23.310434
Gujarat,JLM,JALIYA MATH,WR,"State Highway 68, Gujarat",72.877596,23.227583000000003
,JRK,JERUWA KHERA,,,78.478729,23.973744999999997
,CV,KAVERI,,,77.760945,11.351027
,ISH,ISARWARA,,,78.548987,23.927214
,NOI,NARIAOLI,,,78.604147,23.89567
Haryana,KSI,Kosli,NWR,"Tumna Rd, Haryana",76.464704,28.411947
,RTZ,RATONA,,,78.685372,23.83539
,SGO,SAUGOR,,,78.74292,23.84735
Kerala,KUV,Kundara,SR,"Kundara, Kerala",76.67854899999999,8.960373
Delhi NCT,DEC,DELHI CANTT,NR,"Mayapuri Industrial Area Phase II/Lajwanti Garden, Delhi NCT",77.116577,28.613534
,MKRN,MAKRONIA,,,78.80807700000001,23.867050000000003
,LDA,LIDHORA KHURD,,,78.87232300000001,23.852972
,KYX,KARHIYA BHADELI,,,79.50456299999999,23.858463999999998
,GTY,GOLA PATI,,,79.738652,23.798776
,SAO,SAGONI,,,79.8114389709,23.811896152499997
,SYA,SALAIA,,,79.96911659119999,23.8460764217
Chhattisgarh,KMLR,Kamalur,ECoR,"Kamalur, Chhattisgarh",81.276887,18.854521000000002
,MJGP,MAJHGAWAN PHATA,,,80.3474740967,23.883133289299998
,KMZ,KATNI MURWARA,,,80.4014844,23.8343563
Jharkhand,KNPS,Kendposi,SER,"National Highway 75, Jharkhand",85.73248199999999,22.294845000000002
,BKO,BINDKI ROAD,,,80.580557,26.116562000000002
,KSQ,KANSPUR GUGAULI,,,80.625838,26.074302
Maharashtra,NGTN,NAGOTHANE,CR,"Raigad, Maharashtra",73.14076899999999,18.539932
Jharkhand,KNF,Khanudih,SER,"Bokaro, Jharkhand",86.19215700000001,23.820217999999997
,AGD,AGASOD,,,78.216912,24.234023
,KOA,KARONDA,,,78.265477,24.330273
,MXS,MOHASA,,,78.2889,24.378687
Haryana,KORI,Khori,NWR,"State Highway 26, Haryana",76.498091,28.187268
,DUA,DHAURA,,,78.321791,24.44965
,JLN,JAKHALAUN,,,78.341911,24.547359
,JRO,JIRON,,,78.361937,24.608534000000002
,LAR,LALITPUR,,,78.395791,24.688222
,DWA,DAILWARA,,,78.392945,24.78059
,JHA,JAKHAURA,,,78.400513,24.870821
,GKB,GHATAKA VARANA,,,76.160353,25.506883
Uttar Pradesh,LRD,LAR ROAD,NER,"Deoria, Uttar Pradesh",83.91018299999999,26.21389
Punjab,LHM,LEHRA MUHABBAT,NR,"National Highway 64, Punjab",75.162817,30.236037
,JL,JALGAON JN,,,75.56287499999999,21.018114999999998
,ARE,ARNETHA,,,76.01867416990001,25.3897784806
Maharashtra,LBG,LIMBGAON,SCR,"Huzur Sahib Nanded, Maharashtra",77.2061342529,19.176458097999998
,KPTN,KESHORAI PATAN,,,75.937733,25.324522
,GNCN,GURLA N CABIN,,,75.9046559998,25.2972303873
,HPR,HIRAPUR,,,74.9366600031,20.424540226700003
,GQLN,GURLA N,,,75.90029863459999,25.2936031538
Punjab,MASK,MAISAR KHANA,NR,"State Highway 12A, Punjab",75.13917000000001,30.099805
Gujarat,LKBL,LAKHABAWAL,WR,"Jamnagar, Gujarat",69.99951399999999,22.409215
,GQLW,GURLA W,,,75.8848308038,25.2903301845
Tamil Nadu,KZY,Kayalpattinam,SR,"Arumuganeri, Tamil Nadu",78.09973,8.566912
,GQL,GURLA,,,75.88526800000001,25.270233
,SNJL,SANJALI,,,72.98861337459999,21.5758091157
Uttar Pradesh,KURO,Korari,NR,"State Highway 38, Uttar Pradesh",80.529002,26.48788
,KSB,KOSAMBA JN,,,72.95459799999999,21.464052
,KCCN,KCCN,,,75.879265,25.239081
Rajasthan,KMNP,Kishan Manpura,NWR,"State Highway 19, Rajasthan",75.504945,27.299546000000003
,STN,SITARAMPUR,,,86.896472,23.723864
,TNW,THAPAR NAGAR,,,86.70137,23.769198
Bihar,MAI,MEHSI,ECR,"Mehsi, Bihar",85.096319,26.354898000000002
Karnataka,LMT,ALMATTI,SWR,"Bijapur, Karnataka",75.90050000000001,16.3459
Uttar Pradesh,KXK,Kharkhauda,NR,"State Highway 18, Uttar Pradesh",77.73904300000001,28.833444999999998
Andhra Pradesh,LKDU,Lankalakoderu,SCR,"Lankala Koderu, Andhra Pradesh",81.68124399999999,16.534517
Chhattisgarh,ABKP,AMBIKAPUR,SECR,"Surguja, Chhattisgarh",83.14510899999999,23.137032
Gujarat,LM,LIMBDI,WR,"Limbdi, Gujarat",71.789599,22.566039999999997
Uttar Pradesh,LGO,LalgopalGanj,NR,"Lal Gopalganj, Uttar Pradesh",81.630185,25.642195
,CI,CHHAPRA KACHERI,,,84.74709499999999,25.785987000000002
,GJH,GOLDINGANJ,,,84.827254,25.754174
West Bengal,LAP,Lohapur,ER,"Sagardighi Railway Station, West Bengal",87.963719,24.302357
,JAQ,JANDRAPETA,,,80.333681,15.809517
,CLX,CHIRALA,,,80.353602,15.830755
,VRVL,VIRAVALLI,,,80.912201,16.615947
Punjab,KUP,KUP,NR,"Kup Khurd, Punjab",75.852845957,30.6007316295
Uttar Pradesh,LLJ,LalGanj,NR,"Lalganj, Uttar Pradesh",80.973175,26.172392000000002
,CKB,CHAUTH KA BARWARA,,,76.14905300000001,26.051333
Rajasthan,CRKR,CHAURAKHERI,WCR,"Chaurakher, Rajasthan",77.12201900000001,24.567234000000003
Rajasthan,DXD,DIGOD,WCR,"Kota, Rajasthan",76.01539600000001,25.196344
West Bengal,KJME,KAJORAGRAM,ER,"Near Andal, West Bengal",87.18466500000001,23.615327
Maharashtra,MAE,Matheran,CR,"Matheran, Maharashtra",73.270911,18.989244
Rajasthan,MADA,Maonda,NWR,"State Highway 13, Rajasthan",75.827673,27.809478
,VRPD,VIRAPANDY ROAD,,,78.07458100000001,11.59699
,KBN,KARBIGWAN,,,80.502629,26.200502
,AUNG,AUNG,,,80.544495,26.16423
Maharashtra,LNN,LONAND,CR,"Jn Point Daund /Miraj /Pune, Maharashtra",74.190477,18.040769
,SLV,SANDALPUR,,,78.19639500000001,26.113488
,STLI,SITHOULI,,,78.18700399999999,26.145594
,GWL,GWALIOR JN,,,78.18229199999999,26.216483
,RRU,RAYARU,,,78.12986400000001,26.307454
,BAO,BANMOR,,,78.0989272,26.355565
Rajasthan,KXA,Kuanriya,NWR,"State Highway 12, Rajasthan",74.000153,25.130668
,NUB,NURABAD,,,78.078092,26.406043999999998
,SANK,SANK,,,78.059751,26.430519999999998
,MRA,MORENA,,,78.003442,26.500504
,HET,HETAMPUR,,,77.942969,26.611148
,GHER,GHER,,,77.950981,26.666953
,DHO,DHAULPUR,,,77.90604900000001,26.697592
Tamil Nadu,KZB,Kurumbur,SR,"Thoothukudi, Tamil Nadu",78.03964,8.585754999999999
Andhra Pradesh,NCU,Nallacheruvu,SCR,"Chennai - Anantpur Rd, Andhra Pradesh",78.17773399999999,14.020565
,MIA,MANIA,,,77.91964999999999,26.805806
,JJ,JAJAU,,,77.936725,26.934561
,BFP,BILOCHPURA AGRA,,,77.987169,27.202619000000002
Madhya Pradesh,LWS,LUKWASA,WCR,"Lukwasa, Madhya Pradesh",77.590102,25.110195
,RNKA,RUNKUTA,,,77.89793499999999,27.22285
,TKEC,TUGLAKABAD EAST CABIN,,,77.276461,28.547701
Uttar Pradesh,MALA,MALA,NER,"Pilibhit, Uttar Pradesh",79.916972,28.592851
Assam,MBO,Mairabari,NFR,"Nagaon, Assam",92.421058,26.450839000000002
Rajasthan,MAA,MAVAL,NWR,"National Highway 14, Rajasthan",72.70044,24.432277
Rajasthan,KWI,KIVARLI,NWR,"Shri Amirgadh, Rajasthan",72.8424186963,24.5405071601
,SLBN,SALAI BANWA,,,83.00889543950001,24.421213361299998
,NKJ,NEW KATNI JN,,,80.4204539438,23.8136370394
Tamil Nadu,MMM,MANDAPAM,SR,"National Highway 49, Tamil Nadu",79.157354,9.280516
Uttar Pradesh,MJHL,MAJADA HALT,NR,"Majada Halt, Uttar Pradesh",78.74320900000001,28.461762
Andhra Pradesh,MLMG,MALLEMADUGU,SCR,"Khammam, Andhra Pradesh",80.1605882117,17.3251381906
,RTGN,RATANGAON,,,79.8925106329,23.8365760851
,PTHD,PATOHAN,,,80.1904672913,23.914016508499998
Maharashtra,MLSU,MALSAILU,SCR,"Hingoli, Maharashtra",77.1232376385,19.8680489165
Punjab,ABS,ABOHAR,NR,"Abohar, Punjab",74.19568617739999,30.1393834225
Assam,MONJ,MONGLAJHORA,NFR,"Dhubri Kochugaon Rd, Assam",89.963309,26.259236
Uttar Pradesh,MHO,MAHPUR,NER,"Mahpur Bhimapar Marg, Uttar Pradesh",83.246984,25.605166
Madhya Pradesh,GSPR,GOSALPUR,WCR,"Jabalpur, Madhya Pradesh",80.059225,23.381806
Madhya Pradesh,MML,MADAN MAHAL,WCR,"Jabalpur, Madhya Pradesh",79.920425,23.159475
Karnataka,MLP,MALLAPUR,SWR,"State Highway 30, Karnataka",75.610219,15.672447
West Bengal,ABW,Abutara Halt,NFR,"Dinhata, West Bengal",89.5868746,26.0707762
,VGL,VAGHLI,,,75.074337,20.522648999999998
Andhra Pradesh,MGB,Mudigubba,SCR,"Mudigubba, Andhra Pradesh",77.994996,14.349934000000001
Rajasthan,MKSR,Mokalsar,NWR,"Mokalsar, Rajasthan",72.5180445245,25.625350216
Karnataka,MYK,MAYAKONDA,SWR,"State Highway 47, Karnataka",76.08138100000001,14.284214
Delhi NCT,DKZ,DELHI KISHANGANJ,NR,"Sarai Rohilla, Delhi NCT",77.201256,28.664731999999997
Gujarat,MORA,MORAIYA,WR,"National Highway 8A, Gujarat",72.454814,22.946834
Haryana,KRZ,KHARAWAR,NR,"Kharawar, Haryana",76.681044,28.83154
Maharashtra,MKDD,MUKUNDWADI HALT,SCR,"Aurangabad, Maharashtra",75.367553,19.859544
Maharashtra,ABX,AMBARI,SCR,"Kinwat, Maharashtra",78.2166847791,19.6893606972
,BQT,BAKTAR NAGAR,,,87.15689900000001,23.589945
,RNG,RANIGANJ,,,87.11698,23.602851
,NMC,NIMCHA,,,87.090288,23.626716
,KPK,KALIPAHARI,,,87.01593,23.6652
,ASNE,ASANSOL EAST,,,86.991176,23.686432
,ASN,ASANSOL JN,,,86.975152,23.691441
,BCQ,BARACHAK,,,86.92813299999999,23.706726
Madhya Pradesh,MIAL,Milaoli,NCR,"National Highway 3, Madhya Pradesh",78.120963,26.296423
Maharashtra,ZARP,ZARAP,KR,"Sindhudurg, Maharashtra",73.734105,15.94768
Bihar,MGI,Manigachi,ECR,"Darbhanga, Bihar",86.146605,26.213719
West Bengal,MHN,Mahanadi,NFR,"Pankhabari Rd, West Bengal",88.318628,26.882301000000002
Orissa,MKRD,Machhakunda,ECoR,"Padwa Rd, Orissa",82.666955,18.566875
Bihar,MHI,Manihari,NFR,"Manihari Railway Station, Bihar",87.6197250085,25.343215469
,TOU,TELAPROLU,,,80.890556,16.598822000000002
West Bengal,MDKD,MADHUKUNDA,SER,"Barakar, West Bengal",86.869091,23.626630000000002
,PMPR,PAMPORE,,,80.4835424152,26.2451000771
Maharashtra,MRJ,MIRAJ JN,CR,"Maniknagar Bypass, Maharashtra",74.638839,16.819946
,BHA,BHANDAI,,,77.96680748,27.06906445
Jammu and Kashmir,MNWL,MANWAL,NR,"Jandrah, Jammu and Kashmir",75.13222499999999,32.769105
,AGC,AGRA CANTT,,,77.990153,27.157992
,RKM,RAJA KI MANDI,,,77.996613,27.193811
,KXM,KITHAM,,,77.817054,27.253709
,FHT,FARAH TOWN,,,77.75808599999999,27.318183
Andhra Pradesh,MDVL,MANDAVALLI,SCR,"Mandavalli, Andhra Pradesh",81.1607440393,16.518809308199998
,FAR,FARAH,,,77.743659,27.334474
West Bengal,CPLE,CHINPAI,ER,"National Highway 60, West Bengal",87.46063699999999,23.839677000000002
,BAD,BAAD,,,77.68965184,27.3959406
,VRBD,VRINDABAN ROAD,,,77.622835,27.555461
,AJH,AJHAI,,,77.55842299999999,27.63615
,CHJ,CHATA,,,77.502978,27.711992000000002
,KSV,KOSI KALAN,,,77.445999,27.788551
,BNCR,BANCHARI,,,77.362553,27.953084999999998
Rajasthan,MJNL,MAJRI NANGAL,NWR,"State Highway 52, Rajasthan",76.554869,28.011996999999997
,DSPT,DANISHPET,,,78.1382563446,11.858919162400001
,SHLK,SHOLAKA,,,77.360583,27.973644
,PWL,PALWAL,,,77.34223200000001,28.151841
,AST,ASAOTI,,,77.323569,28.250878
,PYLA,PIYALA BLOCK HUT,,,77.317824,28.288129
,BVH,BALLABGARH,,,77.312775968,28.3408609239
,TNT,TINNAPPATTI,,,78.09880299999999,11.812422
,KPPR,KARUPPUR,,,78.090379,11.724176
,FDN,FARIDABAD NEW TOWN,,,77.30936799999999,28.376247999999997
,TKDC,TUGLAKABAD CABIN,,,77.303032,28.458853
,TKD,TUGLAKABAD,,,77.294046,28.511962999999998
Uttar Pradesh,MIN,Mihinpurwa,NER,"Mihinpurwa, Uttar Pradesh",81.38446715209999,28.0273441203
Maharashtra,MME,Mul Marora,SECR,"Mul, Maharashtra",79.65827900000001,20.053466
Punjab,MDPB,MADHOPUR PUNJAB,NR,"Madhopur, Punjab",75.594728,32.359168000000004
Punjab,GILA,GHIALA,NR,"MDR 42, Punjab",75.64393899999999,32.151615
Punjab,MEX,MUKERIAN,NR,"Mukerian, Punjab",75.61183799999999,31.941873
Rajasthan,MLC,MALKISAR,NWR,"Bikaner, Rajasthan",73.862645,28.654232
Rajasthan,KVJ,KESHAVGANJ,NWR,"Jawai Bandh, Rajasthan",73.07132899999999,24.856164
Bihar,NEMA,Nema Halt,?,"National Highway 22, Bihar",85.0722485132,25.409592285400002
Tamil Nadu,MV,MAYILADUTURAI JN,SR,"Mayiladuthurai, Tamil Nadu",79.62868,11.095237000000001
West Bengal,NILE,NIMTITA,ER,"NH-34, West Bengal",88.00764,24.625338
Gujarat,BLRD,BALA ROAD,WR,"State Highway 19, Gujarat",71.703754,22.80462
Maharashtra,MRTY,MURTI,SCR,"State Highway 169, Maharashtra",76.59157300000001,18.681887
Tamil Nadu,MCJ,MANJATTIDAL,SR,"Mela Kalkandar Kottai Tiruchchirappalli 620011, Tamil Nadu",78.731401,10.792057
,VG,VIRAMGAM JN,,,72.052968,23.129098
,RHNE,ROHINI,,,74.859800722,20.3628714458
,XSK,SOKALI,,,72.09033854249999,23.1031879212
,JKA,JAKHVADA,,,72.1353813153,23.0872076126
,VCN,VIROCHANNAGAR,,,72.1961836121,23.0784842293
,TGR2,BLOCK AND CATCH SIDING CABINE NO.2,,,73.499954,19.701406
Madhya Pradesh,MZH,MAUHARI,SECR,"Amarkantak Rd, Madhya Pradesh",81.769465,23.118661000000003
Karnataka,MVD,MULVAD,SWR,"Bijapur, Karnataka",75.746926,16.620372
Karnataka,NDV,NIDVANDA,SWR,"NH 207, Karnataka",77.2731255127,13.245141950999999
,CE,CHHARODI,,,72.2509186072,23.049123517599998
Bihar,MRHA,Murahara,?,"Murahara, Bihar",86.9345261145,24.9133804384
,WSE,VASAN IYAWA,,,72.3131250098,23.026557611799998
Orissa,NANR,Naranpur,ECoR,"Naranpur Railway Station, Orissa",85.63786800000001,21.617209
,SAU,SANAND,,,72.3847494653,23.024215821600002
,GGM,GORA GHUMA,,,72.454405,23.038847999999998
,ABD,AMBLI ROAD,,,72.494044,23.05437
,CLDY,CHANDLODIYA,,,72.543606,23.074516000000003
Rajasthan,NDH,Nindhar Benar,NWR,"Benad Rd, Rajasthan",75.7290964111,27.003881709799998
,KOTA,KOTA JN,,,75.8805,25.223553
,SBTF,SABARMATI F CABIN,,,72.57010600000001,23.085912
Uttar Pradesh,MTH,MATAUNDH,NCR,"National Highway 76, Uttar Pradesh",80.148507,25.418978
,NAD,NAGDA JN,,,75.41249099999999,23.45592
,KRSA,KHARSALIYA,,,73.55448093439999,22.7050879399
,DRL,DEROL,,,73.462158,22.630205
Karnataka,NDY,Nandi Halt,SWR,"Nandi, Karnataka",77.71248600000001,13.384141999999999
,BRC,VADODARA JN,,,73.181065,22.310756
,BKRL,BAKROL,,,73.4192042773,22.5881026822
,TNGR,THONGANUR,,,78.358665,12.082270000000001
,BDY,BUDDIREDDIPPATI,,,78.3127518,12.044658609999999
,BQI,BOMMIDI,,,78.2462805359,11.984698435
,LCR,LOKUR,,,78.174049,11.927787
Assam,MZQ,MAJGAON ASSAM,NFR,"National HIghway 31, Assam",90.57413700000001,26.430697
,CPN,CHAMPANER RD JN,,,73.393378,22.541916
,LAN,LOTANA,,,73.363557,22.523268
,SMLA,SAMLAYA JN,,,73.302104,22.483966
,AIR,ALINDRA ROAD,,,73.239854,22.440575
,PIO,PILOL,,,73.186675,22.39641
Jharkhand,MQX,MERALGRAM,ECR,"Garhwa, Jharkhand",83.70963400000001,24.19691
,CYI,CHHAYAPURI,,,73.179698,22.388284
Punjab,MYE,Mandhali,NR,"Mandhali, Punjab",75.831855,31.204703000000002
,SRWN,SARASWATINAGAR,,,81.603905,21.251382
Uttar Pradesh,MWF,MAGARDAHA,ECR,"Obra, Uttar Pradesh",82.905844,24.388752999999998
Madhya Pradesh,MFQ,MAHROI,WCR,"State Highway 10, Madhya Pradesh",80.919501,23.951414
Madhya Pradesh,LEK,LAKHAKHERA,WCR,"Lakhakhera, Madhya Pradesh",80.574139,23.7639
Andhra Pradesh,NDM,NIDAMANURU,SCR,"Vijayawada, Andhra Pradesh",80.730551,16.507237
Bihar,MTR,MOTIPUR,ECR,"National Highway 28, Bihar",85.1681972229,26.257038720999997
Jharkhand,MRLI,Murli Halt,ER,"Pakur, Jharkhand",87.77319899999999,25.017163
Chhattisgarh,MWRN,Madwarani,SECR,"Janjgir-Champa, Chhattisgarh",82.711553,22.165407000000002
,RXM,ROOMA,,,80.43035699999999,26.35704
Maharashtra,NIRA,NIRA,CR,"Satara, Maharashtra",74.20908244200001,18.1049649229
,ULT,KULTI,,,86.84886999999999,23.737816
Andhra Pradesh,MTV,Matalkunta,SCR,"Telangana Region, Andhra Pradesh",77.56294000000001,17.768291
,BRR,BARAKAR,,,86.818859,23.7416829
,KMME,KUMARDUBI,,,86.794065,23.747453
,MMU,MUGMA,,,86.747614,23.751414
,KAO,KALUBATHAN,,,86.661294,23.758149
,PKA,PRADHANKHUNTA,,,86.515977,23.772589999999997
Uttar Pradesh,MSTH,Misrikh Tirath,NR,"Sitapur, Uttar Pradesh",80.530303,27.422483999999997
Bihar,MRIJ,Murliganj,ECR,"Murliganj, Bihar",87.000446,25.888506
,DOKM,DOKRA HALT,,,86.480808,23.782884
,DHN,DHANBAD JN,,,86.428956,23.790966
Uttar Pradesh,MGWN,MAHGAWAN HALT,NR,"Nawab Yousuf Rd, Uttar Pradesh",82.69625099999999,25.817255999999997
Uttar Pradesh,DDD,DHONDHA DIH,NER,"MDR 94E, Uttar Pradesh",83.79552,25.672848
Maharashtra,KHED,KHED,KR,"Khed, Maharashtra",73.40881499999999,17.712059
Karnataka,AT,ASNOTI,KR,"Uttara Kannada, Karnataka",74.147683,14.876286
Andhra Pradesh,MTM,Machilipatnam,SCR,"Machilipatnam, Andhra Pradesh",81.137763,16.171258
,JN,JHUND,,,71.936146626,23.1606089618
,SADL,SADLA,,,71.850678,23.134597
,BDI,BHADLI,,,75.672912326,21.0236632507
,TRW,TARSOD,,,75.63321499999999,21.025557000000003
Maharashtra,OSA,AUSA ROAD,CR,"State Highway 77, Maharashtra",76.4079921729,18.3772296262
,KJ,KAJGAON,,,75.140405,20.573753
Rajasthan,NMD,NOMODA,WCR,"MDR 111, Rajasthan",76.57945000000001,26.280074
Maharashtra,HDGR,HADGAON ROAD,SCR,"Nanded, Maharashtra",77.722863,19.332338999999997
Gujarat,PRJ,PRANTIJ,WR,"National Highway 8, Gujarat",72.862688,23.439324000000003
,CSN,CHALISGAON JN,,,74.999049,20.464109
,BRGZ,VADODARA E CABIN,,,73.159395,22.363671
Bihar,NRV,NARIYAR,ECR,"Nariyaar, Bihar",85.217642,26.240375999999998
Uttar Pradesh,NRY,Nyoriya Husenpur,NER,"Neoria Husainpur, Uttar Pradesh",79.88966099999999,28.734528
Rajasthan,PPF,PIPLAJ,NWR,"Beawar, Rajasthan",74.377466,26.164809
Rajasthan,APA,AMARPURA,NWR,"Kharwa, Rajasthan",74.249302,26.110972999999998
Jharkhand,NUQ,NAGAR UNTARI,ECR,"Garhwa, Jharkhand",83.51416499999999,24.285735
,KSE,KOSAD,,,72.86573000000001,21.255892
Karnataka,SBC,BANGALORE CITY JN,SWR,"Bengaluru, Karnataka",77.56808299999999,12.977595
,TLD,TILDA,,,81.794586,21.550734
Karnataka,GED,GULEDAGUDDA RD,SWR,"SH 44, Karnataka",75.69565899999999,16.069516
Karnataka,NBL,NIMBAL,SWR,"Bijapur, Karnataka",75.859907,17.118384
Madhya Pradesh,NVG,Nawagaon,CR,"Nayagaon, Madhya Pradesh",78.436386,22.088704
Kerala,NIL,Nilambur Road,SR,"Nilambur, Kerala",76.254779,11.278805
Jharkhand,NOMD,Noamundi,SER,"National Highway 215, Jharkhand",85.513684,22.15311
Uttar Pradesh,ACH,Achalganj,NR,"Bithar, Uttar Pradesh",80.54541499999999,26.444642
Madhya Pradesh,OSRA,Osra,WR,"Madhya Pradesh, Madhya Pradesh",75.77929449999999,23.1782623
Andhra Pradesh,PAGM,Pennada Agraharam,SCR,"West Godavari, Andhra Pradesh",81.577652,16.541296
Assam,NLN,NAILALUNG,NFR,"TV Centre Road, Assam",93.3888097504,25.7743785055
,KDY,KETTANDAPATTI,,,78.57149100000001,12.626458
,UGD,UPPUGUNDURU,,,80.194463,15.650668
,CJM,CHINNA GANJAM,,,80.236773,15.689502
,KVDU,KADAVAKUDURU,,,80.2572977045,15.722540512
Assam,OTN,OATING,NFR,"National Highway 39, Assam",93.9872737866,26.429808896500003
Assam,NZR,NAZIRA,NFR,"Nazira Ali, Assam",94.72847999999999,26.905961
Tamil Nadu,NMN,Namanasamudram,SR,"Namunasamudiran, Tamil Nadu",78.777507,10.327487
Tripura,NPU,Nadiapur,NFR,"Nadiapur, Tripura",92.204092,24.385641000000003
Uttar Pradesh,NNX,NANAUTA,NR,"MDR 2W, Uttar Pradesh",77.442397,29.712202
,MTJ,MATHURA JN,,,77.67311699999999,27.480145
,ITRN,Itwari Jn (Ng),,,79.118302,21.156859
,BTSR,BHUTESHWAR,,,77.66784,27.501369999999998
,HDL,HODAL,,,77.38869,27.886147
,OKA,OKHLA,,,77.264825,28.559332
Uttar Pradesh,OEL,OEL,NER,"Oel, Uttar Pradesh",80.74816,27.819798
Uttar Pradesh,PD,PHARADAHAN,NER,"SH 21, Uttar Pradesh",80.631949,27.993457
,MOLK,MOLAKARAMPATTI,,,78.541815,12.466956
,KEY,KAGANKARAI,,,78.510114,12.412541
,KNNT,KUNNATHUR,,,78.49737599999999,12.360518
,SLY,SAMALPATTI,,,78.484032,12.311594
,DST,DASAMPATTI,,,78.438356,12.251026000000001
,MAP,MORAPPUR,,,78.393874,12.124073000000001
Uttar Pradesh,NSA,Nishangara,NER,"Uttar Pradesh, Uttar Pradesh",81.311271,28.112457
Karnataka,OGM,Oorgaum,SWR,"KGF, Karnataka",78.259747,12.95409
Orissa,NYG,Nayagarh,?,"National Highway 215, Orissa",85.433342,21.839609
Jharkhand,MHUR,Mohanpur,ER,"Mohanpur, Jharkhand",86.78564800000001,24.488460999999997
Tamil Nadu,ONR,Coonoor,SR,"Coonoor, Tamil Nadu",76.791337,11.343714
Andhra Pradesh,OBM,Obalapuram,SWR,"Bellary-Hiriyur Rd, Andhra Pradesh",76.836422,15.009799000000001
Chhattisgarh,KPRR,KOTAPAR ROAD,ECoR,"Bhansuli Kotpad PMGSY Rd, Chhattisgarh",82.30895,19.041434
,JTX,JATPIPLI,,,71.7022163385,23.076354329900003
,BAJN,BAJANA,,,71.77207677000001,23.10173524
,VSV,VASADVA,,,71.5952838086,23.0351625148
,DHG,DHRANGDHRA,,,71.4791076,22.9871651
,SUK,SUKHPUR,,,71.243815,23.014848
,HVD,HALVAD,,,71.1829095,23.0185158
,DHNL,DHANALA,,,71.084085,23.009171000000002
,DVY,DEVALIYA,,,71.01248185,23.02777493
,KHXB,KHAKHRECHI,,,70.90346000000001,23.056445
,WDHR,WADHARVA,,,70.828521,23.07645
,MALB,MALIYA MIYANA,,,70.75488469119999,23.103166868099997
,KATR,KATARIYA,,,70.604533,23.289037
,VONB,VONDH,,,70.399876,23.303951
,BCOB,BHACHAU BG,,,70.34497200000001,23.301391
,CHIB,CHIRAI BG,,,70.242149,23.208800999999998
,BMSB,BHIMASAR BG,,,70.174975,23.186504
,GIMC,GANDHIDHAM CABIN,,,70.150716,23.095023
Madhya Pradesh,PIP,PIPLIA,WR,"Panth Pipalia, Madhya Pradesh",75.007483,24.203692999999998
Maharashtra,PNF,PANGAON,SCR,"Pangaon, Maharashtra",76.635315,18.634293
Uttar Pradesh,PNRA,PANIARA,NER,"National Highway 29, Uttar Pradesh",83.525851,25.902065
Maharashtra,PRLI,PARLI VAIJNATH,SCR,"Parli-Vaijnath, Maharashtra",76.524424,18.853005
Himachal Pradesh,HRDR,HARSAR DEHRI,NR,"Harsar Dehri, Himachal Pradesh",76.03849100000001,32.104872
Gujarat,RKH,RAKHIYAL,WR,"Rakhiyal, Gujarat",72.903803,23.260621
Uttar Pradesh,PLK,PALIA KALAN,NER,"Palia Kalan, Uttar Pradesh",80.582392,28.426644
Tamil Nadu,KVL,KIZHELUR,SR,"THIRUKKANNANGUDI Rd, Tamil Nadu",79.743134,10.754287999999999
,SHU,SHOLINGHUR,,,79.484589,13.013974
Bihar,PPA,PIPRA,ECR,"National Highway 28, Bihar",84.98573499999999,26.489784
,SBT,SABARMATI JN,,,72.58928200000001,23.077545999999998
,SBTA,SABARMATI A CABIN,,,72.59293100000001,23.050805
,ANND,ANAND JN,,,72.965733,22.561307
,VXD,VADOD,,,73.00645,22.515278000000002
,VDA,VASAD JN,,,73.05999100000001,22.452351
,VS,VISHVAMITRI,,,73.178656,22.283932999999998
,MPR,MAKARPURA,,,73.175422,22.232706
,BSCN,BHUSAWAL C CABIN,,,75.821624,21.046545
Andhra Pradesh,PDL,PENDEKALLU,SCR,"Kurnool, Andhra Pradesh",77.647361,15.374513
,OLR,THRISSUR OLLUR HALT,,,76.237184,10.473341999999999
Karnataka,BDRL,BYADARAHALLI,SWR,"State Highway 17, Karnataka",76.7520832336,12.5019534049
Karnataka,Y,YELIYUR,SWR,"Bangalore-Mysore Rd, Karnataka",76.82957502260001,12.5106209267
,ACG,ACHEGAON,,,75.934247,20.976217
,CNBI,CHANDARI,,,80.360645,26.428098
,RPRL,RAPARLA HALT,,,80.16912099999999,15.619244
,KPLL,KOTTA PANDILA PALLI,,,80.281949,15.761413999999998
,VTM,VETAPALEMU,,,80.30065,15.783376
,IPPN,IPURUPALEM HALT,,,80.385512,15.852303000000001
Tamil Nadu,PUU,Punalur,SR,"Punalur, Tamil Nadu",76.916104,9.023336
Assam,HJI,HOJAI,NFR,"Hojai Rd. Ph:- 03674-252136., Assam",92.851752,26.001794
Rajasthan,RHI,Rakhi,NWR,"MDR 13, Rajasthan",72.5544692444,25.6871480115
Uttar Pradesh,MHBG,Mahadev Buzurg,NER,"Mahadeva Buzrug, Uttar Pradesh",82.87452,27.451000999999998
Bihar,PGC,Panchgachia,ECR,"Station Rd, Bihar",86.59822100000001,25.969294
,GDPT,GUDAPARTI,,,82.13113915769999,17.0281747457
,SLO,SAMALKOT JN,,,82.168724,17.044827
,PAP,PITHAPURAM,,,82.257512,17.11087
Andhra Pradesh,PGP,Panduranga Pura,SCR,"Manuguru, Andhra Pradesh",80.76459,17.718238
,GLP,GOLLAPROLU,,,82.290817561,17.1516644909
,MVRM,MALLAVARAM,,,82.3152851379,17.1810250515
,DGDG,DURGADA GATE,,,82.3489940906,17.2124765738
,RVD,RAVIKAMPADU,,,82.368151,17.230245
,ANV,ANNAVARAM,,,82.41967700000001,17.269633
Gujarat,PRTN,Pratapnagar,WR,"Vadodara, Gujarat",73.210289,22.281143
,TMPM,TIMMAPURAM,,,82.4504126416,17.288936392500002
,RGT,RAJGHAT HALT,,,87.15507600000001,21.764461999999998
Andhra Pradesh,RRJ,RAMARAJU PALLI,SCR,"Rayalaseema Region, Andhra Pradesh",77.61736699999999,15.041948
Kerala,KVTA,KARUVATTA HALT,SR,"Ashramam- Pulipra, Kerala",76.431242,9.316791
Gujarat,PLM,PANELI MOTI,WR,"Paneli Moti, Gujarat",70.15264699999999,21.874341
Rajasthan,RTGH,Ratangarh Junction,NWR,"Ratangarh, Rajasthan",74.6236025668,28.0665867073
,SBI,SABARMATI JN,,,72.587162,23.072985
Punjab,PMH,Parao Mahna,NR,"Mehna, Punjab",75.272772,30.811762
,GI,GUDUVANCHERI,,,80.057147,12.844886
,UPM,URAPPAKKAM,,,80.07175099999999,12.867247
,VDR,VANDALUR,,,80.08439299999999,12.89128
,PRGL,PERUNGULATTUR,,,80.095486,12.905451
Rajasthan,PLSN,Palsana,NWR,"Palsana, Rajasthan",75.38008,27.484876
Rajasthan,RNW,Renwal,NWR,"Kishangarh Renwal, Rajasthan",75.356234,27.149463
Gujarat,CTT,CHITRASANI,NWR,"Chitrasani, Gujarat",72.488653,24.267557999999998
Gujarat,IQG,IQBAL GADH,NWR,"Banaskantha, Gujarat",72.5337815405,24.3460328561
Gujarat,SZA,SAROTRA ROAD,NWR,"Sarotra, Gujarat",72.592045,24.377144
Rajasthan,NANA,NANA,NWR,"Nana, Rajasthan",73.110095,24.925895
,BBQ,BASIN BRIDGE JN,,,80.27122100000001,13.102361
,TMVL,TIRUMULLAIVAYIL,,,80.13704246809999,13.1155489623
,KBT,KADAMBATTUR,,,79.862172,13.099513
,TO,TIRUVALANGADU,,,79.763145,13.090096
Tamil Nadu,EL,ELAMANUR,SR,"NH 67, Tamil Nadu",78.57336000000001,10.879069
,SUBL,HUBLI SOUTH,,,75.17639000000001,15.332581
Uttar Pradesh,RR,RICHHA ROAD,NER,"State Highway 37, Uttar Pradesh",79.488904,28.717268999999998
Bihar,RGH,RAMGARHWA,ECR,"NH 28A, Bihar",84.7971486487,26.873842826500002
Rajasthan,SES,SEMARI,NWR,"MDR 11, Rajasthan",73.841822,24.07001
Tamil Nadu,PUC,PUDUCHATIRAM,SR,"NH 45A, Tamil Nadu",79.7303939545,11.5405299099
West Bengal,RHA,Ranaghat Junction,ER,"Ranaghat, West Bengal",88.568184,23.173344
Tamil Nadu,PVL,PASUPATIKOVIL,SR,"Ayyampet, Tamil Nadu",79.19204,10.884228
Rajasthan,RPZ,Ranapratapnagar,NWR,"Udaipur, Rajasthan",73.72805600000001,24.582417
Tamil Nadu,RAGM,RAJAGAMBIRAM,SR,"Rajagambeeram, Tamil Nadu",78.409255,9.725053
Tamil Nadu,CVD,CHAVADIPALAIYAM,SR,"SH 84, Tamil Nadu",77.800933,11.255404
Uttar Pradesh,RCRA,Ramchaura,NER,"National Highway 29, Uttar Pradesh",83.26840578,26.9979518998
Madhya Pradesh,RJAK,RAJNAGAR,NCR,"Rajnagar, Madhya Pradesh",79.8769002625,24.903476070500002
Bihar,DPL,DANAULI PHLWRIA,ECR,"Danauli Phlwria, Bihar",86.24940600000001,25.420471
Rajasthan,SFE,Sanodiya,NWR,"Hingonia, Rajasthan",75.279108,27.011243999999998
,BH,BHARUCH JN,,,72.997689,21.706907
,BDWD,BODWAD,,,76.017046,20.9035827
,KLHD,KOLHADI,,,76.058938,20.900243
Kerala,DMD,DHARMADAM,SR,"Kannur District, Kerala",75.46377,11.778949
Kerala,QLD,QUILANDI,SR,"Quilandi, Kerala",75.693924,11.446139
Rajasthan,SK,SAKHUN,NWR,"Ajmer, Rajasthan",75.0911894116,26.7380786343
Karnataka,HNHL,Harnahalli,SWR,"Harnahalli, Karnataka",75.45828601,14.04849031
,AJJ,ARAKKONAM,,,79.667991,13.081512
,AVN,ANAVARDIKHANPET,,,79.56735042999999,13.05050406
Andhra Pradesh,RMV,RAMAVARAPPADU,SCR,"Vijayawada, Andhra Pradesh",80.67971387700001,16.5262013806
,GOY,GOVINDPURI,,,80.313203,26.454423
,JTJ,JOLARPETTAI,,,78.57781999999999,12.560851999999999
,CPNL,KANPUR C PANEL,,,80.31806900000001,26.453654999999998
Gujarat,DEOR,DIYODAR,WR,"Banaskantha, Gujarat",71.770888,24.113489
Gujarat,PFL,PIPRALA,WR,"National Highway 15, Gujarat",71.097619,23.652483999999998
,GMC,KANPUR GOODS MARSHAL,,,80.33955999999999,26.452292
Maharashtra,RMP,RAHIMATPUR,CR,"Satara, Maharashtra",74.17217,17.612152
Orissa,RRP,Rairangpur,SER,"Mayurbhanj, Orissa",86.16420749999999,22.440956
,RJY,RAJAMUNDRY,,,81.783901,16.984159000000002
Uttar Pradesh,PTPR,Pratabpur,NER,"Pilibhit, Uttar Pradesh",79.8145455212,28.4764188903
Rajasthan,RSNR,Rai Singh Nagar,NWR,"Raisinghnagar, Rajasthan",73.450472,29.535956
Rajasthan,RNB,Ranpura,NCR,"Rajpura, Rajasthan",77.44262,26.579427
Chhattisgarh,RSA,Risama,SECR,"Durg Rajhara Rd, Chhattisgarh",81.324776,21.058881000000003
,TI,TIRUNINRAVUR,,,80.026949,13.123744
Andhra Pradesh,RLX,Ramanujampalli,SCR,"Ramanujampalli Station, Andhra Pradesh",77.87191,14.440531
,VEU,VEPPAMPATTU,,,79.998727,13.123937
,PLMG,PULIYAMANGALAM,,,79.6862378271,13.0834968254
,KSVM,KESAVARAM,,,81.879858,16.930994
,DWP,DWARAPUDI,,,81.922661,16.927556
Rajasthan,AWR,ALWAR,NWR,"Alwar, Rajasthan",76.62126500000001,27.559273
,APT,ANAPARTI,,,81.953181,16.935817
,BVL,BIKKAVOLU,,,82.031148067,16.9693168335
,PBD,PEDABRAMADVAM,,,82.078986,16.990821
,MPU,MEDAPADU,,,82.096133,17.005091
,CRPM,CHANDRAMPALEM,,,82.2231096558,17.085409527899998
,HVM,HAMSAVARAM,,,82.484867,17.309946999999998
,TUNI,TUNI,,,82.542462,17.361079999999998
,GLU,GULLIPADU,,,82.63345,17.409805
,NRP,NARSIPATNAM RD,,,82.724605,17.452852
,REG,REGUPALEM,,,82.790267,17.505201
,BVM,BAYYAVARAM,,,82.930592,17.660147
,KSK,KASIMKOTA,,,82.963751,17.673315
,AKP,ANAKAPALLE,,,83.00885099999999,17.695503
,THY,THADI,,,83.06429200000001,17.686438000000003
,DVD,DUVVADA,,,83.152059,17.703843
Maharashtra,ROL,Rajuli,SECR,"Rajoli, Maharashtra",79.703505,20.171116
Karnataka,MRB,MUNIRABAD,SWR,"Munirabad, Karnataka",76.335537,15.308524
Maharashtra,RTK,Ramtek,SECR,"Ramtek, Maharashtra",79.326499,21.400715
Chhattisgarh,RIM,Rajim,SECR,"Nawapara Nagar, Chhattisgarh",81.867426,20.969475
Punjab,SJNP,SUJANPUR,NR,"Sujanpur, Punjab",75.61346499999999,32.31198
Rajasthan,SGRA,SANGARIA,NWR,"Sangariya, Rajasthan",74.466053,29.792507999999998
,TBM,TAMBARAM,,,80.1191573807,12.926035689399999
,TBMS,TAMBARAM SANATORIUM,,,80.131614,12.937978000000001
,CMP,CHROMEPET,,,80.141157,12.951627
,PV,PALLAVARAM,,,80.152451,12.968273
Uttar Pradesh,JSR,JASRA,NCR,"Jasra, Uttar Pradesh",81.774617,25.280002
Karnataka,SBHR,Subrahmanya Road,SWR,"Nettana Railway Station, Karnataka",75.5576150342,12.7312724613
Assam,SCL,SILCHAR,NFR,"03842-263094, Assam",92.786795,24.830337999999998
West Bengal,SHM,KOLKATA SHALIMAR,SER,"Howrah/Kolkata, West Bengal",88.315615,22.555508
Maharashtra,SCO,SATUNA,SCR,"Satona, Maharashtra",76.34805200000001,19.494861
Jharkhand,SAPT,Sugapahari,ER,"Madhupur, Jharkhand",86.5687357202,24.278919666
Uttar Pradesh,SAF,SALKHAPUR,NR,"Kathiravan Paramalpatti Rd, Uttar Pradesh",82.680471,25.655084
,NGP,NAGPUR,,,79.089004,21.153567
,SKS,SALEKASA,,,80.493224,21.30163
Rajasthan,SOD,SOJAT ROAD,NWR,"Pali, Rajasthan",73.75567199999999,25.862203
Madhya Pradesh,SMV,Sumaoli,NCR,"State Highway 2, Madhya Pradesh",77.9154615387,26.372988907099998
Madhya Pradesh,SGRL,SINGRAULI,ECR,"Singrauli, Madhya Pradesh",82.642735,24.204257000000002
Uttar Pradesh,SKW,Sheikhupur,NER,"State Highway 33, Uttar Pradesh",79.10472999999999,28.003861999999998
Gujarat,SAK,Sak Bahadurpur,WR,"Vadodara, Gujarat",73.559848,22.178375
Bihar,SAHI,SATHI,ECR,"Paroraha, Bihar",84.503862,27.015884999999997
Uttar Pradesh,SFA,SANHERA HALT,NR,"Sunehra/Khekra, Uttar Pradesh",77.28233900000001,28.903375
Haryana,SFDE,SAFIDON,NR,"Safidon, Haryana",76.66142400000001,29.39793
Uttar Pradesh,SD,SIDHAULI,NER,"Sidhauli, Uttar Pradesh",80.837587,27.281001999999997
,MDVE,MAHENDRA VADI,,,79.51785100000001,13.022630999999999
,AMG,ALAMNAGAR,,,80.86031200000001,26.84708
Bihar,SDG,SAHADAI BUZURG,ECR,"Buzurg, Bihar",85.4550875531,25.6614908641
Orissa,SGDP,Sagadapata,ECoR,"Orissa, Orissa",85.909396,21.244692
,PNK,PANKI,,,80.236441,26.459172000000002
Assam,SLGR,SIMALUGURI JN,NFR,"way to SLGR, Assam",94.756816,26.917281
Uttar Pradesh,SG,SHAHGARH,NER,"Pilibhit, Uttar Pradesh",80.043015,28.559235
Maharashtra,MNI,MANGAON,KR,"Lonere - Mangaon, Maharashtra",73.275679,18.247286000000003
Assam,KXJ,Karimganj Junction,NFR,"Karimganj Town, Assam",92.373769,24.860717
Karnataka,HAA,HARWADA,KR,"Kochi - Panavel Rd, Karnataka",74.259657,14.740761999999998
Karnataka,ANKL,ANKOLA,KR,"Uttara Kannada, Karnataka",74.332936,14.645347
Uttar Pradesh,SDC,SAIDABAD,NER,"Handia, Uttar Pradesh",82.12019500000001,25.379137
,MS,CHENNAI EGMORE,,,80.260193,13.077677999999999
,KRV,KARAVADI,,,80.11315599999999,15.553014
,ANB,AMMANABROLU,,,80.148353,15.596402
,KAQ,KOLANUKONDA,,,80.604782,16.448173
,KCC,KRISHNA CANAL,,,80.604553,16.477152
Orissa,SPRM,Sitapuram Halt,ECoR,"Paralakhemundi, Orissa",83.982854,18.814443
Andhra Pradesh,SLPM,Shivalingapuram,ECoR,"Coastal Andhra Region, Andhra Pradesh",83.066187,18.196655
,BZA,VIJAYAWADA JN,,,80.61864800000001,16.518262
Tamil Nadu,RYC,Rayakkottai,SWR,"Hosur- Dharmapuri Highway, Tamil Nadu",78.027508,12.514891
,GALA,GUNADALA,,,80.667911,16.537426
Jharkhand,SBW,Shewbabudih,SER,"Sbewbabudi, Jharkhand",86.390668,23.659482
,MBD,MUSTABADA,,,80.73176799999999,16.546882
,GWM,GANNAVARAM,,,80.795715,16.555839
,PAVP,PEDDA AVUTAPALE,,,80.839432,16.562545
West Bengal,SDI,Sagardighi,ER,"Murshidabad District, West Bengal",88.105398,24.287789
Tamil Nadu,SDNR,Seydunganallur,SR,"Thoothukudi, Tamil Nadu",77.834992,8.639358
Gujarat,RUT,RATNAL,WR,"SH 46, Gujarat",69.897403,23.186898
,ERS,ERNAKULAM JN,,,76.290672,9.969541999999999
,DK,Dakor,WR,,73.15859180000001,22.747203
,MGLI,Mangli,,,79.666123,20.643535999999997
West Bengal,SVH,Sonadanga,ER,"National Highway 34, West Bengal",88.354092,23.636393
Jammu and Kashmir,SMBX,SAMBA,NR,"Ram Nagar, Jammu and Kashmir",75.120256,32.528358000000004
Madhya Pradesh,SEX,Seroni Road,NCR,"State Highway 23, Madhya Pradesh",76.88447099999999,25.943966000000003
Rajasthan,SOS,SOMESAR,NWR,"Somesar, Rajasthan",73.450999,25.520225999999997
Orissa,SUKU,Suku,ECoR,"State Highway 48, Orissa",82.726061,18.714329
,PWU,PARANUR,,,79.98366,12.730200000000002
,SKL,SINGAPERUMAL KOIL,,,80.0010589618,12.7624604323
,MMNK,MARAIMALAM NAGAR,,,80.019875,12.796619999999999
,CTM,KATTANGULATTUR,,,80.026118,12.805715
,POTI,POTHERI HALT,,,80.03693,12.820867999999999
,TLM,TRISULAM,,,80.166111,12.98064
,MN,MINAMBAKKAM,,,80.174625,12.98432
,PZA,PALAVANTHANGAL,,,80.186651,12.990115000000001
,STM,ST THOMAS MOUNT,,,80.199392,12.994906
,GDY,GUINDY,,,80.211922,13.007672000000001
,SP,SAIDAPET,,,80.224183,13.02415
,MBM,MAMBALAM,,,80.228164,13.038154
,MKK,KODAMBAKAM,,,80.231305,13.052565999999999
,NBK,NUNGAMBAKKAM,,,80.232742,13.065363
,MSC,CHENNAI CHETPAT,,,80.24337,13.074663000000001
Assam,SQF,SUKRITIPUR,NFR,"K Rd, Assam",92.582849,24.913078000000002
Tamil Nadu,SXR,SERNDANUR,SR,"National Highway 45C, Tamil Nadu",79.518251,11.869105000000001
Himachal Pradesh,PRAR,PAROR,NR,"National Highway 20, Himachal Pradesh",76.460155,32.08098
Karnataka,HNH,HANUMANAHALLI,SWR,"Hiretogaleri, Karnataka",75.9987814502,14.3589476214
Karnataka,SPGR,SAMPIGE ROAD,SWR,"Tumkur, Karnataka",76.760983,13.270203
Assam,SPX,SAPATGRAM,NFR,"Dhubri, Assam",90.10955799999999,26.334709
Punjab,SSZ,SADDA SINGHWALA,NR,"State Highway 12A, Punjab",75.32479556150001,30.0282558081
West Bengal,CWLE,CHOWRIGACHA,ER,"Chowrigacha Railway Station, West Bengal",88.18645099999999,23.942472
Rajasthan,LRU,LALPUR UMRI,WCR,"SH 1, Rajasthan",76.680536,26.429998
Rajasthan,MXL,MOKHOLI,WCR,"MDR 111, Rajasthan",76.460845,26.160967
Karnataka,TNGL,TORANAGALLU,SWR,"Toranagallu, Karnataka",76.66392400000001,15.203137
Karnataka,SVHE,SISVINHALLI,SWR,"Dharwad, Karnataka",75.3193615509,15.4300360491
West Bengal,LKX,LAKSHMIPUR,ER,"Lakshmipur Railway Station, West Bengal",88.302374,23.502512000000003
,MYGL,MIYAGAM KARJAN JUNCTION NG,,,73.119763,22.050131999999998
Uttar Pradesh,SWC,SHIVRAMPUR,NCR,"National Highway 76, Uttar Pradesh",80.82678299999999,25.219375000000003
Madhya Pradesh,SPDM,SINGHPUR DUMRA,NCR,"Singhpurdumra, Madhya Pradesh",79.8964954901,25.065781416
West Bengal,DMLE,DUMURDAHA,ER,"Dumurdahadham, West Bengal",88.43266200000001,23.040053
Rajasthan,SRZ,SARDARGARH,NWR,"Sri Ganganagar, Rajasthan",73.740791,29.364244000000003
Gujarat,DL,DALADI,WR,"Daladi, Gujarat",71.069304,22.585067
,BRGY,VADODARA D CABIN,,,73.159087,22.344458
Maharashtra,CSTM,MUMBAI CST,CR,"Mumbai, Maharashtra",72.836903,18.944481
,KNHN,KANTHAN JN,,,79.238908,21.225502000000002
,MLD,MALIHABAD,,,80.71503200000001,26.930598
,G,GONDIA JN,,,80.190842,21.462435
Madhya Pradesh,SYF,Semai,NCR,"State Highway 2, Madhya Pradesh",77.516308,26.282698
Rajasthan,SRTE,Soorothee,NCR,"Bari, Rajasthan",77.70277399999999,26.657818
,DBEC,DEVBALODA CHARODA,,,81.45049,21.21335
,SRR,SHORANUR JN,,,76.27219600000001,10.758854999999999
,LATI,LATIA CABIN,,,82.402106,22.027897
,BPH,BELPAHAR,,,83.84907630000001,21.827212300000003
Maharashtra,SSI,Shirsai,CR,"Daund-Baramati Rd Daund, Maharashtra",74.578044,18.314695999999998
,BSBP,BIR SHIBPUR,,,88.053112,22.473359000000002
,MRGM,MAURIGRAM,,,88.25607790219999,22.5801540304
Karnataka,SPV,Sivapur,SWR,"Bangalore Honavar Rd, Karnataka",75.939298,13.647065
Karnataka,SRF,Sagar Jambagaru,SWR,"Sagar, Karnataka",75.15471199999999,14.142728
Rajasthan,SMPA,Shampura,WCR,"Bhilwara, Rajasthan",75.233108,25.222941000000002
Uttar Pradesh,DXK,DHANA KHERLI,NCR,"Fatehpur Sikri, Uttar Pradesh",77.53577899999999,26.950169
Rajasthan,RBS,RUPBAS,NCR,"Roopvas, Rajasthan",77.5909632294,26.9903803821
Uttar Pradesh,FTS,FATEHPUR SIKRI,NCR,"Agra, Uttar Pradesh",77.670597,27.093989
Uttar Pradesh,PTLI,PATHAULI,NCR,"Agra Fort, Uttar Pradesh",77.924593761,27.1568431942
,TNR,TANGUTURU,,,80.033546,15.337535
,OGL,ONGOLE,,,80.057404,15.498064000000001
,RMW,ROSHAN MAU,,,79.984729,26.479318
,MTO,MAITHA,,,80.025181,26.476492
Goa,MAO,MADGAON,KR,"Madgaon. Ph:- 0832-2712790., Goa",73.97072399999999,15.267911000000002
Karnataka,SXB,SAMBRE,SWR,"Belagavi, Karnataka",74.593121,15.891067999999999
Maharashtra,SNE,SHENOLI,CR,"Shenoli Station, Maharashtra",74.252881,17.200729
Uttar Pradesh,SW,SEHRAMAU,NER,"State Highway 21, Uttar Pradesh",80.296582,28.360763
West Bengal,NKB,NAGRAKOTA,NFR,"Nagrakata, West Bengal",88.917581,26.885533
West Bengal,GRU,GAROPARA,NFR,"National Highway 31C, West Bengal",89.48526169979999,26.6574376742
Andhra Pradesh,SMLG,Shimiliaguda,ECoR,"Way to Araku, Andhra Pradesh",82.95710500000001,18.303639999999998
West Bengal,THP,Taherpur,ER,"State Highway 11, West Bengal",88.54311899999999,23.259379000000003
,VJM,VYASARPADI JEEVA,,,80.256873,13.108338
,PER,PERAMBUR,,,80.24453299999999,13.10702
Maharashtra,ADH,ANDHERI,WR,"Mumbai, Maharashtra",72.84685300000001,19.1174289
Maharashtra,SYE,Sindewahi,SECR,"Bhendala, Maharashtra",79.668805,20.2955
Gujarat,SSKL,Suskal,?,"State Highway 11, Gujarat",73.806077,22.316377000000003
Andhra Pradesh,SUP,Srungavarapukota,ECoR,"Srungavarapu kota, Andhra Pradesh",83.132531,18.116239
,CGL,CHENGALPATTU,,,79.981519,12.692863999999998
Uttar Pradesh,GOT,GOT,NER,"MDR 65W, Uttar Pradesh",78.82300099999999,28.870965
Uttar Pradesh,TKHA,TAKHA,NCR,"Takha, Uttar Pradesh",78.76725900000001,27.135742999999998
Himachal Pradesh,DMP,Dharampur Himachal,NR,"Dharampur, Himachal Pradesh",77.023914,30.900491
Maharashtra,TVL,TADWAL,SWR,"Mundhewadi, Maharashtra",75.975729,17.393190999999998
Rajasthan,UDZ,UDAIPUR CITY,NWR,"Udaipur, Rajasthan",73.699632,24.566862
Rajasthan,UMRA,UMRA,NWR,"State Highway 32, Rajasthan",73.771734,24.522588
Tamil Nadu,TT,TITTE,SR,"Thanjavur, Tamil Nadu",79.1834,10.844904
Jharkhand,TGB,Tangarbasuli,SER,"Ranchi, Jharkhand",85.0638054443,23.3740319962
Himachal Pradesh,KGMR,KANGRA MANDIR,NR,"Kangra, Himachal Pradesh",76.276521,32.09448999999999
Tamil Nadu,TOM,TONDAMANPATTI,SR,"Tondaimanpatti, Tamil Nadu",78.823761,10.786552
,KTSH,KOTMI SONAN HLT,,,82.360215,22.024158
Tamil Nadu,TRB,TIRUVERUMBUR,SR,"Thiruverumbur, Tamil Nadu",78.776419,10.787167
Madhya Pradesh,PPI,PIPARIYA,WCR,"Piparia, Madhya Pradesh",78.354538,22.753941
Madhya Pradesh,MWA,MANDWA,CR,"East Nimar, Madhya Pradesh",76.389861,21.517291
Madhya Pradesh,NPNR,NEPANAGAR,CR,"East Nimar, Madhya Pradesh",76.397032,21.463933
Gujarat,UA,UPLETA,WR,"Dist. Rajkot, Gujarat",70.282434,21.746916
Maharashtra,SAV,SAVDA,CR,"Jalgaon, Maharashtra",75.91065900000001,21.111116
Karnataka,HSD,HOSDURGA ROAD,SWR,"Nilagiri Rd, Karnataka",76.1332331232,13.8632737545
Andhra Pradesh,TKU,Tanakallu,SCR,"Tanakallu, Andhra Pradesh",78.201224,13.922427
,SKM,SINGARAYAKONDA,,,80.027126,15.253117999999999
,AAP,AMBIAPUR,,,79.826878,26.515363999999998
,TPT,TIRUPATTUR JN,,,78.561419,12.497951
Andhra Pradesh,VLD,Vayalpad,SCR,"Vayalpadu, Andhra Pradesh",78.624967,13.634506
,CAM,CHHOTA AMBANA,,,86.57461305,23.762753179999997
Karnataka,PKL,PAPINAYAKNAHALI,SWR,"Bellary, Karnataka",76.490876,15.236108999999999
,LTI,LATTERI,,,79.06525500000001,12.966994
Chhattisgarh,TPQ,Topokal,ECoR,"Raikot, Chhattisgarh",81.878645,19.007080000000002
,KVN,KAVANUR,,,78.96927299999999,12.948577
Andhra Pradesh,CLE,CHINTALPALLI,SCR,"Narsampet Rd, Andhra Pradesh",79.701487,17.914855999999997
,GYM,GUDIYATTAM,,,78.916157,12.937470999999999
,JJK,JHINJHAK,,,79.734225,26.554994
,VLT,VALATHOOR,,,78.839324,12.889517
Jammu and Kashmir,UHP,UDHAMPUR,NR,"Railway road, Jammu and Kashmir",75.154881,32.92664
,MPI,MELPATTI,,,78.797049,12.859507
,AB,AMBUR,,,78.721266,12.782934
,VGM,VINNAMANGALAM,,,78.67871600000001,12.728899
,VN,VANIYAMBADI,,,78.621651,12.678487
Maharashtra,TAZ,TARGAON,CR,"Satara, Maharashtra",74.155817,17.514242
Uttar Pradesh,TLR,Tulsipur,NER,"Tulasipur, Uttar Pradesh",82.4114096783,27.531769928899998
,SAN,SANDILA,,,80.517354,27.059455
Jharkhand,TLE,Talgaria,SER,"National Highway 32, Jharkhand",86.335511,23.681625999999998
,RBD,RAHIMABAD,,,80.600638797,26.9993432467
Maharashtra,KFD,KARANJADI,KR,"Raigad, Maharashtra",73.404252,17.998115
,MEH,MELALATHUR,,,78.875384,12.917803000000001
Assam,TII,Tingrai,NFR,"National Highway 38, Assam",95.535143,27.464468
Gujarat,UM,UMARDASHI,WR,"Chitrasani, Gujarat",72.4205625555,24.1003209724
,VJ,VIRINCHIPURAM,,,79.024717,12.961297
,GIMB,GANDHIDHAM BG,,,70.14775399999999,23.069086
,MAS,CHENNAI CENTRAL,,,80.27485630000001,13.0847613
,PEW,PERAMBUR LOCOMOTIVE WORKS,,,80.225105,13.107826
,SPAM,SENJI PANAMBAKKAM,,,79.83276000000001,13.093945
Uttar Pradesh,THBN,THANA BHAWAN,NR,"Thana Bhawan, Uttar Pradesh",77.4104337677,29.592663211399998
Maharashtra,TEP,Tempa,SECR,"Tempa, Maharashtra",79.60522300000001,20.678242
Tamil Nadu,MUQ,MARUDUR,SR,"Nagappattinam - Trichy - Karur- Coimbatore - Mettupalayam - Ooty - Gundlupet Road(Vandikara Street), Tamil Nadu",78.45029299999999,10.914737
Andhra Pradesh,VMD,Vadlamannadu,SCR,"Krishna, Andhra Pradesh",81.098875,16.300176
Andhra Pradesh,UNDI,UNDI,SCR,"West Godavari, Andhra Pradesh",81.46418718439999,16.580375476
Bihar,EKH,EKSARI HALT,ECR,"Eksari, Bihar",85.889325,25.134973
Karnataka,TLS,Bettahalsoor,SWR,"Bengaluru, Karnataka",77.60618600000001,13.166875999999998
Andhra Pradesh,TPY,Tadakalpudi,SCR,"Kothagudem To Bhadrachalam Rd, Andhra Pradesh",80.532205,17.530163
Maharashtra,UDGR,Udgir,SCR,"Dist. Latur, Maharashtra",77.1099430353,18.3906018255
Tamil Nadu,KZT,KULITTHURAI,SR,"Marthandam, Tamil Nadu",77.218817,8.302348
,PTM,PADALAM,,,79.95084399999999,12.590197
,OV,OTIVAKKAM,,,79.97565300000001,12.623128
,TRX,TIRUMANI,,,79.988514,12.670639
Maharashtra,UKH,UKHALI,SCR,"State Highway 169, Maharashtra",76.60581400000001,18.912675
Jharkhand,VAA,Bhaga Junction,SER,"Jamadoba, Jharkhand",86.405555,23.723330999999998
,SAE,SIMARIA,,,86.013734,25.410723
,KZJT,KAZIPET TOWN,,,79.517705,17.983151
,KZJE,KAZIPET E CABIN,,,79.561183,17.975697
Tamil Nadu,VLR,VELLORE CANT,SR,"Vellore-632001, Tamil Nadu",79.127493,12.910718
Uttar Pradesh,UGP,UGARPUR,NCR,"Ugarpur, Uttar Pradesh",79.511652,27.351481
Gujarat,VAN,Vadhvana,WR,"Vadodara, Gujarat",73.487264,22.152185
Tamil Nadu,VDL,VITHISVARANKOL,SR,"Pullirukkuvelur, Tamil Nadu",79.703785,11.195825000000001
Uttar Pradesh,AO,AONLA,NR,"Dist. Bareilly, Uttar Pradesh",79.16915,28.296051
Uttar Pradesh,DBR,DABHAURA,NCR,"Dabhaura, Uttar Pradesh",81.30312500000001,25.11793
Madhya Pradesh,NU,NARSINGHPUR,WCR,"Narsimhapur, Madhya Pradesh",79.214385,22.943112
Madhya Pradesh,GAR,GADARWARA,WCR,"Narsinghpur, Madhya Pradesh",78.79173399999999,22.899459
,JUH,JUJHARPUR,,,77.75641,22.604976999999998
,KMNN,KHAMANON,,,76.48869499999999,30.775754
,AMLO,AMLO,ECR,,85.98023400000001,23.768893
Karnataka,AMSA,AMMASANDRA,SWR,"Tumkur, Karnataka",76.71148570000001,13.264571
Gujarat,GRJA,GORINJA,WR,"Khambhalia-Dwarka (SH 6), Gujarat",69.0411941809,22.1759911277
,GTW,GATORA,,,82.22767,22.053427000000003
Tamil Nadu,VEI,VELLIYANI,SR,"Dindigul - Guziliamparai - Karur Rd, Tamil Nadu",78.114795,10.841
,DLQ,DALELNAGAR,,,80.419624,27.118537
Maharashtra,VID,VILAVADE,KR,"Ratnagiri, Maharashtra",73.619321,16.785593
Karnataka,KT,KUMTA,KR,"Kumta, Karnataka",74.420652,14.436871
,PHD,PHAPHUND,,,79.5542552124,26.632118317699998
,KNS,KANCHAUSI,,,79.6354260596,26.59792371
Karnataka,VTE,Venkatagiri Kote Halt,SWR,"National Highway 7, Karnataka",77.73159,13.32831
Assam,AGI,AMGURI,NFR,"Amguri, Assam",94.524011,26.812601
,APB,ANUPPAMBATTU,,,80.23076900000001,13.304293
,PON,PONNERI,,,80.19879900000001,13.332319
,KVP,KAVARAIPPETTAI,,,80.146879,13.36347
,GPD,GUMMIDIPUNDI,,,80.123431,13.409631
,ELR,ELAVUR,,,80.11617799999999,13.458350999999999
,AKM,ARAMBAKKAM,,,80.074371,13.532686
,TADA,TADA,,,80.035435,13.587948
Karnataka,AP,ASHOKAPURAM,SWR,"Mysore, Karnataka",76.635315,12.273762000000001
,AKAT,AKKAMPET,,,80.0188634064,13.6491060718
,SPE,SULLURUPETA,,,80.018161,13.696463
,PEL,POLIREDDIPALEM,,,79.9800264775,13.7594908008
Uttar Pradesh,ALY,ALLAHABAD CITY,NER,"Allahabad(0532-1072), Uttar Pradesh",81.829736,25.442410000000002
,DVR,DORAVARI CHATRAM,,,79.951308,13.814297
Maharashtra,VRB,VISHRAMBAG,CR,"Sangli, Maharashtra",74.602231,16.850569999999998
,NYP,NAYADUPETA,,,79.900898,13.908321
Bihar,UWNR,Udwant Nagar Halt,ECR,"State Highway 12, Bihar",84.61131300000001,25.496532000000002
,PYA,PEDAPARIYA,,,79.875372,14.021481
,ODUR,ODUR,,,79.855368,14.072185000000001
,GDR,GUDUR JN,,,79.845121,14.148227
,MBL,MANUBOLU,,,79.87707,14.226551
,KMLP,KOMMARAPUDI,,,79.893501,14.257776999999999
,DIG,DUGGIRALA,,,80.62356999999999,16.327559
Maharashtra,URR,Umred,SECR,"Umred, Maharashtra",79.330741,20.850672
Tamil Nadu,TYM,Tirumayam,SR,"Pudukkottai, Tamil Nadu",78.759423,10.246016
Uttar Pradesh,UCR,Unchahar Junction,NR,"Unchahar, Uttar Pradesh",81.30014299999999,25.902315
,GBHA,GAROBIGHA HALT,?,,85.46715300000001,24.826792
Madhya Pradesh,AMX,Amlakhurd,SCR,"MSH 6, Madhya Pradesh",76.65068500000001,21.510235
,TVNL,TIRVNLNLUR ROAD,,,79.380205,11.798583
,KDMD,KANDAMBAKKAM,,,79.386975,11.811502
,VM,VILLUPURAM JN,,,79.500101,11.942971
,MYP,MUNDILYAMPAKKAM,,,79.5116865137,11.995680489400002
,VVN,VIKRAVANDI,,,79.538038,12.037928
,PEI,PERANI,,,79.552577,12.104212
,NMO,NEDI MOLLYANUR,,,79.56707,12.128075
,MTL,MAILAM,,,79.60220000000001,12.160501
,TMV,TINDIVANAM,,,79.65133499999999,12.229410999999999
,PCLM,PANCHALAM,,,79.691931,12.275612
,OLA,OLAKUR,,,79.72191900000001,12.306462999999999
,KSGL,KARASANGAL,,,79.749958,12.333838
,TZD,TOZHUPPEDU,,,79.783575,12.367080999999999
,ACK,ACHARAPAKKAM,,,79.821722,12.406776
,MLMR,MELMARUVATTUR,,,79.83380100000001,12.429554
Bihar,VPH,Vachaspati Nagar,ECR,"National Highway 57, Bihar",86.325158,26.400204
,PQM,PAKKAM,,,79.850569,12.465125
Gujarat,VTL,Vadtal Swaminarayan,WR,"Vadtal, Gujarat",72.876748,22.591636
,MMK,MADURANTAKAM,,,79.89308700000001,12.50442
Maharashtra,GMN,GOREGAON,WR,"Mumbai, Maharashtra",72.849389,19.164447
Assam,WDA,WADRENGDISA,NFR,"Diakkawn Rd, Assam",93.177527,25.263973
Rajasthan,BAF,Bap,?,"Jodhpur, Rajasthan",72.32740791990001,27.2881821763
Punjab,AHH,AHMADGARH,NR,"Ahmedgarh, Punjab",75.829518,30.683642000000003
Rajasthan,AGE,Angai,NCR,"Angai, Rajasthan",77.46692,26.606593
Maharashtra,AHI,ASHTI,CR,"State Highway 161, Maharashtra",75.4030697949,17.8447367757
Tamil Nadu,ALP,ALAPAKAM,SR,"NH 45A, Tamil Nadu",79.7272273724,11.6178033436
Maharashtra,BANL,BHATANGLI,?,"MSH3, Maharashtra",76.678145,18.446006999999998
Maharashtra,AMW,AMAN VADI,SCR,"Washim, Maharashtra",77.065281,20.300507
Tamil Nadu,AYM,ADIYAKKAMANGALAM,SR,"Thiruvarur, Tamil Nadu",79.68058,10.756748
Gujarat,ASV,ASARVA JN,WR,"Ahmedabad, Gujarat",72.612937,23.043981000000002
Tamil Nadu,AMT,AMMAPET,SR,"Ammapet, Tamil Nadu",79.31573800000001,10.779506
Punjab,ATT,ATARI,NR,"Atari, Punjab",74.607241,31.594934000000002
Rajasthan,JJA,JAJAN PATTI,WCR,"State Highway 33, Rajasthan",77.573854,27.354893999999998
Tamil Nadu,ARS,ARASUR,SR,"NH 45A, Tamil Nadu",79.72470399999999,11.270467
Rajasthan,KNDP,KHANDIP,WCR,"State Highway 1, Rajasthan",76.911821,26.641030999999998
Karnataka,YDM,Yedamangala,SWR,"Panja Kadaba Rd, Karnataka",75.44308500000001,12.714668
Rajasthan,NNW,NARAYANPUR TATWAR,WCR,"Sawai Madhopur, Rajasthan",76.635578,26.344258999999997
Maharashtra,BA,BANDRA,WR,"Mumbai, Maharashtra",72.84045439,19.05445443
Gujarat,AEJ,ARNEJ,WR,"Arnej, Gujarat",72.268322,22.582088000000002
,NPKM,NANDIYAMPAKKAM,,,80.2758,13.268080999999999
Madhya Pradesh,DDCE,DUNDI,WCR,"Dundi, Madhya Pradesh",80.21665700000001,23.557854000000003
Madhya Pradesh,GRO,GURRA,WCR,"Itarsi, Madhya Pradesh",77.86729,22.632067
,KVZ,KAVALI,,,79.988271,14.915993
,TTU,TETTU,,,80.00582100000001,15.042824
,UPD,ULAVAPADU,,,80.01336400000001,15.167112
Madhya Pradesh,KTZ,KHUTWANSA,WCR,"Hoshangabad, Madhya Pradesh",77.602425,22.545189
Madhya Pradesh,KKN,KHIRKIYA,WCR,"State Highway 15, Madhya Pradesh",76.85944699999999,22.166444000000002
Gujarat,BALI,Bhaili,WR,"Vadodara, Gujarat",73.1319768447429,22.266245011489417
Tamil Nadu,ATQ,Arantangi,SR,"Aranthangi, Tamil Nadu",78.99684813804924,10.164469056963739
West Bengal,AGAE,AGRADWIP,ER,"Agradwip, West Bengal",88.22611699999999,23.58096
,DSNR,DASHNAGAR,,,88.3078029926,22.5986336217
,TPKR,TIKIAPARA,,,88.324322,22.599036
Gujarat,AMLP,Amalpur,WR,"Vadodara, Gujarat",73.508313,22.161144
Rajasthan,AUS,Anupshahr,NWR,"Anupshaher Rd, Rajasthan",75.21122979931533,28.947951113517377
Rajasthan,ASLU,Aslu,NWR,"National Highway 65, Rajasthan",75.07484199999999,28.368987999999998
,GHSR,GHASARA HALT,,,79.360808,26.72284
,ULD,ACHALDA,,,79.404392,26.701949
Haryana,AEL,Ateli,NWR,"Dist. Mahendragarh, Haryana",76.25310499999999,28.100118
Maharashtra,WTR,WATHAR,CR,"Satara, Maharashtra",74.135767,17.89054
Maharashtra,WLH,VALHA,CR,"Indraprastha Rd, Maharashtra",74.1605539337,18.1836347437
West Bengal,BAAR,Bandar P.H.,?,"Haldia, West Bengal",88.086816,22.052122
Gujarat,AE,Amreli,WR,"Amreli, Gujarat",71.228012,21.607831
,MST,MASIT,,,80.257914,27.269928999999998
,BGH,BAGHAULI,,,80.296314,27.228081
Maharashtra,TPND,TALOJA PANCHAND,CR,"Navi Mumbai, Maharashtra",73.087316,19.078901
Maharashtra,ADVI,ADAVALI,KR,"Ratnagiri, Maharashtra",73.592514,16.921753
Karnataka,AGL,AMARGOL,SWR,"Hubli, Karnataka",75.09820837459999,15.4117921224
Rajasthan,AS,ARJANSAR,NWR,"Bikaner, Rajasthan",73.87196899999999,28.933796
Bihar,BAKT,Barhara Kothi,ECR,"Purnia, Bihar",87.09631900000001,25.776942
Uttar Pradesh,CM,Campierganj,NER,"National Highway 29, Uttar Pradesh",83.267384,27.05777
Gujarat,DB,Dabhoi Junction,WR,"Dabhoi, Gujarat",73.415466,22.137755
,ULU,ULUNDURPET,,,79.317787,11.702177
Chhattisgarh,AGZ,AMAGURA,ECoR,"Markel, Chhattisgarh",82.147342,19.068103
Chhattisgarh,AGB,AMBAGAON,ECoR,"Ambagaon, Chhattisgarh",82.239507,19.062527
,MYKR,MATYAKHERI HALT,,,74.951915,24.309449
Uttar Pradesh,BBLK,B L DASPURI,NCR,"B L Daspuri, Uttar Pradesh",79.36351860779999,27.316999355900002
Tamil Nadu,ARV,ARNI ROAD,SR,"Kalambur, Tamil Nadu",79.209033,12.630801
Rajasthan,BARI,Bari,NCR,"Bari, Rajasthan",77.61817468,26.65005846
Punjab,BAT,Batala Junction,NR,"Batala, Punjab",75.1944316,31.8214816
Maharashtra,BBV,BABHULGOAN,CR,"State Highway 161, Maharashtra",75.383427,17.778326000000003
Uttar Pradesh,ASI,Arseni,NR,"MORADABAD, Uttar Pradesh",80.39386,27.243104
Tamil Nadu,APE,ANDANAPPETTAI,SR,"Pappakoil, Tamil Nadu",79.84409600000001,10.758823
Madhya Pradesh,BEHR,BEOHARI,WCR,"Beohari, Madhya Pradesh",81.3797154,24.0002687
Karnataka,ARNH,Arjunahalli,SWR,"Arjunahalli, Karnataka",76.391729,12.512857
Uttar Pradesh,BFG,Bagthar,NCR,"Bandh, Uttar Pradesh",77.52218902999999,26.79623183
Madhya Pradesh,BBAR,BARA,WCR,"Mahroi, Madhya Pradesh",81.21186200000001,24.001215
West Bengal,BDYP,Bidyadharpur,ER,"Bidyadharpur, West Bengal",88.452872,22.425122
Haryana,ASAN,ASAN,NR,"Panipat, Haryana",76.882594,29.40129
Gujarat,ATUL,ATUL,WR,"Valsad, Gujarat",72.9271335858,20.544593354
Assam,AONI,Amoni,NFR,"Amoni, Assam",92.91960900000001,26.448121
,HRI,HARDOI,,,80.147877,27.399414
Bihar,BBE,BAGHI BARDIHA,ECR,"Baghi Bardiha, Bihar",85.623332,24.953077
Bihar,BFX,BAGHI GHAUSPUR,ECR,"Baghi Ghauspur, Bihar",85.684033,25.051952
Karnataka,BDV,BADANAVALU,SWR,"Nanjungudu-Chamarajanagara Rd, Karnataka",76.74904447,12.075565500000002
,PGU,PADUGUPADU,,,79.989954,14.496976
,KJJ,KODAVALURU,,,79.99490800000001,14.564331
,TMC,TALAMANCHI,,,79.998171,14.607124
,AXR,ALLURU ROAD,,,79.989036,14.710541
,BTTR,BITRAGUNTA,,,79.98314599999999,14.768584800000001
,SVPM,S VENKTESWRPALM,,,79.982262,14.806671
,KPO,KARANPURA,,,76.7783649164,27.1230467855
,BUDA,BHUDA,,,76.8145379749,27.1289860174
,MURD,MANDAWAR MAHUA RD,,,76.8508226947,27.1560976594
Uttar Pradesh,ANDN,Anand Nagar,NER,"Pharenda, Uttar Pradesh",83.270698,27.103714
,GOS,GHOSRANA,,,76.90338,27.179904
,DTF,DANTLA,,,76.9610701135,27.1971512117
,KL,KHERLI,,,77.0364244739,27.2002567722
Andhra Pradesh,ARK,Arakku,ECoR,"Araku, Andhra Pradesh",82.86256,18.333991
,TBL,TARCHERRA BRLRM,,,77.104134,27.205008000000003
,NBI,NADBAI,,,77.2080875122,27.213674308399998
,PPEA,PAPRERA,,,77.308829,27.226004
,HK,HELAK,,,77.378757,27.234442
,BTE,BHARATPUR JN,,,77.488613,27.237106999999998
Madhya Pradesh,ATR,Attar,WR,"East Nimar, Madhya Pradesh",76.204918,21.998734000000002
,NHB,NOH BACHHAMDI,,,77.546395,27.223368999999998
,IK,IKRAN,,,77.608741,27.211065
,CIK,CHIKSANA,,,77.663925,27.199896
Tamil Nadu,ANY,Arumuganeri,SR,"Arumuganeri, Tamil Nadu",78.091842,8.579144
Bihar,BAKA,Banka,?,"Banka, Bihar",86.91169348999999,24.8659010332
,AH,ACHHNERA JN,,,77.7578389026,27.1817602284
,TDL,TUNDLA JN,,,78.233285,27.207747
Karnataka,BAW,CHIK BANAVAR,SWR,"Bengaluru, Karnataka",77.50634099999999,13.073539
,PVN,PAVUNUR,,,79.31580600000001,11.600544
Haryana,BFN,Bugana,NR,"National Highway 65, Haryana",75.8278150574,29.258822195
Karnataka,ANF,Anandapuram,SWR,"Anandapuram, Karnataka",75.209164,14.073324
Odisha,BBN,Barbil,SER,"Kiriburu, Odisha",85.36905800000001,22.104577
,HNG,HIRANGAON,,,78.31461900000001,27.175703000000002
,FZD,FIROZABAD,,,78.386691,27.147415
,MNR,MAKKHANPUR,,,78.4715,27.119485
,SKB,SHIKOHABAD JN,,,78.57495499999999,27.085686
,KAA,KAURARA,,,78.664813,27.029
,BDN,BHADAN,,,78.73749459999999,26.9793918
,BBL,BALRAI,,,78.8237102228,26.9205023929
,JGR,JASWANTNAGAR,,,78.893731,26.872978000000003
,SB,SARAI BHOPAT,,,78.94470899999999,26.837847
,ETW,ETAWAH,,,79.021502,26.785970000000002
,EKL,EKDIL,,,79.116455,26.76628
,BNT,BHARTHANA,,,79.2163612,26.7502248
Goa,DBM,DABOLIM,SWR,"Mormugao, Goa",73.849937,15.389334
Rajasthan,AUWA,AUWA,NWR,"Somesar, Rajasthan",73.564613,25.665207000000002
,JP,JAIPUR,,,75.786923,26.920203
West Bengal,BEB,Beldanga,ER,"Beldanga, West Bengal",88.2429681,23.9320594
Maharashtra,BHLI,BOHALI,CR,"State Highway 161, Maharashtra",75.27417043950001,17.5887732682
Haryana,BASN,BHAINSWAN,NR,"Gohana, Haryana",76.680769,29.094392
West Bengal,BHNA,Bhayna,ER,"Mamjoan Rd, West Bengal",88.64165885999999,23.31226134
,BHME,BHANDARIDAH,ECR,,86.05509864230001,23.7566729304
Punjab,BCU,BHUCHCHU,NR,"Bhucho Mandi, Punjab",75.0951862,30.209881999999997
Rajasthan,BHL,BHILWARA,NWR,"Bhilwara, Rajasthan",74.63077340000001,25.3435508
Rajasthan,KVA,KAVAS,NWR,"NH-112 Barmer-Jodhpur Hwy, Rajasthan",71.538716,25.867466
Rajasthan,BDW,BANDANWARA,NWR,"Bandanwara, Rajasthan",74.6913786,26.1253008
Uttar Pradesh,BJV,Bijauria,NER,"Bareilly, Uttar Pradesh",79.65527399999999,28.574785
Uttar Pradesh,BHJ,Barhaj Bazar,NER,"Barhaj, Uttar Pradesh",83.731497,26.283912
Maharashtra,DRD,DAHANU ROAD,WR,"Dahanu, Maharashtra",72.74336799999999,19.991217
,BJRA,BHAJERA,,,76.6568744922,27.100774588100002
Haryana,BDXT,BASAI DHANKOT,NR,"Gurgaon, Haryana",76.983187,28.464735
Gujarat,BCHN,Bochasan Junction,WR,"Anand, Gujarat",72.847673,22.402073
Haryana,BHT,Bhattu,NWR,"Bhattu Kalan, Haryana",75.34013,29.387323
Madhya Pradesh,SHR,SIHORA ROAD,WCR,"Jabalpur, Madhya Pradesh",80.110265,23.467136
Madhya Pradesh,SGBJ,SURGAON BANJARI,WCR,"Khandwa, Madhya Pradesh",76.544215,21.946109
Gujarat,BADR,Bhader,WR,"Amreli, Gujarat",70.928979,21.36507
,TLA,TITVALA,,,73.202714,19.296504000000002
Gujarat,BJUD,BAJUD,WR,"State Highway 31, Gujarat",71.82792500000001,21.736131
,KON,KUDALNAGAR,,,78.108666,9.944876
Rajasthan,BDSW,Budhsinghwala,NWR,"Hanumangarh, Rajasthan",74.22266067937016,29.831708406844584
Rajasthan,BER,BEAWAR,NWR,"Beawar, Rajasthan",74.3149711,26.1089078
Orissa,BGDA,Bogada,?,"Bogada, Orissa",86.5881717944,20.2787142311
Uttar Pradesh,AWG,Awa Garh,NCR,"Awagarh, Uttar Pradesh",78.47340000000001,27.464247
Uttar Pradesh,SBK,SHAHBAZ KULI,NER,"Shahbaz Quli, Uttar Pradesh",83.67465299999999,25.632101000000002
,ENR,ENNORE,,,80.32212448269999,13.218195717099999
,NLS,NELLORE SOUTH,,,79.983464,14.444474999999999
Gujarat,AVL,AMRITVEL,WR,"Amrutwel Rd, Gujarat",71.679671,21.077372
,NLR,NELLORE,,,79.989383,14.460592
West Bengal,BGA,BAGALIA,SER,"Purulia, West Bengal",86.51904643,23.44693617
West Bengal,BERO,BERO,SER,"Purulia, West Bengal",86.72660900000001,23.548271
,DVBH,MAKUDAN VIRAPANDI BLOCK HUT,,,78.037941,11.580796
Karnataka,AVT,Avati,SWR,"Avati, Karnataka",77.72667899999999,13.299092
Madhya Pradesh,BIV,Bamhani Banjur,SECR,"Bamhani, Madhya Pradesh",80.324566,22.438916000000003
West Bengal,BGB,Budge Budge,ER,"Kolkata, West Bengal",88.19469228000001,22.49310248
Bihar,UMNR,UMESHNAGAR,ECR,"National Highway 31, Bihar",86.431195,25.461085
Bihar,BDBP,BASUDEBPUR,ER,"Basudebpur, Bihar",87.98253549799999,24.6355270351
Gujarat,MOL,MULI ROAD,WR,"Surendranagar, Gujarat",71.43486,22.676562
Assam,AZA,AZARA,NFR,"Guwahati, Assam",91.613927,26.099339999999998
Karnataka,BAHI,Balenahalli,SWR,"State Highway 48, Karnataka",76.56637599999999,14.250321000000001
Uttar Pradesh,BDHP,BHUDPUR,NR,"State Highway 57, Uttar Pradesh",77.29116829590001,29.218093878
,SHW,SAMHON,,,79.320694,26.734186
,PATA,PATA,,,79.4794183441,26.6666191003
,PJY,PARA JANI HALT,,,79.634896,26.596933
,RURA,RURA,,,79.908216,26.485377
,BPU,BHAUPUR,,,80.12429014,26.46811536
,CNB,KANPUR CENTRAL,,,80.350966,26.454240000000002
,CHK,CHAKERI,,,80.40654599999999,26.381159999999998
,SSL,SIRSAUL,,,80.462852,26.297301
,RAMA,RAMVA,,,80.8532993597,25.8911534211
Bihar,BKF,Bhikhna Thori,ECR,"WestChamparan, Bihar",84.61057,27.333596
West Bengal,BGJT,Bagha Jatin,ER,"Kolkata, West Bengal",88.387421,22.482615000000003
Orissa,BGPL,Baghuapal,ECoR,"Orissa, Orissa",86.013166,21.042219
Bihar,BEHS,Bihar Sharif,ECR,"06112-222306, Bihar",85.5390747,25.206116
Mizoram,BHRB,Bhairabi,?,"Kolasib, Mizoram",92.54106045,24.19545969
Rajasthan,BDWL,BIRADHWAL,NWR,"National Highway 15, Rajasthan",73.896516228,29.1741168151
Rajasthan,BANE,BASNI,NWR,"Jodhpur, Rajasthan",73.010639,26.222963
Assam,BHZ,BIHARA,NFR,"K Rd, Assam",92.689054,24.9628178
Uttar Pradesh,BHI,BAHERI,NER,"SH 37, Uttar Pradesh",79.5003221,28.777391
Bihar,BHB,BADLA GHAT,ECR,"Bihar, Bihar",86.5871439,25.553762900000002
Rajasthan,BJNR,BIJAINAGAR,NWR,"Bijainagar, Rajasthan",74.65305889999999,25.931003
Madhya Pradesh,BGHI,BAGAHAI ROAD,WCR,"Baghai Road, Madhya Pradesh",81.018663,24.555903
Gujarat,BDDR,BADODAR,WR,"National Highway 8D, Gujarat",70.295846,21.361072999999998
West Bengal,BIJ,Birnagar,ER,"Birnagar, West Bengal",88.55125199999999,23.2358754
Uttar Pradesh,BJO,BIJNOR,NR,"Bijnor, Uttar Pradesh",78.14680469999999,29.3856298
West Bengal,BHLA,BEHULA,ER,"Behula, West Bengal",88.4287921,23.181967399999998
Uttar Pradesh,BLQR,BILASPUR ROAD,NER,"Rampur, Uttar Pradesh",79.254263,28.865600999999998
Bihar,BHLE,Barahat,ER,"State Highway 19, Bihar",87.0100837976,24.9206004744
West Bengal,BGAE,BALAGARH,ER,"Balagarh, West Bengal",88.4525522,23.1215453
Madhya Pradesh,BJRI,BIJURI,SECR,"Shahdol, Madhya Pradesh",82.1189461,23.250338600000003
Gujarat,BHTA,BHATIYA,WR,"National Highway 8E, Gujarat",69.2803623,22.0881542
,BKRO,BOKARO THERMAL,ECR,,85.87557819999999,23.7851503
,CHCR,CHACHER,,,79.354918,21.241422
,DNL,DHANOLI,,,80.42759080629999,21.3221098696
Bihar,LLP,Lalitgram,ECR,"Lalitgram, Bihar",87.01226592063904,26.35666473117378
,NI,NAYDONGRI,,,74.8366330817,20.3484309504
,HJN,HOWRAH JN. CABIN,,,88.342811,22.583533
,PKE,PIMPAR KHED,,,74.7559997266,20.307455334
,PJN,PANJHAN,,,74.606561,20.275504
,HSL,HISVAHAL,,,74.57099,20.283239000000002
,PNV,PANEVADI,,,74.494903,20.26527
,MMR,MANMAD JN,,,74.438305,20.249887
,TGR3,BLOCK AND CATCH SIDING CABINE NO.3,,,73.485951,19.674468
Karnataka,BDGP,BADANAGUPPE,SWR,"SH 57, Karnataka",76.861228,11.990316
,KYN,KALYAN JN,,,73.12974,19.234716000000002
,PMR,PITAMBARPUR,,,79.538072,28.200105
Rajasthan,BIQ,BANSI PAHARPUR,NCR,"Rupbas, Rajasthan",77.457241,26.93277
Karnataka,CTTP,CHITRAPUR HALT,KR,"Uttara Kannada, Karnataka",74.536566,14.036147999999999
Assam,BFD,BORHAT,NFR,"Nahar Rd, Assam",95.277512,27.164263
Karnataka,BGM,BELGAUM,SWR,"Belgaum, Karnataka",74.5095639,15.8492433
Bihar,BGU,BAIRGANIA,ECR,"Barahwa Pool Rd, Bihar",85.27333399999999,26.738281999999998
Rajasthan,BGRM,Biggabas Ramsara,NWR,"National Highway 11, Rajasthan",74.20154742999999,28.04769242
Karnataka,BEML,BEML Nagar,SWR,"KGF, Karnataka",78.24197815000001,12.9786413
Uttar Pradesh,BKT,BAKSHI KA TALAB,NER,"Bakshi Ka Talab, Uttar Pradesh",80.922331,26.983452
Uttar Pradesh,BFPA,Bhopatpur,NER,"Bhopatpur, Uttar Pradesh",79.8051375,28.375464097400002
Karnataka,BJP,BIJAPUR,SWR,"Bijapur, Karnataka",75.7400012,16.8310603
Rajasthan,BILA,Bheslana,NWR,"Jobner to Nawa Rd, Rajasthan",75.304187,27.065209000000003
Andhra Pradesh,VJA,VEJANDLA,SCR,"Guntur, Andhra Pradesh",80.519729,16.237226
Andhra Pradesh,SJL,SANGAM JAGARLAMUDI,SCR,"High School Rd, Andhra Pradesh",80.570521,16.246589
Gujarat,BDE,Bodeli,WR,"Vadodara, Gujarat",73.71657979999999,22.2701906
,GCAB,GCAB,,,81.431558,21.204607999999997
,BIA,BHILAI,,,81.4217238,21.202598300000002
,BPHB,BHILAI POWER HOUSE,,,81.375901,21.208119
,BQR,BHILAI NAGAR,,,81.33434510000001,21.2013382
Uttar Pradesh,BADK,BARKA,NR,"State Highway 57, Uttar Pradesh",77.2733021582,29.0725646906
Orissa,BDKT,Badakhandita,ECoR,"State Highway 12, Orissa",86.08383554000001,20.365448699999998
Bihar,BELA,Bela,ECR,"Gaya, Bihar",84.981353,24.97843
,VDE,VEDAYAPALEM,,,79.957106,14.404478
,TRL,TIRUVALLUR,,,79.913105,13.115764
Karnataka,BIDR,Bidar,SCR,"Bidar, Karnataka",77.5137793,17.9116836
,WCN,WIMCO NAGAR,,,80.305807,13.180491
,KAVM,KATHIVAKKAM,,,80.31674199999999,13.204343999999999
,VKT,VENKATACHALAM,,,79.92732000000001,14.327256
Punjab,BHM,Bahram,NR,"Behram, Punjab",75.894193,31.197575
Karnataka,BGPA,Bageshapura,SWR,"Bageshapura, Karnataka",76.2293551874,13.143803441600001
Gujarat,BHRJ,Becharji,WR,"State Highway 7, Gujarat",72.02941299999999,23.516602
,SDM,SURAREDDIPALEM,,,80.045682,15.407571
,PRH,POWERPET,,,81.106602,16.713189
,VGT,UNGUTURU,,,81.42356000000001,16.824498
,BMGM,BRAHMANAGUDEM,,,81.67527695,16.930258209999998
,KYM,KADIYAN,,,81.832674,16.914337999999997
,BBPM,BALABHADRAPURAM,,,82.00037565999999,16.96580143
,NASP,NARASINGAPALLI,,,82.891038,17.606751
,GPT,GOPALAPATNAM,,,83.214877,17.748818
,VKD,BAKHRABAD,,,87.36345,22.118541
,NYA,NARAYANGARH,,,87.380456,22.174233
,BPE,BENAPUR,,,87.37624084000001,22.271352309999997
,HIJ,HIJILLI,,,87.32016899999999,22.319921
Andhra Pradesh,BKL,BONA KALU,SCR,"Bonakalu, Andhra Pradesh",80.261499,17.031591000000002
Rajasthan,BLO,BHULON,WCR,"Kota, Rajasthan",76.968812,24.635909
Uttar Pradesh,BMHR,BAMANHERI,NR,"Muzaffarnagar, Uttar Pradesh",77.70639,29.514761999999997
Rajasthan,BME,BARMER,NWR,"Barmer, Rajasthan",71.397067,25.744521900000002
Maharashtra,BLC,BOLDA,SCR,"Parbhani, Maharashtra",77.2735908,19.5520321
Rajasthan,BKWA,BAKAYANWALA,NR,"Diwan Khera, Rajasthan",73.98581800000001,30.143292
Gujarat,BLDI,BHILDI,WR,"Bhildi, Gujarat",72.008187,24.194251
Uttar Pradesh,BJ,BAHJOI,NR,"Bahjoi, Uttar Pradesh",78.6315064,28.401499599999998
,ADIJ,AHMEDABAD JN,,,72.60171600000001,23.025715
Gujarat,BMSR,Bhimasar,WR,"Kutch, Gujarat",70.88691945187747,23.533660939738297
Gujarat,BLWR,BILESHWAR,WR,"Rajkot, Gujarat",70.830427,22.382129
Haryana,BKDE,BUDHAKHERA,NR,"SH 14, Haryana",76.557193,29.378719
,HCAB,BMY H CABIN,,,81.46489100000001,21.220990999999998
,KOK,KORUKKUPET JN,,,80.27837727340001,13.120489801700002
Gujarat,BHY,BHAYAVADAR,WR,"Sahid Kharachia, Gujarat",70.23614485659999,21.8478371804
Gujarat,BL,VALSAD,WR,"Valsad, Gujarat",72.9335291,20.6085595
,TNP,TONDIARPETTAI,,,80.28092114379999,13.1262400028
Uttar Pradesh,BNSP,BANSAPAHAR,WCR,"Uttar Pradesh, Uttar Pradesh",81.050022,25.055505
,ULB,ULUBARIA,,,88.093209,22.472428
Uttar Pradesh,BLP,Balrampur,NER,"Balrampur, Uttar Pradesh",82.16066989870001,27.4158206073
,VOC,V.O.C. NAGAR,,,80.28745678409999,13.140301627300001
,CTRE,CHITTERI,,,79.597909,13.068171999999999
,TUG,THALANGAI,,,79.42612799999999,13.003678
Rajasthan,APH,ANUPGARH,NWR,"Sri Ganganagar, Rajasthan",73.2045643,29.1968977
,WJR,WALAJAH ROAD JN,,,79.360511,12.970676
Himachal Pradesh,BJMR,BAIJNATH MANDIR,NR,"Baijnath, Himachal Pradesh",76.65152893999999,32.052625660000004
,MCN,MUKUNDARAYAPURM,,,79.289067,12.977678
,TVT,TIRUVOTTIYUR,,,80.296454,13.160025
Madhya Pradesh,BMR,BIKRAMPUR,WCR,"Balaghat, Madhya Pradesh",79.586316,23.082226
Madhya Pradesh,BKH,BANKHEDI,WCR,"Bankheri, Madhya Pradesh",78.5379969,22.7748819
West Bengal,AKRA,Akra,ER,"Kolkata, West Bengal",88.249021,22.514668
Madhya Pradesh,BPF,BANAPURA,WCR,"Seoni Malwa, Madhya Pradesh",77.4807316095,22.4703575471
Karnataka,BLKR,BALLEKERE HALT,SWR,"National Highway 206, Karnataka",76.023514,13.502322000000001
Tamil Nadu,SUCH,SUCHINDRAM,SR,"Suchindram, Tamil Nadu",77.466792,8.149479
Haryana,BJWS,Bojawas,NWR,"State Highway 24, Haryana",76.25286799999999,28.312786
Karnataka,BLGA,Belagula,SWR,"Belagula, Karnataka",76.5887032642,12.385698676899999
Goa,BLLI,BALLI,KR,"Bali, Goa",74.0209756,15.151725800000001
Jharkhand,BJMD,Bara Jamda,SER,"Kiriburu, Jharkhand",85.41239200000001,22.1665327
Maharashtra,BMP,Bramhapuri,SECR,"Brahmapuri, Maharashtra",79.867537,20.603943
Uttar Pradesh,BIC,Bichia,NER,"Bichia, Uttar Pradesh",81.2720808,28.1830705
Gujarat,BILK,Bilkha,WR,"Bilkha, Gujarat",70.6004021,21.443078399999997
Orissa,BMPR,Badampahar,SER,"National Highway 6, Orissa",86.18081819999999,22.2640234
West Bengal,BMGR,Bamangram,NFR,"Hemtabad, West Bengal",88.1912832245,25.622139865799998
West Bengal,BPN,Banpur,ER,"Banpur-Majhdia Rd, West Bengal",88.76185515,23.45186861
Haryana,BMLL,Bamla,NWR,"State Highway 16A, Haryana",76.244079,28.832463999999998
Maharashtra,BMW,Bamhni,SECR,"Nagpur, Maharashtra",79.364152,20.922361
,KOTR,KORATTUR,,,80.184062,13.113345
,PCW,PERAMBUR CARRIAGE WORKS,,,80.23865900000001,13.107240000000001
,VLK,VILLIVAKKAM,,,80.209621,13.110062
Karnataka,BNHL,Bellenahalli,SWR,"Chitradurga, Karnataka",76.554391,14.243859
,PVM,PATTARAVKKAM,,,80.166656,13.114872
,ABU,AMBATTUR,,,80.1525249074,13.114305980800001
,ANNR,ANNANUR,,,80.126743,13.116018
,KMSI,Kumsi,,,75.402042,14.051954
,AVD,AVADI,,,80.10051800000001,13.118247
,HC,HINDU COLLEGE,,,80.074903,13.118538
,PAB,PATTABIRAM,,,80.06542400000001,13.11926
,NEC,NEMILICHERRY HALT,,,80.045378,13.121643
,SVR,SEVVAPET ROAD,,,79.96668799999999,13.124996999999999
,PTLR,PUTLUR HALT,,,79.93709999999999,13.122922
,EGT,EGATTUR HALT,,,79.88406,13.106198
Jharkhand,BJE,Bhojudih Junction,SER,"Jairampur More to Baliapur, Jharkhand",86.4469993,23.642174999999998
,MAF,MANUR,,,79.801508,13.096025
,MSU,MOSUR,,,79.7188409808,13.0857348949
,MLPM,MELPAKKAM,,,79.659245,13.080671
,MRLM,MARUDALAM,,,79.399298,12.99726
Uttarakhand,BPZ,BAZPUR,NER,"Bazpur, Uttarakhand",79.1463827,29.1578998
Uttar Pradesh,BRY,BAREILLY,NER,"Bareilly, Uttar Pradesh",79.4109744,28.3372843
West Bengal,BQZ,BALLALPUR,ER,"Farakka, West Bengal",87.91224299999999,24.747459000000003
Punjab,BNN,BARNALA,NR,"Barnala, Punjab",75.5492466,30.370396799999998
Haryana,BNJL,BINJHOL HALT,NR,"Panipat, Haryana",76.92378099999999,29.344605
,KAV,KALAMNA,,,79.140955,21.168195
Gujarat,BNH,BHIMNATH,WR,"Bhimnath, Gujarat",71.92503,22.245963
Gujarat,BNVD,BHANVAD,WR,"Bhanvad, Gujarat",69.79885780000001,21.9330444
Assam,BRGM,Baraigram Junction,NFR,"National Highway 44, Assam",92.344106,24.684059
Chhattisgarh,BSPR,BISHRAMPUR,SECR,"District Sarguja, Chhattisgarh",82.98289000000001,23.179178
Chhattisgarh,BRH,BAIKUNTHPUR RD,SECR,"NH 78, Chhattisgarh",82.5298836,23.317286
,SAL,SALWA,,,79.292976,21.236542
Karnataka,BTKL,Bhatkal,KR,"Bhatkal, Karnataka",74.56730199046433,13.987012001486875
,TAR,THARSA,,,79.41467,21.256602
,TMR,TUMSAR ROAD,,,79.75141900000001,21.342437
,GJ,GANGAJHARI,,,80.058885,21.443153
Rajasthan,BNSR,BHAGWANSAR,NWR,"Bhagwan Sar, Rajasthan",73.859791,29.343806
,PJB,PANIAJOB,,,80.693768,21.183732000000003
,THL,TIRUVALAM,,,79.245745,12.974779
Punjab,BQH,Bhanohad Punjab,NR,"Bhanohad, Punjab",75.70970576,30.85173825
,SVUR,SEVUR,,,79.189821,12.971785
,KPD,KATPADI JN,,,79.13534100000001,12.972734
Uttar Pradesh,BPRA,BARIPURA,NCR,"National Highway 86, Uttar Pradesh",79.943488,25.340728000000002
,PCKM,PACHACHAKUPAM,,,78.757365,12.822656
,DGG,DONGARGARH,,,80.759857,21.185492
Orissa,BPO,Baripada,SER,"Baripada, Orissa",86.73709000000001,21.9227408
Gujarat,BO,Borsad,WR,"Borsad, Gujarat",72.909158,22.401548000000002
,JTR,JATKANHAR,,,80.821965,21.1798
Rajasthan,BS,Banisar,NWR,"Benisar, Rajasthan",73.8954879211,28.067563416
Rajasthan,ATH,ANTAH,WCR,"Antah, Rajasthan",76.3072684,25.1611771
Rajasthan,BON,BHONRA,WCR,"Kota, Rajasthan",76.1976736633,25.171061136400002
Chhattisgarh,BOV,Bhatgaon,SECR,"Bhatgaon, Chhattisgarh",81.71272400000001,21.171626
,MUA,MUSRA,,,80.879372,21.152966
Karnataka,BNCE,BANGALORE EAST,SWR,"Bengaluru, Karnataka",77.6184701,13.001479999999999
West Bengal,BRP,Baruipur Junction,ER,"Baruipur, West Bengal",88.431647,22.366657999999997
Madhya Pradesh,AAH,ITEHAR,NCR,"State Highway 19, Madhya Pradesh",78.683783,26.562635
Madhya Pradesh,RYT,RAYAT PURA,NCR,"National Highway 92, Madhya Pradesh",78.38188099999999,26.456937
Madhya Pradesh,BBY,BHADROLI,NCR,"Gwalior, Madhya Pradesh",78.181356,26.30595
,BAKL,BAKAL,,,80.940946,21.123637
West Bengal,BTKB,Bathna Krittibas Halt,ER,"Bathna Krittibas, West Bengal",88.48266943,23.236313600000003
,GD,GONDA JN,,,81.97815200000001,27.154613
Jharkhand,AKZ,Akashi,SER,"Ranchi, Jharkhand",84.8877858557,23.385124400800002
Rajasthan,BR,BANDH BARETA,NCR,"Dumariya, Rajasthan",77.364108,26.910367
,DAN,DHANETA,,,79.264748,28.512293999999997
Uttar Pradesh,CKYD,CHAKRA ROAD,NER,"Chakara Road Halt, Uttar Pradesh",83.672178,26.001213
,MUP,MURHIPAR,,,81.14815399999999,21.183141
Maharashtra,BOKE,BHOKE,KR,"Maharashtra, Maharashtra",73.3810615,17.0490546
,RSM,RASMARA,,,81.2164,21.204118
,PHQ,PARDHANDE,,,75.3769414349,20.7292951895
,PC,PACHORA JN,,,75.34831,20.668385
Jharkhand,BSKH,Basukinath,ER,"Basukinath, Jharkhand",87.045099,24.388941000000003
Gujarat,BSKN,Bhesana Manknaj,WR,"State Highway 41, Gujarat",72.3312086395,23.4987569498
,GAA,GALAN,,,75.27700034419999,20.6095998065
,NGD,NAGARDEVLA,,,75.1981061108,20.6030016547
,AV,ASVALI,,,73.751085,19.817370999999998
,PI,PADLI,,,73.66573299999999,19.783928
,GO,GHOTI,,,73.63594400000001,19.722911
,IGP,IGATPURI,,,73.56237899999999,19.694053
,SHAD,SHAHAD,,,73.158611,19.244702
Haryana,ASE,ASAUDAH,NR,"Delhi-Rohtak Corridor, Haryana",76.85877285,28.73653776
Haryana,ABO,ASTHAL BOHAR,NR,"Rohtak, Haryana",76.629155,28.857765
Haryana,KZH,KILA ZAFARGARH,NR,"NH 71, Haryana",76.4289531995,29.0805810005
Uttar Pradesh,BNQL,BHANKALA HALT,NR,"State Highway 57, Uttar Pradesh",77.4743493237,29.845590837699998
West Bengal,BQA,BANKURA,SER,"Bankura, West Bengal",87.07468750000001,23.224387099999998
Uttar Pradesh,BRLI,Barauli,NCR,"National Highway 11B, Uttar Pradesh",77.424988,26.552056
Chhattisgarh,BPRH,Balpur Halt,SECR,"Umreli, Chhattisgarh",82.694138,22.115136
Bihar,BNKI,Banmankhi Junction,ECR,"Purnia, Bihar",87.193664,25.885092
,AIP,ATTIPPATTU,,,80.2889459058,13.2611631708
,MJR,MINJUR,,,80.26019199999999,13.281979
West Bengal,BRJ,Brace Bridge,ER,"Kolkata, West Bengal",88.301496,22.517861
Assam,BZGT,Bazurghat,NFR,"Bazurghat, Assam",92.38341799999999,24.607593
Assam,ALGP,Algapur,?,"Hailakandi, Assam",92.59591800000001,24.754753
,TAN,TARANA ROAD,,,76.06701699999999,23.264582
Uttarakhand,DWO,DOIWALA,NR,"Dehradun, Uttarakhand",78.12218,30.175451000000002
Delhi NCT,BRSQ,BRAR SQUARE,NR,"Delhi Cantonment, Delhi NCT",77.14079000000001,28.613526
Uttar Pradesh,KAT,KHATAULI,NR,"Khatauli, Uttar Pradesh",77.736988,29.273712
Rajasthan,BUB,Bissau,NWR,"Bissau, Rajasthan",75.0612084,28.2401014
Uttar Pradesh,PQY,PABLI KHAS,NR,"Meerut, Uttar Pradesh",77.698335,29.05601
Uttar Pradesh,GUH,GULDHAR,NR,"Ghaziabad, Uttar Pradesh",77.455792,28.703751999999998
Gujarat,BRRD,BORDI ROAD,WR,"Bordi, Gujarat",72.766138,20.122424
Bihar,BRU,BHAIROGANJ,ECR,"Bhairoganj, Bihar",84.24239742,27.151418149999998
Bihar,BTH,BETTIAH,ECR,"Bettiah, Bihar",84.5229561,26.8058847
,MKU,MALKAPUR,,,76.202946,20.891974
Madhya Pradesh,BSDL,BHARSENDI,WCR,"Sidhi, Madhya Pradesh",82.06039,24.036488
Uttar Pradesh,BSC,Bulandshahr,NR,"Bulandshahr, Uttar Pradesh",77.8482415,28.3919187
West Bengal,BTPG,Betheria Ghola,ER,"Betheria Ghola, West Bengal",88.573321,22.350122
Andhra Pradesh,BTPD,Bethampurdi,SCR,"Kothagudem To Bhadrachalam Rd, Andhra Pradesh",80.573657,17.543986
Uttar Pradesh,BTG,BASHARATGANJ,NR,"Bareilly, Uttar Pradesh",79.2851956,28.288009
Punjab,BTIC,BHATINDA CANTT,NR,"State Highway 17, Punjab",74.954044,30.19088
Punjab,ALL,ALAL,NR,"Mullowal, Punjab",75.72074952000001,30.377724999999998
,WADO,WADODA,,,76.279846955,20.8885446711
,KJL,KHUMGAON BURTI,,,76.401107,20.866943
,NN,NANDURA,,,76.46015799999999,20.838889
Gujarat,BTD,BOTAD JN,WR,"Botad, Gujarat",71.6655966,22.182870599999998
Haryana,BU,BASWA,NWR,"Alwar, Haryana",76.575644,27.149686000000003
,AK,AKOLA JN,,,77.005497,20.723084
,DKS,DAREKASA,,,80.580751,21.271299000000003
Rajasthan,BUGL,Buglanwali,NWR,"Hanumangarh, Rajasthan",74.23897337168455,29.79175066957987
Andhra Pradesh,BSX,BASAR,SCR,"Basara, Andhra Pradesh",77.938506,18.86512
Punjab,BWZ,Baddowal,NR,"Baddowa, Punjab",75.742678,30.862116999999998
Maharashtra,BSQ,BARSI TAKLI,SCR,"Dist. Akola, Maharashtra",77.060902,20.576054000000003
Madhya Pradesh,PARH,PARAKHEDA,WCR,"Shivpuri, Madhya Pradesh",77.642772,25.705583
,BLNR,BIRLANAGAR,,,78.1953108,26.237555
Madhya Pradesh,BUQ,Bargi,SECR,"Bargi Nagar - Ghansore Rd, Madhya Pradesh",79.875125,22.995932999999997
,SIKD,SIKRODA KWANRI,,,77.96285300000001,26.569564
Rajasthan,BSJ,Bhupalsagar,NWR,"Rajsamand, Rajasthan",74.2116131934,24.8477620899
West Bengal,BRPK,Bisharpara Kodaliya,ER,"Kolkata, West Bengal",88.434731,22.676284
Tamil Nadu,TY,TULUKAPATI,SR,"National Highway 7, Tamil Nadu",77.936903,9.467438999999999
West Bengal,BYSA,Basulyasutahata,SER,"Haldia, West Bengal",88.13056325,22.12030128
Uttar Pradesh,BRG,BARGARH,NCR,"Kaushambi, Uttar Pradesh",81.4500584753,25.164270416300003
,KSRA,KASARA,,,73.472003,19.647159
,OMB,OOMBERMALI,,,73.422651,19.628026000000002
,MH,Marahra,CR,,85.446664,25.100178
,KE,KHARDI,,,73.393442,19.579952
,THS,THANSIT,,,73.35181299999999,19.549981
Punjab,BSGR,Bhagsar,NR,"Ramgarh Chungha, Punjab",74.40197699999999,30.452385
,ATG,ATGAON,,,73.3276912396,19.5031813038
,ASO,ASANGAON,,,73.307859,19.439277999999998
,VSD,VASIND,,,73.26768899999999,19.406422
,KDV,KHADAVLI,,,73.21871043,19.35621892
,ABY,AMBIVLI,,,73.17171,19.267587
,DIVA,DIVA,,,73.041905,19.188394
Maharashtra,SNRD,MUMBAI SANDHURST ROAD,CR,"Mumbai, Maharashtra",72.839733,18.962311
Punjab,BXB,Banga,NR,"Nawan Shahar, Punjab",75.999562,31.177139
,TNA,THANE,,,72.97541700000001,19.185757000000002
Punjab,BVW,Bahminiwala,NR,"State Highway 20, Punjab",74.19313199999999,30.548939999999998
,MLND,MULUND,,,72.956933,19.172355
,KUF,KAURHA,,,80.102675,27.462683
,KAR,KARNA,,,80.19623499999999,27.32161
,NHU,NAHUR,,,72.946683,19.154646
Orissa,BTQ,Betnoti,SER,"Betnoti, Orissa",86.8435187,21.741339999999997
Karnataka,BSN,BANASANDRA,SWR,"SH19, Karnataka",76.659317,13.265332
Rajasthan,MOI,MORI BERA,NWR,"Nana, Rajasthan",73.136306,25.035574999999998
Rajasthan,BRLY,BIROLIYA,NWR,"Biroliya Rd, Rajasthan",73.192517,25.170546
Rajasthan,RT,ROHAT,NWR,"SH 64, Rajasthan",73.0953188199,25.921475609399998
Karnataka,BSRX,BAGEVADI RD,SWR,"Bagevadi, Karnataka",75.82814753,16.47986853
,AIPP,ATTIPPATTU PUDU NAGAR,,,80.299606,13.249326
Punjab,BZG,Bilga,NR,"Bilga, Punjab",75.66684099999999,31.058267
Gujarat,LMC,LAKHAMANCHI,WR,"State Highway 113, Gujarat",71.14841382110001,22.5718124104
Jharkhand,BDME,Baidyanathdham Deoghar,ER,"Deoghar, Jharkhand",86.6920701,24.4892623
Maharashtra,BTW,BARSI TOWN,CR,"Barshi, Maharashtra",75.718169,18.240993
Madhya Pradesh,BWW,Barwaha,WR,"Barwah, Madhya Pradesh",76.0302621,22.255445899999998
Himachal Pradesh,JWLS,JAWAN WALA SHEHAR,NR,"Jawan Wala Shehar, Himachal Pradesh",76.003772,32.14165
,KIM,KIM,,,72.926702,21.399697
,SER,SAMAYANALLUR,,,78.035087,9.981546
Gujarat,CDD,Chandod,WR,"State Highway 160, Gujarat",73.45218163914979,21.99195697308774
,DPH,DADHAPARA,,,82.123182,22.028156
,JRMG,JAIRAMNAGAR,,,82.29651100000001,22.034344
,UGN,UGAON,,,74.136829,20.122591999999997
West Bengal,BXT,Bamanhat,NFR,"Kurigram Nageshwari Rd, West Bengal",89.62797752581537,26.076284459879247
Assam,BXK,BANDARKHAL,NFR,"Diakkawn Rd, Assam",92.80071699999999,25.069785
Punjab,BWX,BAHMAN DIWANA,NR,"Behman Diwana, Punjab",74.849153,30.225526
Uttar Pradesh,BYHA,BARYA RAM,NR,"THAKUR Rd, Uttar Pradesh",82.22659200000001,25.566931
Madhya Pradesh,CRK,CHARKHERA,WCR,"Harda, Madhya Pradesh",77.171177,22.367273
West Bengal,BUTA,BHADUTALA,SER,"Lalgarh-Medinipur Road, West Bengal",87.3208,22.485657
West Bengal,CDGR,CHANDRAKONA RD,SER,"Chandrakona Rd, West Bengal",87.340588,22.739076
Haryana,BZO,BARSOLA,NR,"District Jind, Haryana",76.231711,29.394379
,DG,DINDIGUL JN,,,77.985472,10.35381
,VO,VELLODU,,,77.951415,10.317775999999999
,ABI,AMBATURAI,,,77.924468,10.272226
,KQN,KODAIKANAL ROAD,,,77.909593,10.179613000000002
,VDP,VADIPPATTI,,,77.945674,10.086114
Gujarat,CDQ,CHADOTAR,WR,"National Highway 14, Gujarat",72.37251094,24.18394723
Haryana,BWL,BAWAL,NWR,"Bawal, Haryana",76.572402,28.070281
Andhra Pradesh,BVRT,BHIMAVARAM TOWN,SCR,"Bhimavaram, Andhra Pradesh",81.516853,16.547348
Rajasthan,BQN,BAGRI NAGAR,NWR,"Marwar, Rajasthan",73.787801,25.895725000000002
,KYR,KARUPPATTI,,,77.94839300000001,10.044464999999999
,SDN,SHOLAVANDAN,,,77.96508200000001,10.02227
Bihar,BUG,BAGAHA,ECR,"Bagaha, Bihar",84.066991,27.130045000000003
Bihar,CAI,CHANPATIA,ECR,"Sikta-Mainatad Rd, Bihar",84.53063900000001,26.94163
Bihar,CAA,CHAKIA,ECR,"Chakia, Bihar",85.04636,26.417182
Uttar Pradesh,BXM,BELRAYAN,NER,"Tikapur, Uttar Pradesh",80.915268,28.379381
Maharashtra,BVQ,BHILAVDI,CR,"Sangli, Maharashtra",74.51678100000001,17.008048
West Bengal,ANR,ANARA,SER,"Purulia, West Bengal",86.559763,23.481082
Rajasthan,BWPL,Balwant Pura Chelasi,NWR,"Jhunjhunu, Rajasthan",75.44328689999999,27.9104715
,CATD,Chataud,SECR,,81.73716,21.015051
Madhya Pradesh,CID,Chiraidongri,SECR,"Chiraidongri, Madhya Pradesh",80.287402,22.411417999999998
,KGFR,KATHGHAR RIGHT BANK,,,78.8082265295,28.832108335
,KGFE,KATHGHAR EAST,,,78.8095,28.832685
Bihar,BHGJ,Bihariganj,ECR,"Kishanganj, Bihar",86.992655,25.732598999999997
Gujarat,HTGR,HATHIGADH,WR,"SH 115, Gujarat",71.444628,21.620099999999997
Assam,CHBN,Chandkhira Bagn,NFR,"National Highway 44, Assam",92.287381,24.515852
Tamil Nadu,MKY,MEKKUDI,SR,"Nagappattinam - Trichy - Karur- Coimbatore - Mettupalayam - Ooty - Gundlupet Road(Vandikara Street), Tamil Nadu",78.628737,10.87109
,MIL,MILAK,,,79.16411699999999,28.612475
,NRS,NAGARIA SADAT,,,79.205555,28.550179
Haryana,BXC,Barwala,NR,"Barwala, Haryana",75.88703100000001,29.367534
,BLM,BALAMU JN,,,80.352497,27.167362999999998
,UTA,UMAR TALI,,,80.473465,27.086986
Rajasthan,CBG,Charbhuja Road,NWR,"Amet, Rajasthan",73.946241,25.352227999999997
Karnataka,HNA,HONNAVAR,KR,"Honavar, Karnataka",74.433196,14.316931
Karnataka,SEN,SENAPURA,KR,"Udupi, Karnataka",74.6840119482,13.717680182199999
Assam,CGX,Chargola,NFR,"National Highway 44, Assam",92.416794,24.845883999999998
,TMP,TAMARAIPADI,,,78.0445917407,10.4023417558
,VDM,VADAMADURA,,,78.1021599634,10.4363355768
,AYR,AYYALUR,,,78.157049,10.483391
,KFC,KALPATTICHATRAM,,,78.2343675623,10.518065672899999
,VPJ,VALYAMPATTI,,,78.3098143988,10.544055019
,CII,CHETTIYAPATTI,,,78.3662318384,10.575644554
Maharashtra,BYR,BHAYANDAR,WR,"Thane, Maharashtra",72.85303900000001,19.311766
Gujarat,BHU,BHANDU MOTIDAU,WR,"Mahesana, Gujarat",72.38933899999999,23.709061000000002
West Bengal,CG,Canning,ER,"Canning, West Bengal",88.667458,22.313264
,CGLA,Changotola,?,,80.11878948120001,22.2299461588
Punjab,CHKB,CHAKKI BANK,NR,"Pathankot, Punjab",75.636651,32.259653
,JAR,Junair Halt,,,85.2506963452,25.273607371900003
Uttar Pradesh,CH,CHANDAUSI JN,NR,"Chandausi, Uttar Pradesh",78.780268,28.458626000000002
Gujarat,DGI,DUNGRI,WR,"NH 8, Gujarat",72.949119,20.687336000000002
,BIS,BISWA BRIDGE,,,76.33919345,20.885157149999998
,YAD,YEULKHED,,,77.07497000000001,20.724559000000003
,KKT,Kath Kuiyan,,,84.0478709076,26.8568018382
,BGN,BORGAON,,,77.1796502,20.7290593
Punjab,DDY,DUDWINDI,NR,"Kapurthala, Punjab",75.258143,31.237553
,KTP,KATEPURNA,,,77.25938099999999,20.723777
,SUM,SUMMIT,,,74.3431299774,20.2117506011
,LS,LASALGAON,,,74.22597599999999,20.154847999999998
Uttarakhand,DDN,DEHRADUN,NR,"Dehradun, Uttarakhand",78.0336011,30.3140377
,MZR,MURTAJAPUR,,,77.35482499999999,20.736468000000002
Rajasthan,CDSL,CHANDRESAL,WCR,"Kota, Rajasthan",75.943986,25.212948
Chandigarh,CDG,CHANDIGARH,NR,"Darua, Chandigarh",76.82208,30.7019773
,MANA,MANA,,,77.469063,20.761491
,MNDA,MANDURA,,,77.52258400000001,20.78015
Uttar Pradesh,CPJ,KAPTANGANJ JN,NER,"Captainganj, Uttar Pradesh",83.69990700000001,26.926388
Bihar,AWS,ASWANI HALT,ECR,"Bagaha, Bihar",84.051843,27.15958
,KUM,KURAM,,,77.58733000000001,20.808396000000002
,TKI,TAKLI,,,77.65695,20.833253
,KKJ,KAKORI,,,80.79835,26.885454000000003
,LNWT,LUCKNOW WEST (ALH),,,80.909614,26.829443
Bihar,DES,DESARI,ECR,"Vaishali, Bihar",85.4087656586,25.6683593565
,NR,NIPHAD,,,74.079481,20.096584
,BD,BADNERA JN,,,77.73231969999999,20.8567925
Karnataka,BKJ,BARKUR,KR,"Udupi, Karnataka",74.75968040000001,13.477458799999999
Kerala,BFR,BEKAL FORT,SR,"Pallikere, Kerala",75.04278599999999,12.385524
Chhattisgarh,DMK,Dilmili,ECoR,"National Highway 16, Chhattisgarh",81.737851,18.987443
Jharkhand,DGHR,Deoghar,ER,"Deoghar, Jharkhand",86.69712126,24.51178242
Karnataka,ALUR,Alur Halt,SWR,"Hassan - Alur Rd, Karnataka",75.99049337,12.98251226
,TMT,TIMTALA,,,77.79476000000001,20.812496
,MLR,MALKHED,,,77.862831,20.821793
,CND,CHANDUR,,,77.9821558,20.8045192
,DIP,DIPORE,,,78.040981,20.79317
,DMN,DHAMANGAON,,,78.138054,20.784674000000003
,TLN,TALNI,,,78.230026,20.754248
,PLO,PULGAON JN,,,78.318111,20.726734
,KAOT,KAOTHA,,,78.376203,20.737041
,DAE,DAHEGAON,,,78.463093,20.729315
,WR,WARDHA JN,,,78.594157,20.732777
,SEGM,SEVAGRAM,,,78.619225,20.739076
,VADR,WARUD,,,78.65067138549999,20.7471655405
,TGP,TULJAPUR,,,78.808237,20.800701
,BOK,BORKHEDI,,,78.97444766000001,20.860176040000002
,BTBR,BUTI BORI,,,79.01362896,20.91847276
Punjab,CBX,CHAND BHAN,NR,"Jaitu, Punjab",74.88002100000001,30.445148
,GMG,GUMGAON,,,79.030314,20.993595999999997
Karnataka,DEV,DEVARAYI,SWR,"State Highway 34, Karnataka",74.57136412999999,15.44947863
,KRI,KHAPTI,,,79.048839,21.049338
,AJNI,AJNI,,,79.0825197485,21.1268588122
,KP,KAMPTEE,,,79.197947,21.21172
,CGA,CHENGEL,,,88.13891000000001,22.486845
Maharashtra,DGBZ,Dongri Buzurg,SECR,"State Highway 251, Maharashtra",79.676645,21.573844
,BVA,BAURIA JN,,,88.1635216052,22.5035911202
,NALR,NALPUR,,,88.185699,22.529208
Rajasthan,DEEG,Deeg,NCR,"Bharatpur, Rajasthan",77.32451142,27.48655053
,ABB,ABADA,,,88.19939199999999,22.547877
,SEL,SANKRALL,,,88.2090743463,22.5613094942
,ADL,ANDUL,,,88.239643,22.575169
,SRC,SANTRAGACHI JN,,,88.284011,22.58393
,RMJ,RAMRAJATALA,,,88.295438,22.587778
West Bengal,DGNR,Durganagar,ER,"Kolkata, West Bengal",88.419,22.650758
,MPA,MANAPARAI,,,78.4177652356,10.6075620105
Assam,BHGN,BHILGAON,NFR,"National Highway 39, Assam",93.926117,26.354394000000003
,SMDM,SAMUDRAM,,,78.493545,10.652687
,KLS,KOLATUR,,,78.547696,10.700678
Assam,CHB,CHABUA,NFR,"Chabua, Assam",95.1720581342,27.481420709000002
Uttar Pradesh,DEO,DEOKALI,NER,"State Highway 90, Uttar Pradesh",80.705156,27.977317000000003
Jammu and Kashmir,CHNR,CHHAN ARORIAN,NR,"Chhan Arorian, Jammu and Kashmir",75.35904533,32.46131096
Jammu and Kashmir,BDHY,BUDHI,NR,"Kathua, Jammu and Kashmir",75.432931,32.440429
Punjab,CKKN,CHAK KALAN,NR,"National Highway 1A, Punjab",75.623498,32.083103
Punjab,BNGL,BHANGALA,NR,"National Highway 1A, Punjab",75.61231335209999,32.0195148161
West Bengal,CDH,Chakdaha,ER,"Chakdaha, West Bengal",88.529672,23.078406
Punjab,CGH,CHOLANG,NR,"Adda Cholang, Punjab",75.639894,31.617259999999998
Maharashtra,DIC,DAHISAR,WR,"Mumbai, Maharashtra",72.859587,19.250166
Punjab,CHN,Chhina,NR,"Ghuman Kalan Rd, Punjab",75.271993,31.902255
West Bengal,MLYA,Maliya,ER,"Maliya, West Bengal",88.136281,22.831668
West Bengal,DMU,Dhamua,ER,"Sherpur Dhamua Rd, West Bengal",88.392178,22.290179
Jharkhand,DON,DERAWAN HALT,SER,"Derawan, Jharkhand",76.104438,23.230256999999998
,BSP,BILASPUR JN,,,82.167585,22.057473
Maharashtra,DLB,DAULATABAD,SCR,"Maharashtra., Maharashtra",75.210494,19.916367
Bihar,DHT,DHAMARA GHAT,ECR,"Bihar, Bihar",86.599522,25.590821
Maharashtra,DLGN,DHALGAON,CR,"Jath Rd, Maharashtra",74.9887134,17.120967200000003
Maharashtra,DKY,DHOKI,CR,"Dhoki Town, Maharashtra",76.10298900000001,18.353216
,DLSR,DALHOGI ROAD,?,,75.75084299999999,32.289064
,DRBR,Deoraha Baba Road,NER,,83.87109099999999,26.283979000000002
Uttar Pradesh,DLR,DULLAHAPUR,NER,"SH 67, Uttar Pradesh",83.423264,25.799898
,DCAB,DCAB,,,81.477969,21.226612
Assam,DKE,DIHAKHO,NFR,"Diakkawn Rd, Assam",93.126587,25.427907
,CABN,BHILAI CABIN,,,81.499084,21.236052
,DNEA,DANEA,ECR,,85.658334,23.799131
Rajasthan,DPLN,Diplana,NWR,"State Highway 36, Rajasthan",74.88112287595868,29.182572629698868
,KMI,KUMHARI,,,81.516054,21.243782
,DOW,Davol,WR,,72.953112,22.39911
Rajasthan,DHR,DHARNAODA,WCR,"Dharnawada, Rajasthan",77.09925299999999,24.592205
,SZB,SARONA CABIN,,,81.5736163281,21.2532719083
Punjab,DHPR,DAPPAR,NR,"National Highway 22, Punjab",76.8075098584,30.5176409515
,R,RAIPUR JN,,,81.629328,21.256462000000003
,WRC,W R S COLONY PH,,,81.639183,21.277967999999998
,URK,URKURA,,,81.644569,21.289034
Bihar,DUMR,Dumra,ECR,"NH 77, Bihar",85.533639,26.576993
Gujarat,DISA,DISA,WR,"Disa, Gujarat",72.1796003,24.237125199999998
Andhra Pradesh,CKV,CHERUKUVADA,SCR,"Cherukawada, Andhra Pradesh",81.42156278,16.58967159
,LKO,LUCKNOW,,,80.925291,26.830675
Delhi NCT,DLI,OLD DELHI,NR,"Shyama Prasad Mukherji Marg, Delhi NCT",77.228356,28.661815999999998
,MDH,MANDHAR,,,81.704606,21.33807
,SLH,SILIARI,,,81.755534,21.426336000000003
,BKTH,BAIKUNTH,,,81.7800294,21.4976724
Kerala,CHV,CHARVATTUR,SR,"Kasaragod district, Kerala",75.15435,12.213321
Kerala,CDRA,CHANDERA,SR,"Kasaragod, Kerala",75.168292,12.179818
,BYL,BELHA,,,82.077189,21.961973
,PUG,PUNGGUDI,,,78.620151,10.748083000000001
,TPJ,TIRUCHIRAPPALLI,,,78.685355,10.794067
,CHBT,CHAKARBHATHA,,,82.112168,22.003082
Rajasthan,DTRD,Diyatara Road,?,"Diyatra, Rajasthan",72.8399187915,27.733596247399998
,IB,IB,,,83.94878100000001,21.815777
,KGP,KHARAGPUR JN,,,87.32845599999999,22.341431999999998
,FLR,PHULESWAR,,,88.11604889590001,22.4778756365
West Bengal,DHH,Dinhata,NFR,"Dinhata, West Bengal",89.5868746,26.0707762
West Bengal,DKDP,Dakshin Durgapur,ER,"Dakshin Durgapur, West Bengal",88.399338,22.308871
West Bengal,DJRZ,To Darjeeling,NFR,"Darjeeling, West Bengal",88.3332302,26.8521353
Assam,DJG,DULIAJAN,NFR,"Duliajan, Assam",95.30695200000001,27.367712
Assam,DKM,DIKOM,NFR,"A T Rd, Assam",95.0806742816,27.4642265659
Bihar,DHNA,Dhachna,NFR,"National Highway 34, Bihar",87.9869386938,25.6464732123
,JTIN,Jethian,,,85.3141277319,24.929548151899997
Tripura,DMR,Dharmanagar,NFR,"Dharmanagar, Tripura",92.16824700000001,24.366946
West Bengal,DPDP,Dhapdhapi,ER,"Dhapdhapi, West Bengal",88.459855,22.315994
Rajasthan,ENB,Ellenabad,NWR,"State Highway 23, Rajasthan",74.6579341054894,29.44410399265112
Assam,DLCR,Dullabcherra,NFR,"Anipur Nivia Rd, Assam",92.477671,24.505297000000002
Madhya Pradesh,DVH,Devi Halt,SECR,"Devi, Madhya Pradesh",78.86207,21.706411
Assam,DGX,Dagaon,NFR,"Mathaouri Rd, Assam",92.61368900000001,26.444446
Rajasthan,DKWA,Dokwa,NWR,"National Highway 65, Rajasthan",75.32336400000001,28.579787000000003
Karnataka,DUH,Dudda,SWR,"Dudda, Karnataka",76.2042468,13.08842214
Maharashtra,DHI,Dhule,CR,"Dhule, Maharashtra",74.768847,20.887752
West Bengal,DHU,Dhubulia,ER,"Nadia, West Bengal",88.441145,23.483546
Karnataka,DOGL,Donigal,SWR,"Mangalore - Bangalore Hwy, Karnataka",75.73412167570001,12.9040478098
Tamil Nadu,DSM,DARASURAM,SR,"Kumbakonam, Tamil Nadu",79.35638399999999,10.944384000000001
Madhya Pradesh,DWX,DEWAS,WR,"Dewas, Madhya Pradesh",76.051191,22.977556
Rajasthan,DOR,DUNDARA,NWR,"Dhundhara, Rajasthan",72.796892,25.895799
Bihar,DMH,Dauram Madhepura,ECR,"Madhepura, Bihar",86.782638,25.908513
Rajasthan,DPK,Dholipal,NWR,"Dholipal, Rajasthan",74.25159995444119,29.76082671390587
Rajasthan,AHO,ADARSHNAGAR,NWR,"Ajmer, Rajasthan",74.653432493,26.411579930800002
Punjab,DNN,Dina Nagar,NR,"Dinanagar, Punjab",75.467351,32.134789
Orissa,DPC,Darliput,ECoR,"Darliput, Orissa",82.74651899999999,18.365186
Gujarat,DWK,DWARKA,WR,"Dwarka, Gujarat",68.980434,22.251023
,RJN,RAJ NANDGAON,,,81.039019,21.101186000000002
Rajasthan,DOZ,DAURAI,NWR,"Madar, Rajasthan",74.619546,26.395604000000002
,PMS,PARMALKASA,,,81.09869,21.140859000000003
Punjab,DOC,Daun Kalan,NR,"National Highway 64, Punjab",76.4585689563,30.3792190643
Chhattisgarh,MXA,MARAUDA,SECR,"Bhilai, Chhattisgarh",81.35973,21.15958
Uttar Pradesh,BQF,BARAHMUAFI,WCR,"Uttar Pradesh, Uttar Pradesh",81.009932,25.039892
Madhya Pradesh,DOE,DEORI,WCR,"Jabalpur, Madhya Pradesh",80.009808,23.298434999999998
Madhya Pradesh,DRHI,DAGARHKERI,WCR,"State Highway 15, Madhya Pradesh",76.8264017633,22.0812732116
Madhya Pradesh,DGN,DONGARGAON,CR,"Borgaon, Madhya Pradesh",76.36406699999999,21.641314
,KBSN,KASBE-SUKENE,,,74.02714900000001,20.072296
,KW,KHERVADI,,,73.973978,20.046948
,ODHA,ODHA,,,73.910456,20.01601
,NK,NASIK ROAD,,,73.841897,19.947627
,LT,LAHAVIT,,,73.815119,19.852905
,KJMG,KANJUR MARG,,,72.928041,19.128181
,GC,GHATKOPAR,,,72.908591,19.085984999999997
,LTT,LOKMANYA TILAK TERM,,,72.89173899999999,19.070320000000002
Rajasthan,DRB,Debari,NWR,"Debari, Rajasthan",73.805352,24.606987
Uttar Pradesh,FAP,FAKHARPUR HALT,NR,"Fakharpur, Uttar Pradesh",77.293521,28.846965
Delhi NCT,DSA,DELHI SHAHDARA,NR,"Circular Rd, Delhi NCT",77.293154,28.673098
Uttar Pradesh,GZT,GHAZIPUR GHAT,NER,"Ghazipur, Uttar Pradesh",83.60480199999999,25.600279999999998
Tamil Nadu,PGN,PERUGAMANI,SR,"Nagappattinam - Trichy - Karur- Coimbatore - Mettupalayam - Ooty - Gundlupet Road(Vandikara Street), Tamil Nadu",78.54751,10.889271
Nagaland,DMV,DIMAPUR,NFR,"Dimapur, Nagaland",93.72781599999999,25.905701999999998
Karnataka,DWF,DUDH SAGAR WATER FALLS,SWR,"National Highway 4A, Karnataka",74.31403358,15.31333714
Maharashtra,FSG,PHURSUNGI,CR,"Phursungi, Maharashtra",74.026016,18.455828999999998
West Bengal,FLU,Phulia,ER,"Fulia, West Bengal",88.49634,23.229896999999998
Jharkhand,DPS,Dangoaposi,SER,"Nurda, Jharkhand",85.59273,22.167964
West Bengal,DZKT,Durga Chak Town,SER,"Haldia, West Bengal",88.136032,22.066831
Maharashtra,EPR,Mumbai Elphinstone Road,WR,"Mumbai, Maharashtra",72.835426,19.00694
Assam,ELL,Eraligu,NFR,"Eraligu, Assam",92.33263099999999,24.665398
,DLN,DILDARNAGAR JN,,,83.668324,25.419424
Bihar,DNWH,Daniyawan Bazar Halt,?,"Daniawan, Bihar",85.2908951074,25.4345036206
Uttar Pradesh,AHM,AHIMANPUR,NER,"St Ravidas Nagar, Uttar Pradesh",82.511544,25.252404
Rajasthan,FA,FALNA,NWR,"Falna, Rajasthan",73.23495299999999,25.235808
Punjab,DODH,Dodh,NR,"State Highway 20, Punjab",74.52193700000001,30.841607
Uttar Pradesh,DRGJ,DARAGANJ,NER,"Allahabad, Uttar Pradesh",81.87998999999999,25.44265
Gujarat,DQN,Dhanera,NWR,"Dhanera, Gujarat",72.032364,24.506528
Jharkhand,DUMK,Dumka,ER,"Dumka, Jharkhand",87.254975,24.289527
,SRGM,SRIRANGAM,,,78.696348,10.857918
,GOC,PONMALAI GOLDEN ROCK,,,78.709755,10.791837
West Bengal,DZK,Durgachak,SER,"Haldia, West Bengal",88.15527399999999,22.082011
,TPTN,TIRUCHIRAPALI TOWN,,,78.702834,10.829084
,UKV,UTTAMARKOVIL,,,78.702346,10.877948
,BXS,PICHCHANDARKOVL,,,78.720236,10.881112
,VLDE,VALADI,,,78.757917,10.872869000000001
,MAND,MANDURAI,,,78.78619599999999,10.873068
,LLI,LALGUDI,,,78.813672,10.875733
,KTTR,KATTUR,,,78.855173,10.895833999999999
,PMB,PULLAMBADI,,,78.91757299999999,10.940214
,KKPM,KALLAKKUDI PLGH,,,78.948759,10.966118999999999
,KLGM,KALLAGAM,,,79.00542629819999,11.0256145326
,SLTH,SILLAKKUDI,,,79.0368619916,11.095633418
,ALU,ARIYALUR,,,79.06831799999999,11.150035
,OTK,OTTAKOVIL,,,79.109674,11.222726000000002
,VER,VELLUR HALT,,,79.13844999999999,11.242453000000001
,SNDI,SENDURAI,,,79.168778,11.256462
,MTUR,MATHUR,,,79.20580299999999,11.318107
,ICG,ICHCHANGADU,,,79.2197551199,11.371003803499999
,PNDM,PENNADAM,,,79.219978,11.397962999999999
,TLNR,TALANALLUR,,,79.24125000000001,11.436374
,VRT,VRIDDHACHALM TN,,,79.279462,11.482273000000001
Andhra Pradesh,DPD,DOSAPADU,SCR,"Krishna, Andhra Pradesh",80.938771,16.468807
Rajasthan,GAMI,Gogameri,NWR,"MDR 18, Rajasthan",75.03507563844323,29.160244032368652
Maharashtra,GANI,GHARNI,?,"MSH3, Maharashtra",76.758368,18.476969999999998
Maharashtra,DVN,DEVTHANA,SCR,"Nanded, Maharashtra",77.689981,19.274562
Uttar Pradesh,DXH,DUHAI,NR,"Uttar Pradesh, Uttar Pradesh",77.480363,28.730283
Bihar,DWLE,Dhauni,ER,"Dhauni, Bihar",86.9930409827,25.010329682000002
Punjab,DUI,DHURI JN,NR,"Dhuri, Punjab",75.86660300000001,30.372740999999998
Rajasthan,FPS,Fatehpur Shekhawati,NWR,"Fatehpur, Rajasthan",74.971043,28.000728000000002
Uttar Pradesh,DWJ,DWARKAGANJ,NR,"Sultanpur, Uttar Pradesh",82.109076,26.316418
,DI,DOMBIVILI,,,73.0869,19.218218
,VK,VIKHROLI,,,72.928312,19.11196
,VVH,VIDYAVIHAR,,,72.897181,19.079258
Maharashtra,VGN,VANGAON,WR,"Thane, Maharashtra",72.76318500000001,19.882845
Bihar,EKR,Ekangarsarai,ECR,"Ekangar Sarai, Bihar",85.2322638,25.2224815
Haryana,GGN,GURGAON,NR,"Gurgaon, Haryana",77.010739,28.489165
Punjab,DTW,DATEWAS,NR,"Bareta, Punjab",75.616682,29.893255
West Bengal,NAI,Nangi,ER,"Kolkata, West Bengal",88.223984,22.500255999999997
Haryana,FN,Farukhnagar,NR,"Gurgaon, Haryana",76.828486,28.467066
Gujarat,GDL,GONDAL,WR,"Gondal, Gujarat",70.79558800000001,21.972471
Bihar,GAH,Gawnaha,ECR,"Pashchim Champaran, Bihar",84.52017599999999,27.269838999999997
Rajasthan,GAL,GHATLA,NWR,"State Highway 14, Rajasthan",76.628452,27.731813000000002
Gujarat,AI,ADIPUR,WR,"Dist. Kachchh, Gujarat",70.0786586,23.077052700000003
Maharashtra,CHG,MUMBAI CHINCHPOKLI,CR,"Mumbai, Maharashtra",72.832659,18.986789
Chhattisgarh,DWZ,Dantewara,ECoR,"Dantewada, Chhattisgarh",81.35453600000001,18.907733
Gujarat,DXR,DIGSAR,WR,"State Highway 17, Gujarat",71.499375,22.712403000000002
Madhya Pradesh,FTD,Fatehabad Chowk Junction,WR,"Indore, Madhya Pradesh",75.673338,23.009106
Haryana,DZB,Dahina Zainabad,NWR,"Tumna Rd, Haryana",76.39169434200001,28.291078574500002
Tamil Nadu,TMLP,TIRUMALPUR,SR,"Tirumalpur, Tamil Nadu",79.67348799999999,12.956333
Tamil Nadu,CJE,KANCHIPURAM EAST,SR,"Kanchipuram, Tamil Nadu",79.7120436792,12.841137186300001
West Bengal,DUJ,DUBRAJPUR,ER,"Dubrajpur, West Bengal",87.378973,23.803358
Assam,DGU,DIGARU,NFR,"Digaru, Assam",91.977861,26.173306
Assam,BRHU,BARAHU,NFR,"National Highway 37, Assam",92.1395124182,26.1204333815
Assam,DML,DHARAMTUL,NFR,"Dharamtul, Assam",92.36716,26.189127
Uttar Pradesh,BHGP,Bhagirathpur,NER,"National Highway 29, Uttar Pradesh",83.38771,27.326628
Assam,DHRY,DHALPUKHURI,NFR,"Hojai Rd, Assam",92.880626,25.981050999999997
Assam,BRLF,BAR LANGFER S,NFR,"Lumding, Assam",93.225136,25.755626
Assam,SLX,SELENG HAT,NFR,"National Highway 61, Assam",94.4827626898,26.783438032899998
Assam,DBRG,DIBRUGARH,NFR,"Dibrugarh, Assam",94.93525791020001,27.463606565899997
,DIL,DILAWARNAGAR,,,80.6674744,26.9601891
Uttar Pradesh,NDJ,NANDGANJ,NER,"National Highway 29, Uttar Pradesh",83.396867,25.54457
Uttar Pradesh,DYU,DIYURI,NER,"Diyuri, Uttar Pradesh",79.87601000000001,28.603253
Jammu and Kashmir,JAT,JAMMU TAWI,NR,"Jammu Cantt, Jammu and Kashmir",74.880117,32.706975
Himachal Pradesh,KNDI,KANDRORI,NR,"District Kangra Pin- 176402, Himachal Pradesh",75.668807,32.184403
Uttar Pradesh,DYP,Daryapur,NR,"National Highway 24B, Uttar Pradesh",81.248588,26.182799
Punjab,BMK,BIRANG KHERA,NWR,"MDR 105, Punjab",74.63586428650001,29.9125697133
Rajasthan,DHRR,DHIRERA,NWR,"Bikaner, Rajasthan",73.616355,28.363519
Uttar Pradesh,CBN,CHIT BARAGAON,NER,"Chitbaragaon, Uttar Pradesh",84.00154,25.744108999999998
,CPR,CHHAPRA,,,84.725004,25.788320000000002
,DRI,DUMRI JUARA,,,84.869395,25.748425
,SEE,SONPUR JN,,,85.16685100000001,25.696849
Uttar Pradesh,FRDH,Faridaha Halt,NER,"Aunrihar, Uttar Pradesh",83.12602199999999,25.557959
Gujarat,KLL,KALOL JN,WR,"Kalol, Gujarat",72.50363,23.244576000000002
Gujarat,DNW,DANGARWA,WR,"Jagudan, Gujarat",72.44125299999999,23.401485
Gujarat,CHP,CHHAPI,WR,"Banaskantha, Gujarat",72.40022099999999,24.034518000000002
Rajasthan,SOH,SIROHI ROAD,NWR,"Pindwara, Rajasthan",73.039834,24.791042
Tamil Nadu,TN,TUTICORIN,SR,"Thoothukudi, Tamil Nadu",78.15535899999999,8.806109000000001
West Bengal,GBA,GARHBETA,SER,"Medinipur, West Bengal",87.320972,22.844562
Kerala,ELM,ELIMALA,SR,"Kannur District, Kerala",75.2308476031,12.0686868024
Bihar,GARA,Garha,ECR,"NH 77, Bihar",85.52096599999999,26.426289
Rajasthan,GJN,Gajner,NWR,"National Highway 15, Rajasthan",73.0615538,27.9358522
West Bengal,GIA,Garia,ER,"Kolkata, West Bengal",88.404673,22.465958999999998
Tamil Nadu,ERL,ERANIEL,SR,"Kanyakumari, Tamil Nadu",77.308161,8.212549
,VRI,VRIDHACHALAM JN,,,79.316073,11.534965
,MPLY,MEPPULIYUR,,,79.30663799999999,11.676385
,PRKL,PARIKKAL,,,79.370923,11.778527
,KGZ,KARUNGUZHI,,,79.91149,12.531918999999998
Andhra Pradesh,PNDP,PANDILLAPALLI,SCR,"Pandillapalli Railway Station, Andhra Pradesh",80.17023400000001,17.171933
Maharashtra,GLV,GULVANCHI,CR,"Jath Rd, Maharashtra",75.05678,17.172707
Haryana,GHH,GARHI HARSARU,NR,"Gurgaon, Haryana",76.929697,28.43755
Gujarat,GOP,GOP JAM,WR,"State Highway 27, Gujarat",69.90809078,22.0539696502
Chhattisgarh,GDZ,Gundardehi,SECR,"Gundardehi, Chhattisgarh",81.302351,20.948836
Punjab,GDB,GIDDARBAHA,NR,"Giddarbaha, Punjab",74.663342,30.201319
Punjab,GJW,Gajuwala,NR,"State Highway 2, Punjab",75.871735,29.585509000000002
,GMIA,GUMIA,ECR,,85.82892199999999,23.802650999999997
Uttar Pradesh,GDHA,GODHA,NR,"Godha, Uttar Pradesh",78.141225,28.005897
West Bengal,GHUM,Ghoom,NFR,"Darjeeling, West Bengal",88.254223,27.008643
,LRJ,LAKSAR JN,,,78.019628,29.754037999999998
Jharkhand,GSDH,GARSANDA HALT,ECR,"Garsanda, Jharkhand",86.011307,25.142617
Madhya Pradesh,GELA,Ghadela Halt,SECR,"State Highway 19, Madhya Pradesh",78.888017,21.714043999999998
Jharkhand,GHQ,GARHWA,ECR,"Garhwa, Jharkhand",83.8132154,24.1751953
Andhra Pradesh,GDV,GUDIVADA JN,SCR,"Krishna District, Andhra Pradesh",80.987594,16.429888
Madhya Pradesh,GNDI,GONDWALI,WCR,"Bargawa, Madhya Pradesh",82.519981,24.217437999999998
,KEI,KASHI,,,83.031939,25.326563999999998
,BBRM,BABA BHAGWAN RAM HALT,,,83.0384061804,25.315887671800002
,VYN,VYASNAGAR,,,83.071351,25.29701
Bihar,GNK,Garhnokha,ECR,"State Highway 12, Bihar",84.12283778,25.09724423
,BHBV,BLOCK HUT B,,,83.102203,25.274869
,BSB,VARANASI JN,,,82.986468,25.327281
Madhya Pradesh,DKI,DHARMKUNDI,WCR,"Hoshangabad, Madhya Pradesh",77.5510144354,22.5120383739
Uttar Pradesh,NGL,NANGAL,NR,"Saharanpur, Uttar Pradesh",77.62227,29.832554
Uttar Pradesh,MOZ,MUZAFFARNAGAR,NR,"MuzaffarNagar, Uttar Pradesh",77.707807,29.468689
Uttar Pradesh,DRLA,DAURALA,NR,"Meerut, Uttar Pradesh",77.70616000000001,29.114015000000002
Uttar Pradesh,MDNR,MODINAGAR,NR,"Ghaziabad, Uttar Pradesh",77.571716,28.827907
Madhya Pradesh,BRI,BHIRINGI,WCR,"Harda, Madhya Pradesh",76.941024,22.227752
West Bengal,GEDE,Gede,ER,"R 748, West Bengal",88.786737,23.491197
,THK,THAKRULI,,,73.09767799999999,19.225768000000002
Delhi NCT,GHE,GHEVRA,NR,"Ghevra, Delhi NCT",76.99853599999999,28.691982000000003
Punjab,GHA,GOLEHWALA,NR,"Golehwala, Punjab",74.70440599999999,30.789872
Uttar Pradesh,GAW,Gainjahwa,NER,"MDR 10E, Uttar Pradesh",82.24506478820001,27.4546557588
Punjab,GNZ,Gahndran Halt,NR,"Malsian Rd, Punjab",75.424279,31.117935
Uttar Pradesh,GH,GHUGHULI,NER,"Ghughli Bazar, Uttar Pradesh",83.7137745453,27.0539516142
Uttar Pradesh,SJGH,SARAI JAGDISH,NER,"National Highway 2, Uttar Pradesh",82.365134,25.30009
Maharashtra,KARD,KAMAN ROAD,CR,"Section 2, Maharashtra",72.919123,19.33655
Gujarat,AML,AMALSAD,WR,"Amalsad, Gujarat",72.956092,20.811373000000003
Punjab,GTQ,Gumtali Halt,NR,"Gumtali, Punjab",75.636453,31.065852
Gujarat,GLD,Ghelda,WR,"State Highway 133, Gujarat",72.20310172849999,23.3616934176
,LRJC,LAKSAR NORTH CABIN,,,78.00175999999999,29.767009
Uttar Pradesh,GCT,GHAZIPUR CITY,NER,"Ghazipur, Uttar Pradesh",83.568045,25.583144
Rajasthan,GIS,Garhi Sandra,NCR,"Dholpur, Rajasthan",77.76513,26.668256
Kerala,GUV,GURUVAYUR,SR,"Guruvayoor 0487-2556820, Kerala",76.045457,10.596896
,EOCM,EOCM,,,83.196038,25.315812
,KCA,KUCHMAN,,,83.21503,25.318877999999998
,SLD,SAKALDIHA,,,83.289193,25.331472
,TLAM,TULSI ASHRAM,,,83.35123571720001,25.3422743391
,DHA,DHEENA,,,83.423069,25.354392
Maharashtra,DTVL,DATIVLI,CR,"Kalyan Shilphata Rd, Maharashtra",73.059049,19.187012
Maharashtra,KLMG,KALAMBOLI GOODS,CR,"Navi Mumbai, Maharashtra",73.11494900000001,19.035116
,BHCL,BAHORA CHANDIL,,,83.489726,25.364918
,ZNA,ZAMANIA,,,83.54365,25.373856
,DRV,DARAULI,,,83.60180199999999,25.393753
,USK,USIA KHAS,,,83.706967,25.434324
Maharashtra,PEN,PEN,CR,"Pen, Maharashtra",73.0867978516,18.735604455900003
Bihar,GKA,Gokhula,ECR,"Dhaminaha, Bihar",84.53976300000001,27.069813
Kerala,CMC,CHEMANCHERI,SR,"Dist. Kozhikode, Kerala",75.720039,11.405279
Kerala,ETR,ELATTUR,SR,"Kozhikode district, Kerala",75.741119,11.346337
,GPBN,Gandhi Park Halt,?,,77.893393,18.652065999999998
Kerala,CLT,KOZHIKODE,SR,"Calicut, Kerala",75.780407,11.246234
Kerala,FK,FEROK,SR,"Feroke, Kerala",75.8302845,11.174972200000001
Kerala,PGI,PARPANANGADI,SR,"Parappanangadi, Kerala",75.861006,11.045910000000001
,BPZA,BHARATHAPUZHA H,,,76.290829,10.758913999999999
,VTK,VALLATHOL NAGAR,,,76.280933,10.731563
,BWH,BHADAURA,,,83.738354,25.4504253
Rajasthan,GIO,Goriyan,NWR,"National Highway 11, Rajasthan",75.26559,27.547928
Andhra Pradesh,GLA,GARLA,SCR,"Garla, Andhra Pradesh",80.139236,17.487076
Punjab,GOD,GIDARPINDI,NR,"Jalandhar, Punjab",75.12451399999999,31.152633
Rajasthan,GVH,Govind Garh,NCR,"Govindgarh, Rajasthan",76.98805800000001,27.499556
West Bengal,GRB,GARHDHRUBESWAR,SER,"Purulia, West Bengal",86.617006,23.509341
Madhya Pradesh,GNW,Gangiwara,CR,"Chhindwara, Madhya Pradesh",78.846139,22.097988
Rajasthan,GRI,GURIYA,NWR,"Pali, Rajasthan",73.955291,25.998261
West Bengal,HBE,Habibpur,ER,"National Highway 34, West Bengal",88.538423,23.211966999999998
Andhra Pradesh,GWV,GOWDAVALLI,SCR,"Rangareddy, Andhra Pradesh",78.46819099999999,17.609541
Assam,GLGT,Golaghat,NFR,"Golaghat, Assam",93.9611898,26.508626
Madhya Pradesh,MDRR,MADHAVNAGAR ROA,WCR,"Madhavnagar, Madhya Pradesh",80.3948243298,23.7866102083
Madhya Pradesh,GMD,GURAMKHEDI,WCR,"Sohagpur, Madhya Pradesh",78.0778207251,22.682206476
West Bengal,HGA,Hogla,ER,"Hogla H, West Bengal",88.452384,22.255044
Madhya Pradesh,BGTA,BAGRA TAWA,WCR,"Bagra Tawa, Madhya Pradesh",77.9937073,22.6307113
Rajasthan,AIA,AJARAKA,NWR,"Ajaraka, Rajasthan",76.56420899999999,27.959391
Karnataka,GNJ,GUNJI,SWR,"Belagavi, Karnataka",74.47936741759999,15.5431155625
Karnataka,GPB,GHATPRABHA,SWR,"Ghatprabha, Karnataka",74.7598229541,16.240718896
Uttar Pradesh,GTRA,GOTRA HALT,NR,"Gotra, Uttar Pradesh",77.30096,28.807889
Rajasthan,GLTA,GAHLOTA,NWR,"Kishangarh, Rajasthan",74.967556543,26.6723715203
Punjab,GNA,GONEANA,NR,"Goniana, Punjab",74.90948,30.318715
Rajasthan,GJS,Gajsinghpur,NWR,"State Highway 3, Rajasthan",73.436739,29.658053
Punjab,GJUT,GANGSAR JAITU,NR,"Jaitu, Punjab",74.87951100000001,30.445082000000003
Gujarat,GUS,GHUMASAN,WR,"State Highway 41, Gujarat",72.449853,23.378698999999997
Rajasthan,GSD,Ghosunda,NWR,"Chittaurgarh, Rajasthan",74.53452700000001,24.871222
Bihar,HBP,HARPAR BOCHAHA,ECR,"Pagra Rd, Bihar",85.75716073,25.6034373373
Andhra Pradesh,GLE,Gajulaguden,SCR,"Gajulaguden, Andhra Pradesh",80.657904,17.609727
Bihar,GOPG,Gopalganj,NER,"Harkhua, Bihar",84.43554700000001,26.454202
Karnataka,GOK,GOKARNA ROAD,KR,"Uttara Kannada, Karnataka",74.36719699999999,14.582791
Kerala,CS,KANNUR SOUTH,SR,"Kannur, Kerala",75.400253,11.866899
Maharashtra,GNL,Gongle,SECR,"Gondia, Maharashtra",80.147349,21.222011000000002
Kerala,ETK,ETAKKOT,SR,"NH 17, Kerala",75.44379699999999,11.806194999999999
Bihar,GQN,Garhani,ECR,"Garhani, Bihar",84.5696156628,25.4118931462
Gujarat,GNC,Gandhinagar Capital,WR,"Gandhinagar, Gujarat",72.62916200000001,23.233379
Jharkhand,GUA,Gua,SER,"Kiriburu, Jharkhand",85.381896,22.218519
Madhya Pradesh,HKH,Haranya Kheri,WR,"National Highway 3, Madhya Pradesh",75.776745,22.583661
Andhra Pradesh,GVL,Gudlavalleru,SCR,"Gudlavalleru, Andhra Pradesh",81.046037,16.348371
Tamil Nadu,GWYR,Greenways Road,SR,"Chennai, Tamil Nadu",80.25171539,13.0202759
Punjab,GSP,Gurdaspur,NR,"Gurdaspur, Punjab",75.420769,32.044111
Assam,HKD,Hailakandi,?,"Hailakandi, Assam",92.56789,24.680276000000003
Orissa,GNPR,Gunupur,ECoR,"Gunupur, Orissa",83.8099599005,19.069058897799998
Himachal Pradesh,GULR,GULER,NR,"State Highway 22, Himachal Pradesh",76.151266,32.004278
Punjab,GSW,GURSAR SHNEWALA,NWR,"Bagwali, Punjab",74.8861198969,30.138926513900003
Gujarat,HAPA,HAPA,WR,"Jamnagar, Gujarat",70.11814,22.468974
Uttar Pradesh,GZN,NEW GHAZIABAD,NR,"Ghaziabad, Uttar Pradesh",77.43800800000001,28.674404
Karnataka,HPT,HOSPET JN,SWR,"Hospet, Karnataka",76.38578,15.286807
West Bengal,HLZ,Haldia,SER,"Sutahata, West Bengal",88.06589,22.045284
Maharashtra,HEM,HIMAYATNAGAR,SCR,"Nanded, Maharashtra",77.868855,19.416708999999997
Rajasthan,HTD,HATUNDI,NWR,"Ajmer, Rajasthan",74.6445661014,26.354279161199997
Karnataka,HLAR,HOLE ALUR,SWR,"Badami Rd, Karnataka",75.64646099999999,15.81959
Madhya Pradesh,HPP,HARPALPUR,NCR,"Dist - Chhatarpur, Madhya Pradesh",79.33546100000001,25.290501
West Bengal,GSL,GODAPIASAL,SER,"Godapiasal, West Bengal",87.320806,22.530677
Uttar Pradesh,HLDR,HALDAUR,NR,"State Highway 76, Uttar Pradesh",78.275060462,29.290081553100002
Maharashtra,GVD,GHOLVAD,WR,"Gholvad, Maharashtra",72.73799100000001,20.08688
West Bengal,HSA,HASIMARA,NFR,"Hasimara, West Bengal",89.347661,26.72689
Gujarat,GTT,GOMTA,WR,"Gomta, Gujarat",70.72970199999999,21.873814999999997
Uttar Pradesh,GTF,GUMTHAL,NR,"Raja Ka Sahaspur, Uttar Pradesh",78.757645,28.484002
Rajasthan,HSI,HARSAULI,NWR,"Harsoli, Rajasthan",76.615189,27.864848000000002
West Bengal,HRSR,Harish Nagar Halt,ER,"BSF Rd, West Bengal",88.77798899999999,23.469777
Haryana,GSO,GHASO,NR,"District Jind, Haryana",76.14336899999999,29.531288
Karnataka,HNK,HANAKERE,SWR,"Mandya, Karnataka",76.979837,12.565639000000001
Rajasthan,AII,AJMER JN,NWR,"Ajmer, Rajasthan",74.63746400000001,26.456612
Bihar,HIL,Hilsa,ECR,"Hilsa, Bihar",85.277079,25.317354
Haryana,GXG,Geong,NR,"Haryana, Haryana",76.466397041,29.8223584375
Assam,HBN,Haibargaon,NFR,"Nagaon, Assam",92.672506,26.355638
Rajasthan,HLW,Hirnawali,NWR,"Hirnawali, Rajasthan",74.27241649478674,29.710120646310926
Bihar,HRT,Harnaut,ECR,"Harnaut, Bihar",85.5407224109,25.371762836200002
Orissa,HBF,Hadobhangi Halt,ECoR,"Paralakhemundi, Orissa",83.94176085389999,18.8219370968
Uttar Pradesh,HRF,Hathras Kila,NCR,"Hathras(05722-242803), Uttar Pradesh",78.05801798589528,27.594876304064115
Bihar,GRPA,Garhpura,ECR,"Begusarai, Bihar",86.209037,25.65472
Haryana,HSR,Hisar,NWR,"Hisar, Haryana",75.724305,29.152341
Uttar Pradesh,GTM,Ghatampur,NCR,"Ghatampur, Uttar Pradesh",80.174712,26.151304
Jharkhand,GRMA,Ghormara,ER,"Deoghar, Jharkhand",86.86392,24.442298
Tamil Nadu,PCV,Palakkodu,SWR,"Dharmapuri, Tamil Nadu",78.072073,12.297417999999999
Karnataka,HAH,Hosa Agrahara,SWR,"Hosa Agrahara, Karnataka",76.3618194318,12.570459617700001
Bihar,HPI,Harapatti,?,"State Highway 65, Bihar",87.092628,25.881401999999998
Karnataka,IDR,INDI ROAD,SWR,"Bijapur, Karnataka",75.919616,17.211288999999997
Uttarakhand,HLDD,HALDI ROAD,NER,"NH 87, Uttarakhand",79.45967900000001,29.039597
Uttar Pradesh,IZN,IZZATNAGAR,NER,"Bareilly, Uttar Pradesh",79.421171,28.388265999999998
Punjab,HSQ,HUSAINPUR,NR,"Kapurthala, Punjab",75.320851,31.301125
Madhya Pradesh,HNM,HINAUTARAMBAN,WCR,"Satna, Madhya Pradesh",80.94306200000001,24.575192
Assam,HLX,HILARA,NFR,"Cachar, Assam",92.62051100000001,24.951767
Andhra Pradesh,HYB,HYDERABAD DECCAN,SCR,"Hyderabad, Andhra Pradesh",78.467377,17.393362999999997
Rajasthan,JCU,JAICHOLI,WCR,"SH 1, Rajasthan",77.397778,27.131193
Maharashtra,HTK,HATKANAGALE,CR,"Hatkanangale, Maharashtra",74.42206700000001,16.748424
Gujarat,HMT,HIMMATNAGAR,WR,"Himatnagar, Gujarat",72.960358,23.591655
Gujarat,JAM,JAMNAGAR,WR,"Jamnagar, Gujarat",70.053879,22.493992
Uttar Pradesh,HGJ,HARDUAGANJ,NCR,"Aligarh, Uttar Pradesh",78.1280258472,27.9904756211
Punjab,HMI,HIMMATANA,NR,"SH 11, Punjab",75.867119,30.458736
Bihar,HRNG,HARPUR NAG HALT,ECR,"National Highway 28, Bihar",85.07713600000001,26.386419
Uttarakhand,HW,HARIDWAR JN,NR,"Haridwar, Uttarakhand",78.15489899999999,29.947787
Madhya Pradesh,INDM,Indore Junction MG,WR,"Indore, Madhya Pradesh",75.868072,22.717139
Haryana,IHP,INCHHAPURI,NR,"Gurgaon, Haryana",76.7189807,28.319499
Assam,HWX,HABAIPUR,NFR,"Station Rd, Assam",92.98586300000001,25.871926
Maharashtra,HMRR,HAMARAPUR,CR,"Raigad, Maharashtra",73.086161,18.81964
Uttar Pradesh,HIND,HIND,NR,"State Highway 57, Uttar Pradesh",77.3634743811,29.530388830099998
Karnataka,HTNL,HITNAL,SWR,"National Highway 63, Karnataka",76.291469,15.335637
Karnataka,HJL,HEJJALA,SWR,"Bengaluru, Karnataka",77.4184168683,12.8482854964
Tripura,JGNR,Jogendranagar,NFR,"Agartala, Tripura",91.310464,23.812162
Karnataka,HVR,HAVERI,SWR,"Haveri, Karnataka",75.410686,14.7943
Rajasthan,JDL,JAGDEVWALA,NWR,"Bikaner, Rajasthan",73.455749812,28.3108582783
Karnataka,HEI,HEGGERE HALT,SWR,"Heggere, Karnataka",77.048296,13.341342
Karnataka,HHL,HIREHALI,SWR,"NH 4, Karnataka",77.1887639459,13.2815759392
West Bengal,JDP,Jadabpur,ER,"Kolkata, West Bengal",88.37469700000001,22.495442
Bihar,JHD,Jehanabad,ECR,"Jahanabad, Bihar",84.989964,25.224705
Gujarat,HRM,Hadmadiya,WR,"Junagadh, Gujarat",70.841154,20.934947
Maharashtra,HDM,Hirdamali,SECR,"Gondia, Maharashtra",80.197137,21.342807
Gujarat,JARI,Jari,NWR,"Dhanera, Gujarat",72.061232,24.587316
Bihar,HTW,Hathua,NER,"Hathua, Bihar",84.3402527405,26.3689018769
Karnataka,HLV,Haliyuru,SWR,"State Highway 48, Karnataka",76.336804,14.222474
,BETI,Bhetasi,WR,,73.03223700000001,22.421623999999998
Karnataka,KMNR,Kamalnagar,SCR,"Kamal Nagar, Karnataka",77.178835,18.240644
West Bengal,JKL,Jalal Khali,?,"State Highway 11, West Bengal",88.513628,23.347507999999998
Bihar,HPLE,Hatpuraini,ER,"Bhagalpur, Bihar",86.9850695752,25.1558255368
Punjab,JGN,Jagraon,NR,"Jagraon, Punjab",75.47275900000001,30.801197
Karnataka,HPA,Hampapura,SWR,"Hampapura, Karnataka",76.39466399999999,12.479685
,IAM,Mai Halt,?,,84.9878194543,25.156632436000002
Bihar,JHDC,Jehanabad Court,ECR,"National Highway 83, Bihar",84.98415622680001,25.2011434752
Rajasthan,JOR,Jalor,NWR,"Jalor, Rajasthan",72.63429,25.35418
Madhya Pradesh,JBP,JABALPUR,WCR,"Jabalpur, Madhya Pradesh",79.950919,23.164636
Jharkhand,IRN,Irgaon,SER,"Lohardaga, Jharkhand",84.78325099999999,23.421550999999997
Punjab,JHK,JETHUKE,NR,"Jettuke, Punjab",75.318381,30.288215
Haryana,JNA,JULANA,NR,"Julana, Haryana",76.396508,29.120124
Karnataka,IDJ,IDALHOND,SWR,"Garlgunj - Idalhond Rd, Karnataka",74.51814539669999,15.7079285213
Andhra Pradesh,IDL,INDALVAI,SCR,"Indalvai, Andhra Pradesh",78.244351,18.548665
Maharashtra,JJR,JEJURI,CR,"Pune, Maharashtra",74.171451,18.286557
Assam,JRBM,JIRIBAM,NFR,"Rd, Assam",93.12437581,24.79884918
Tripura,JRNA,Jirania,NFR,"Jirania Railway Station, Tripura",91.43198600000001,23.827373
Haryana,JCY,JIND CITY,NR,"Jind, Haryana",76.317477,29.309693
Himachal Pradesh,JDNX,JOGINDER NAGAR,NR,"Joginder Nagar, Himachal Pradesh",76.788887,31.988433
Kerala,IGL,IRINGAL,SR,"Kochi - Panavel Rd, Kerala",75.608869,11.548117000000001
Uttar Pradesh,AILM,AILAM,NR,"State Highway 57, Uttar Pradesh",77.2915349414,29.2719947091
Madhya Pradesh,JONR,Jeonara Ph,SECR,"Nainpur, Madhya Pradesh",80.073534,22.467657
Karnataka,JAK,Jakanur,SWR,"Badami Rd, Karnataka",75.650291,15.845019
West Bengal,IBL,INDRABIL,SER,"Purulia District, West Bengal",86.78164699999999,23.445293999999997
Maharashtra,JOS,JOGESHWARI,WR,"Mumbai, Maharashtra",72.84906600000001,19.136550999999997
Gujarat,JDN,JAGUDAN,WR,"Mehsana, Gujarat",72.40164899999999,23.521841
Uttar Pradesh,JGG,JANGIGANJ,NER,"Allahabad, Uttar Pradesh",82.35067155089999,25.3053173094
Maharashtra,JMNR,Jamner,CR,"Jamner, Maharashtra",75.77482301741838,20.80642760713478
Assam,JTG,Jatinga,NFR,"Jatinga, Assam",93.00795843824744,25.132585153047003
Gujarat,JTP,Jetpur,WR,"Jetpur, Gujarat",70.615184,21.735312999999998
Assam,JMRA,Jamira,?,"Bairabi Rd, Assam",92.527405,24.307199
Gujarat,JBB,Jambur,WR,"Jambur, Gujarat",70.593046,21.032797000000002
Jharkhand,ITKY,Itky,SER,"Ranchi, Jharkhand",85.1270959845,23.3522113974
Rajasthan,JJN,Jhunjhunun,NWR,"Jhunjhunu, Rajasthan",75.39017865434289,28.106884063857194
Gujarat,JBU,Jabugam,WR,"Vadodara, Gujarat",73.76050000000001,22.28593
Assam,JTTN,Jorhat Town,NFR,"Jorhat, Assam",94.217106,26.750692
Punjab,JBW,Jhabelwali,NR,"State Highway 16, Punjab",74.602033,30.510447
Rajasthan,JSA,Jasai,?,"State Highway 40, Rajasthan",71.24586000000001,25.716785
Gujarat,IDAR,Idar,WR,"Sabarkantha, Gujarat",73.01088,23.835435
Rajasthan,JLLO,Jhilo,NWR,"State Highway 13, Rajasthan",75.890113,27.850784
Uttar Pradesh,HZR,Hafizpur,NR,"Hafizpur, Uttar Pradesh",77.785833,28.671653
Punjab,JK,Jakolari,NR,"National Highway 15, Punjab",75.545676,32.218706
Madhya Pradesh,JPO,Jora Alapur,NCR,"Joura, Madhya Pradesh",77.802358,26.344599
Madhya Pradesh,JPV,Jamtara Paraswara,SECR,"Howbadh Jabalpur, Madhya Pradesh",79.960351,23.091963999999997
Uttar Pradesh,JRJ,JARGAON,NR,"Chandausi, Uttar Pradesh",78.768653,28.560472
Maharashtra,JTRD,JATH ROAD,CR,"State Highway 71, Maharashtra",75.110555,17.2166
Maharashtra,KCB,KUSLAMB,CR,"State Highway 77, Maharashtra",75.777193,18.274834000000002
Madhya Pradesh,KCNR,KACHNARA ROAD,WR,"State Highway 31, Madhya Pradesh",75.101751,23.829547
Rajasthan,JWO,JAWAD ROAD,WR,"National Highway 79, Rajasthan",74.764389,24.557577000000002
Rajasthan,JYM,JAI SAMAND ROAD,NWR,"Dengari, Rajasthan",73.86827000000001,24.22064
Uttar Pradesh,KEG,KARENGI,NR,"Karengi, Uttar Pradesh",79.041353,28.346844
Rajasthan,JSM,JAISALMER,NWR,"Jaisalmer, Rajasthan",70.92823899999999,26.91655
Assam,JID,JAGI ROAD,NFR,"Jagiroad, Assam",92.197461,26.126113999999998
Uttar Pradesh,JKN,JAKHANIAN,NER,"State Highway 67, Uttar Pradesh",83.369563,25.740942
Madhya Pradesh,KEQ,KACHHPURA,WCR,"Jabalpur, Madhya Pradesh",79.903128,23.168783
Gujarat,JRS,JORAVASAN,WR,"Joravasan, Gujarat",72.96576,20.729778
Gujarat,JLR,JETALSAR JN,WR,"Rajkot, Gujarat",70.57391,21.729374
Madhya Pradesh,JHT,JUNEHTA,WCR,"State Highway 22, Madhya Pradesh",78.596143,22.78247
Uttar Pradesh,KB,KHAIRATABAD,NER,"Sitapur National Highway 24, Uttar Pradesh",80.740844,27.521338
Gujarat,JIR,JIRA ROAD,WR,"SH 236, Gujarat",71.345267,21.450312
Haryana,JJT,JAI JAI WANTI,NR,"Jind, Haryana",76.36926500000001,29.16948
Uttar Pradesh,JKP,JHAREKAPUR,NER,"Sitapur, Uttar Pradesh",80.728934,27.680642
Uttar Pradesh,JSB,Yamuna South Bank,NCR,"Uttar Pradesh, Uttar Pradesh",80.226651,25.902334
West Bengal,JPH,JHANTIPAHARI,?,"Bankura District, West Bengal",86.904491,23.353362999999998
Bihar,JNKR,Janakinagar,ECR,"Chapra, Bihar",87.116949,25.881604
Punjab,KAGR,KAGANGARH,NR,"MDR 102, Punjab",75.739115,29.839460000000003
Madhya Pradesh,KFP,Kukra Khapa,SECR,"State Highway 19, Madhya Pradesh",78.897525,21.825569
Orissa,JYP,JEYPORE,?,"Jeypore, Orissa",82.55467900000001,18.896375
Haryana,JKHI,Jakhod Khera,NWR,"Jakhodlkhera, Haryana",75.57373,29.209394
Uttar Pradesh,KCO,Kachhia Bridge,NER,"State Highway 33, Uttar Pradesh",78.863805,27.944171
Gujarat,KAVI,Kavi,WR,"Bharuch, Gujarat",88.39808402583003,22.47229104660886
Jharkhand,JNK,Jhinkpani,SER,"Jorapokhar, Jharkhand",85.77066197879999,22.4200106276
Rajasthan,KAI,KAIRLA,NWR,"Pali, Rajasthan",73.1955095032,25.8474354519
Tamil Nadu,JPM,JIYAPURAM,?,"NH 67, Tamil Nadu",78.606343,10.873546000000001
Orissa,JRG,Jugpura,?,"Mayurbhanj, Orissa",86.912796,21.668795
Rajasthan,JOH,Juharpura,NWR,"State Highway 69, Rajasthan",74.84733,28.199319000000003
Haryana,JOK,Jodhka,?,"Sirsa, Haryana",75.218369,29.493381999999997
,JTDM,Jatdumri Halt,?,,85.0950627991,25.474492932500002
Puducherry,VI,Villianur,SR,"NH 45A, Puducherry",79.757506,11.919269000000002
Gujarat,JKS,Jaksi,WR,"State HIghway 138, Gujarat",72.1076480029,23.222302523099998
West Bengal,KBGH,Karea Kadambagachhi,ER,"State Highway 2, West Bengal",88.534887,22.705299
Haryana,JRL,Jharili,NWR,"Jhajjar, Haryana",76.374648,28.50653
Punjab,JHWR,Jhawar,NR,"National Highway 15, Punjab",75.377777,32.002349
West Bengal,KAJ,Kaliyaganj,NFR,"RaiGanj, West Bengal",88.330404,25.6393
Uttar Pradesh,KBE,KUREBHAR,NR,"MDR 66E, Uttar Pradesh",82.111598,26.409469
Uttarakhand,KGM,KATHGODAM,NER,"Kathgodam, Uttarakhand",79.54633,29.266583
Karnataka,KDGI,KUDGI,SWR,"NH 13, Karnataka",75.811482,16.530215
Punjab,KHHJ,Khatkar Kalan,NR,"Nawan Shahar, Punjab",76.02555000000001,31.166967
Rajasthan,KDLG,KUNDALGARH,NWR,"Dungarpur, Rajasthan",73.81051,24.02828
West Bengal,KCF,KALCHINI,NFR,"NH 31C, West Bengal",89.447487,26.687507
Maharashtra,JVA,JAVALE,CR,"State Highway 71, Maharashtra",75.157805,17.298963
Uttar Pradesh,JUA,JARAUNA,NR,"Alamganj, Uttar Pradesh",82.399136,25.557129999999997
Maharashtra,JSP,JAYASINGPUR,CR,"Jaysingpur, Maharashtra",74.551613,16.791339
Karnataka,KBI,KAMBRGANVI,SWR,"State Highway 34, Karnataka",74.875061,15.459597
Gujarat,KDMR,KODIYAR MANDIR,WR,"SH 21, Gujarat",72.00460199999999,21.739200999999998
Punjab,KIQ,Khai Phemeki,NR,"State Highway 20, Punjab",74.55121799999999,30.901616999999998
Uttarakhand,JWP,JWALAPUR,NR,"Jwalapur, Uttarakhand",78.120775,29.928457
Uttar Pradesh,KBR,KABRAI,NCR,"National Highway 76, Uttar Pradesh",80.0382402954,25.385191218099997
Madhya Pradesh,KCR,KHONKER,WCR,"Shivpuri, Madhya Pradesh",77.578988,25.316453
Karnataka,KGW,KARIGANURU,SWR,"Bellary, Karnataka",76.43343,15.251727
Karnataka,KBL,KOPPAL,SWR,"Koppal, Karnataka",76.14395900000001,15.353868
Karnataka,KGI,KENGERI,SWR,"Bengaluru, Karnataka",77.48431,12.918047
Punjab,KBU,KASU BEGU,NR,"Kasu Begu, Punjab",74.671641,30.856795
Karnataka,KGX,KANGINHAL,SWR,"Gadag, Karnataka",75.719041,15.447816999999999
Maharashtra,KHAR,KHAR,WR,"Mumbai, Maharashtra",72.840078,19.069166
Maharashtra,KILE,KANDIVLI,WR,"Mumbai, Maharashtra",72.852098,19.204551
Gujarat,JTY,JETHI,NWR,"BANASKANTHA, Gujarat",72.507154,24.291967
Rajasthan,JSD,Jaisingder,?,"Barmer, Rajasthan",70.35885900000001,25.755537
Assam,KKGT,Kalkalighat,NFR,"National Highway 44, Assam",92.2952717633,24.5804202061
Karnataka,BOMN,Bommagundanakere,SWR,"Bellary-Hiriyur Rd, Karnataka",76.68023,14.591669999999999
Tamil Nadu,KAY,Karaimadai,SR,"Karamadai, Tamil Nadu",76.957617,11.238610999999999
Gujarat,KKK,Khakharia,WR,"State Highway 110, Gujarat",70.932064,21.653052
Uttar Pradesh,KALI,Kaili,NR,"State Highway 18, Uttar Pradesh",77.75277,28.785394
West Bengal,KKAE,Kaikala,ER,"State Highway 2, West Bengal",88.09337895,22.83998676
Punjab,JTH,Jhoktahal Singh,NR,"Jhoktahal Sing, Punjab",74.495544,30.80909
Assam,JRX,Juriagaon,NFR,"Mathaouri Rd, Assam",92.644475,26.441079000000002
Punjab,KGKD,Kang Khurd,NR,"Kang Khurd, Punjab",75.213236,31.126338
Uttar Pradesh,KARH,Kakraha Rest House,NER,"State Highway 26, Uttar Pradesh",81.420529,27.998447
Assam,KLCR,Katlicherra,?,"Bairabi Rd, Assam",92.547042,24.453018
West Bengal,KHGR,Kashinagar Halt,ER,"Kashinagar, West Bengal",88.20132346,21.90539421
Tamil Nadu,KCHV,Kachchanvilai,SR,"Thoothukudi, Tamil Nadu",78.022519,8.579343999999999
Gujarat,KDBM,Khed Brahma,WR,"Khedbrahma, Gujarat",73.041259,24.029405999999998
Haryana,JTS,Jatusana,NWR,"Nanagal Pathani Rd, Haryana",76.52110400000001,28.331448
Uttar Pradesh,KHNM,Kunda Harnamganj,NR,"Kunda, Uttar Pradesh",81.509547,25.714175
Andhra Pradesh,KI,KONDAPALLI,SCR,"Kondapalli, Andhra Pradesh",80.54669299999999,16.623242
Tamil Nadu,KII,KILLE,SR,"NH 45A, Tamil Nadu",79.722552,11.43755
Chhattisgarh,KLPG,KAMALPURGRAM,SECR,"National Highway 78, Chhattisgarh",83.080298,23.166227
Bihar,KFA,KOPARIA,ECR,"Bihar, Bihar",86.59816,25.661041
Gujarat,KHDI,KHANDERI,WR,"Rajkot, Gujarat",70.716676,22.361075999999997
Gujarat,KHC,KHORANA,WR,"State Highway 113, Gujarat",70.82999099999999,22.39349
Tamil Nadu,KDU,KADAMBUR,SR,"Kadambur, Tamil Nadu",77.86363300000001,9.002019
Karnataka,KDN,KUDATINI,SWR,"Bellary, Karnataka",76.76356899999999,15.215160000000001
Madhya Pradesh,KKB,KARAK BEL,WCR,"Karak Bel, Madhya Pradesh",79.34125900000001,22.992315
Karnataka,KJG,KARAJGI,SWR,"haveri, Karnataka",75.407636,14.851426
Gujarat,KEB,KARAMBELI,WR,"National Highway 8, Gujarat",72.90153400000001,20.316435
Maharashtra,KEZ,Kelzar,SECR,"Chandrapur, Maharashtra",79.56394,19.98294
Gujarat,KEP,Kelanpur,WR,"SH 11, Gujarat",73.277017,22.233139
Gujarat,KDHL,Kundhela,WR,"Vadodara, Gujarat",73.28142,22.227958
Rajasthan,KESR,Kesri Singhpur,NWR,"Kesrisinghpur, Rajasthan",73.61854,29.950588999999997
Maharashtra,KLMC,KALAMBOLI,CR,"Navi Mumbai., Maharashtra",73.11480900000001,19.035625
Kerala,KGQ,KASARAGOD,SR,"Kasaragod, Kerala",74.987652,12.491175
Gujarat,KLRD,KALI ROAD,WR,"Ahmedabad, Gujarat",72.57787300000001,23.097473
Haryana,KNGT,KARNAWAS,NWR,"Karnawas, Haryana",76.590073,28.130539000000002
Rajasthan,PSL,PARISAL,NWR,"Khairthal, Rajasthan",76.61526599999999,27.669476
Gujarat,AJE,ANJAR,WR,"Anjar, Gujarat",70.0366109,23.1194723
Madhya Pradesh,KHA,Khaigaon,WCR,"East Nimar, Madhya Pradesh",76.48125700000001,22.011786
Karnataka,KHLL,KETOHALLI,SWR,"Bengaluru, Karnataka",77.335544,12.758925999999999
Bihar,KLNA,KOLHANA HALT,?,"Kothana, Bihar",85.188728,24.810754
Madhya Pradesh,KJP,Khojeepura,NCR,"Khojeepura, Madhya Pradesh",76.851134,25.918097
West Bengal,KLKR,Kalikapur,ER,"Kalikapur Staion Rd, West Bengal",88.47502999999999,22.412606
West Bengal,KLW,Kalwan Halt,ER,"Kalwan, West Bengal",88.256019,22.076525
Chhattisgarh,KDRI,Kendri,SECR,"Kendri, Chhattisgarh",81.729967,21.131542
Rajasthan,KKNA,Khunkhuna,NWR,"State Highway 60, Rajasthan",74.49286000000001,27.277760999999998
Assam,KNBR,Kanaibazar,NFR,"National Highway 44, Assam",92.326722,24.638740000000002
Rajasthan,KHRA,Khachera,NWR,"State Highway 37, Rajasthan",75.6489122412,27.530759924999998
Maharashtra,KLOD,Kelod,SECR,"Kelod, Maharashtra",78.891017,21.470222
Rajasthan,KHTU,Khatu,NWR,"Khatu Khurd, Rajasthan",74.331631,27.116118
Kerala,KFV,Kundara East,SR,"Kollam-Tirumangalam Rd, Kerala",76.691337,8.969608
Madhya Pradesh,KLZ,Keolari,SECR,"State Highway 11A, Madhya Pradesh",79.90885,22.374838
Haryana,KLE,Kaithal,NR,"Haryana, Haryana",76.397796,29.792735
,KKNH,Karukhirharnagar Halt,ECR,,86.61649100000001,25.891166
Himachal Pradesh,SLHP,SULAH HIMACHAL PRADESH,NR,"Sulah, Himachal Pradesh",76.475805,32.070953
Kerala,KKZ,Kottarakara,SR,"Kottarakkara, Kerala",76.765986,9.000279
Haryana,KIY,Kalayat,NR,"Haryana, Haryana",76.2281810498,29.679483800099998
Orissa,KIJ,Kuldiha,SER,"Mayurbhanj, Orissa",86.27664089999999,22.3331028
Maharashtra,KMRD,KALAMB ROAD,CR,"Tadwale, Maharashtra",76.04934,18.371892000000003
Andhra Pradesh,KMC,KAMAREDDI,SCR,"Kamareddi, Andhra Pradesh",78.335858,18.32586
Uttar Pradesh,KLB,KIRAOLI,NCR,"Kiraoli, Uttar Pradesh",77.78581199999999,27.133898
Maharashtra,KNVT,KINWAT,SCR,"Kinwat, Maharashtra",78.20243500000001,19.618502
Uttar Pradesh,KJLU,KHARI JHALU,NR,"Jhalu, Uttar Pradesh",78.21890400000001,29.331864
Haryana,KHV,KARAINTHI,NR,"NH 71, Haryana",76.4817815491,29.0138203113
Haryana,KIU,KINANA,NR,"Brarkhera, Haryana",76.336659,29.227482
Haryana,KLWN,KALWAN,NR,"MDR 111, Haryana",75.952638,29.701333
Punjab,KKP,KOT KAPURA,NR,"Kotkapura, Punjab",74.818173,30.578495999999998
Tamil Nadu,KLT,KULITALAI,SR,"Kulithalai, Tamil Nadu",78.42089299999999,10.932727
Assam,KKET,KAMRUP KHETRI,NFR,"Khetri, Assam",92.08187667179999,26.1271784614
Goa,KM,KALEEM,SWR,"Kalay Railway Station, Goa",74.18884299999999,15.293341
Karnataka,KNP,KHANAPUR,SWR,"Khanapur, Karnataka",74.49975681459999,15.6379344079
Rajasthan,PRSR,Paharsar,NWR,"Paharsar, Rajasthan",75.41038356721401,28.764429948734062
Gujarat,KMLI,KAMLI,WR,"Chhapi, Gujarat",72.375949,23.863182
Maharashtra,SHIV,SHINDAWANE,CR,"Walti Goan, Maharashtra",74.163601,18.434555000000003
Maharashtra,KKW,KANKAVALI,KR,"Kankavli, Maharashtra",73.71987089999999,16.2587773
Kerala,KMQ,KUMBLA,SR,"Kumbla, Kerala",74.943503,12.590263
Kerala,KLQ,Kilikollur,SR,"Kollam, Kerala",76.6327939999,8.9182952655
Rajasthan,KNDL,Khandel,NWR,"MDR 59, Rajasthan",75.2798777728,26.9529472159
Haryana,KHRK,Kharak,NWR,"kharak Village, Haryana",76.308694,28.83755
Maharashtra,KPKD,Khapri Kheda,SECR,"State Highway 243, Maharashtra",79.11366699999999,21.279557
Himachal Pradesh,KOTI,Koti,NR,"National Highway 22, Himachal Pradesh",76.994519,30.852821
Bihar,KKTA,Kollikhutaha,ER,"State Highway 19, Bihar",86.987831,25.18966
Punjab,KKRL,Kakrala,NR,"Nabha, Punjab",76.074534,30.367614999999997
Uttar Pradesh,KJY,Khurja City,NR,"Sikri, Uttar Pradesh",77.84116100000001,28.252454
Assam,KQI,KALACHAND,NFR,"Diakkawn Rd, Assam",93.13311999999999,25.339050999999998
Uttarakhand,KPV,KASHIPUR,NER,"Kashipur, Uttarakhand",78.96071,29.204978
Gujarat,KNKT,KANAKOT,WR,"State Highway 113, Gujarat",70.876238,22.488122
Maharashtra,KODI,KODI,SCR,"Ranjani, Maharashtra",76.00525300000001,19.710119
Karnataka,KNO,KUNDGOL,SWR,"Kundgol, Karnataka",75.250168,15.258352
Jammu and Kashmir,KTHU,KATHUA,NR,"Kathua, Jammu and Kashmir",75.551922,32.397897
Punjab,KTF,KOT FATTEH,NR,"Bathinda, Punjab",75.087931,30.120715999999998
Rajasthan,KRH,KHAIRTHAL,NWR,"Khairthal, Rajasthan",76.64170412169999,27.797324415
Gujarat,KODR,Kodinar,WR,"Kodinar, Gujarat",70.695807,20.797371000000002
Madhya Pradesh,KQS,Kailaras,NCR,"Kailaras, Madhya Pradesh",77.62065939360001,26.3046614487
Karnataka,KUG,KUSUGALI,SWR,"National Highway 63, Karnataka",75.233643,15.392095
Rajasthan,KSG,KISHANGARH,NWR,"Kishangarh, Rajasthan",74.855553,26.588968
Bihar,KRJR,KARJARA,ECR,"State Highway 8, Bihar",85.151844,24.808297
,KRTR,KAROTA PATRI HALT,?,,86.0377370813,25.152408658800002
Maharashtra,KOL,KOLAD,KR,"Kolad, Maharashtra",73.223871,18.392294
Goa,KRMI,KARMALI,KR,"Karmali North, Goa",73.9246644,15.490212900000001
Tamil Nadu,KRMG,Kumaramangalam,SR,"Avur Rd, Tamil Nadu",78.724107,10.696433
Kerala,KPQ,KANNAPURAM,SR,"Kannur District, Kerala",75.31381,11.984076
Punjab,KRHR,Kharar,NR,"Kharar, Punjab",76.6360420268029,30.726293624427043
Maharashtra,KRJA,Karanja,CR,"Karanja, Maharashtra",77.48152183368802,20.491825750710376
,KRON,Karona Halt,?,,85.00541057619999,25.263396537800002
Assam,KTGM,Kayasthagram,NFR,"National Highway 44, Assam",92.353216,24.721172
Orissa,KNGR,Kashinagar Halt,ECoR,"State Highway 34, Orissa",83.87569620789999,18.8568644473
Madhya Pradesh,KRBO,Karaboh,SECR,"SH 26, Madhya Pradesh",79.26235799999999,22.054579999999998
West Bengal,KPA,Kanchrapara,ER,"Kanchrapara, West Bengal",88.451231,22.946024
West Bengal,KRXM,Krishnamohan Halt,ER,"Krishnamohan, West Bengal",88.449759,22.330258
,KRX,Kurud,SECR,,81.696451,20.833165
Maharashtra,KRDH,Koradih,SECR,"Nagpur, Maharashtra",79.10140100000001,21.249152
Tamil Nadu,KTPM,Kotturpuram,SR,"Chennai, Tamil Nadu",80.24820899999999,13.013835
West Bengal,KRP,Krishnapur,ER,"Lalgola, West Bengal",88.25613200000001,24.406330999999998
Rajasthan,KUTL,Kuwanthal,NWR,"Pali, Rajasthan",73.918994,25.498041
West Bengal,KRKN,Karkend,SER,"Karkend, West Bengal",86.369799,23.765615
Tamil Nadu,KTBR,Kasturba Nagar,SR,"Chennai, Tamil Nadu",80.248086,13.005609
Gujarat,KNAD,Kanad,WR,"Bhavnagar, Gujarat",71.9263402661,21.649251036200003
Rajasthan,KRC,Kiroda,NWR,"Degana, Rajasthan",74.311248,26.991165000000002
Madhya Pradesh,KRO,KURAWAN,WCR,"Harda, Madhya Pradesh",76.888706,22.191568
Maharashtra,KSAE,KOSAI,SCR,"Kinwat, Maharashtra",78.334546145,19.6395023854
Gujarat,KTLA,KATKOLA JN,WR,"Katkola Junction, Gujarat",69.8841357111,21.8521799207
Gujarat,KRGA,KURANGA,WR,"Jamnagar, Gujarat",69.171715,22.061244
Rajasthan,KRCD,KHARWA CHANDA,NWR,"Kharwa Chanda, Rajasthan",73.794095,24.417762999999997
Maharashtra,VR,VIRAR,WR,"Thane, Maharashtra",72.811737,19.454407
Bihar,KTI,KANTI,ECR,"Kanti, Bihar",85.285092,26.198944
West Bengal,KSU,KUSHTAUR,SER,"Purulia, West Bengal",86.498336,23.430415999999997
Gujarat,KTGD,KOTH GANGAD,WR,"Koth, Gujarat",72.3016887134,22.6282749467
Chhattisgarh,KTO,KATORA,SECR,"Patna, Chhattisgarh",82.7112187811,23.3115927105
Gujarat,KSD,KESHOD,WR,"Keshod, Gujarat",70.252274,21.297662
Punjab,KSA,KHASA,NR,"Khasa, Punjab",74.714584,31.610411
Assam,KQY,KHARIKATIA,NFR,"Dhodar Ali, Assam",94.248092,26.615923
Uttar Pradesh,KS,KHETA SARAI,NR,"Nawab Yousuf Rd, Uttar Pradesh",82.6886636169,25.965774583199998
Rajasthan,KTR,KOTHAR,NWR,"Pali, Rajasthan",73.123647,24.980982
West Bengal,KWDP,Kakdwip,ER,"National Highway 117, West Bengal",88.19387900000001,21.8796
Assam,NMT,NAMTIALI,NFR,"National Highway 61, Assam",94.619336,26.851588
Karnataka,KRKP,KYARKOP,SWR,"Dharwad, Karnataka",74.96794799999999,15.442249
Karnataka,KUD,KUDACHI,SWR,"Kudchi, Karnataka",74.85868699999999,16.62608
Maharashtra,KRG,KOREGAON,CR,"Koregaon, Maharashtra",74.147622,17.690976
Kerala,KQK,KOTIKULAM,SR,"Bekal, Kerala",75.024008,12.423507
Maharashtra,KTKR,Kumtha Khurd,SCR,"State Highway 217, Maharashtra",77.0092961456,18.4218389359
Kerala,KTU,KUTTIPPURAM,SR,"Kuttippuram, Kerala",76.03339700000001,10.845723999999999
Assam,KRNI,KRISHNAI,NFR,"NH 37, Assam",90.68256799999999,26.070884
Maharashtra,KUHI,Kuhi,SECR,"Nagpur, Maharashtra",79.35072000000001,21.007558
Gujarat,KTAL,Kathalal,WR,"Kathalal, Gujarat",72.986389,22.899659
Tamil Nadu,KUTR,Kulathur,SR,"Keeranur, Tamil Nadu",78.79207688,10.57217515
Gujarat,LAT,Lathi,WR,"Lathi, Gujarat",71.386531,21.73935
West Bengal,KWF,Katwa,ER,"Katwa, West Bengal",88.123575,23.639805
Bihar,KYH,Khairah,NER,"Saran, Bihar",84.760114,25.861013
West Bengal,KYP,Kalyanpur,ER,"Baruipur, West Bengal",88.414597,22.343456
Gujarat,KTNA,Kathana,WR,"Bhadran, Gujarat",72.752631,22.235720999999998
Tamil Nadu,KRUR,Keeranur,SR,"Keeranur, Tamil Nadu",78.787292,10.576654999999999
Haryana,KTWS,Kathuwas,NWR,"State Highway 26, Haryana",76.3437941406,28.1331067668
Andhra Pradesh,KRY,Kadiri,SCR,"Kadiri, Andhra Pradesh",78.165591,14.114788
Bihar,KUMB,KUMARBAGH,ECR,"Kumarbagh, Bihar",84.51158,26.874522000000002
Bihar,LAK,LAKHO,ECR,"Lakho, Bihar",86.205004,25.416359999999997
Maharashtra,KVK,KAVATHE MAHANKL,CR,"Jath Rd, Maharashtra",74.94491099999999,17.007517
Tamil Nadu,KXO,KUDIKADU,SR,"Poondi, Tamil Nadu",79.241642,10.775636
West Bengal,LKPR,Lakshmikantpur,ER,"Lakshmikantapur, West Bengal",88.321958,22.110055
Gujarat,LAL,LUSHALA,WR,"State Highway 99, Gujarat",70.32629040219999,21.3918244015
Punjab,KWJ,KHOJEWALA,NR,"Kapurthala, Punjab",75.47495599999999,31.359247
Punjab,KXH,KAPURTHALA,NR,"Kapurthala, Punjab",75.38272400000001,31.366846
Maharashtra,LING,Ling,CR,"Ling, Maharashtra",87.3615834955126,25.290391816004586
Uttar Pradesh,KZS,KUAKHERA HALT,NR,"Chandausi, Uttar Pradesh",78.76651700000001,28.546470999999997
Karnataka,KVE,KAVALANDE,SWR,"SH 57, Karnataka",76.799272,12.033304
Assam,KWM,KAMPUR,NFR,"Kampur, Assam",92.6577872687,26.1606011328
Punjab,KZW,KATAR SINGHWALA,NR,"State Highway 17, Punjab",75.01084399999999,30.154130000000002
Tamil Nadu,KZTW,KULITTURAI WEST,SR,"Kanyakumari, Tamil Nadu",77.209792,8.323734
Rajasthan,LNH,Lachhmangarh Sikar,NWR,"Laxmangarh, Rajasthan",75.034114,27.832586
Assam,KUTI,Khumtai,NFR,"Khumtai, Assam",93.86427300000001,26.626403999999997
Madhya Pradesh,LDE,Lokdhikhera,SECR,"Sausar, Madhya Pradesh",78.855877,21.582533
Kerala,KZC,Kulukkalur,SR,"Kulukkallur, Kerala",76.23944300000001,10.868287
Rajasthan,LDM,Ledarmer,NWR,"Jalor, Rajasthan",72.34701899999999,25.055439
West Bengal,KYI,Kalyani,ER,"Kalyani, West Bengal",88.467499,22.969219
Punjab,KUDN,Kudni,NR,"MDR 101, Punjab",75.8447011951,29.777708816700002
Tamil Nadu,KXT,Ketti,SR,"Granduff Rd, Tamil Nadu",76.736915,11.381409
,LIR,Lachmipur,NER,,83.379037,27.25415
Madhya Pradesh,LIG,Linga,SECR,"Linga, Madhya Pradesh",78.936403,21.963575000000002
Punjab,LDK,Ladhuka,NR,"State Highway 20, Punjab",74.119614,30.49849
Uttar Pradesh,KYBR,Khairatiya Bandh Road,NER,"Khairatiya, Uttar Pradesh",81.081765,28.272292
Assam,LEDO,Ledo,NFR,"Ledo, Assam",95.725374,27.288435
Chhattisgarh,LBO,Latabor,SECR,"Latabore, Chhattisgarh",81.26577,20.789828
Punjab,KYY,Kariha,NR,"Kariha, Punjab",76.068043,31.146278
Chhattisgarh,KYS,Kusumkasa,SECR,"Kusumkasa, Chhattisgarh",81.087812,20.637273
Tamil Nadu,KTYR,Kottaiyur,SR,"Kottaiyur, Tamil Nadu",78.786317,10.112077
West Bengal,LGL,Lalgola,ER,"Lalgola, West Bengal",88.257513,24.421152
Gujarat,KVH,Khambhel,WR,"State Highway 7, Gujarat",72.042973,23.610866
Bihar,LKN,LAKHMINIA,ECR,"Bihar, Bihar",86.309269,25.426072
Maharashtra,LNP,LANGARPETH,CR,"Jath Rd, Maharashtra",74.96712500000001,17.084723
Madhya Pradesh,LMNR,LAKSHMIBAI NAGAR,WR,"Indore, Madhya Pradesh",75.858526,22.742296
Gujarat,LHBK,LOTHAL BHURKI,WR,"State Highway 1, Gujarat",72.222393,22.55299
Delhi NCT,LPNR,LAJPAT NAGAR,NR,"Lajpat Nagar, Delhi NCT",77.244136,28.57927
Tamil Nadu,MCPK,Chepauk,SR,"Chennai, Tamil Nadu",80.28015,13.061372
Maharashtra,LSR,LASUR,SCR,"Aurangabad, Maharashtra",75.01148900000001,19.926081
Rajasthan,LNA,LAMANA,NWR,"Beawar, Rajasthan",74.46563,26.244934
Uttar Pradesh,LOG,LOHGARA,NCR,"Lohgara, Uttar Pradesh",81.73019000000001,25.250449999999997
,DTRA,DANTRA,,,75.149207,26.772568999999997
West Bengal,LBTL,Lebutala,ER,"Lebutala, West Bengal",88.640107,22.666791
Gujarat,LTD,LATHIDAD,WR,"Tajpar Rd, Gujarat",71.702802,22.090056
Punjab,LLU,LALRU,NR,"Lalru, Punjab",76.7941,30.479756
Gujarat,LPJ,LALPUR JAM,WR,"Lalpur, Gujarat",69.9524202618,22.194537580600002
Madhya Pradesh,LTA,Lamta,SECR,"Lamta, Madhya Pradesh",80.1244293225,22.1390377316
Punjab,LHA,LEHRA GAGA,NR,"Sangrur, Punjab",75.810079,29.937832
,RRME,RANCHI ROAD,ECR,,85.51160300000001,23.665992000000003
Andhra Pradesh,LKSH,LAKSHMINARAYANAPURAM,SCR,"L Narayanapuram, Andhra Pradesh",81.592567,16.600703
Karnataka,LWR,ALNAVAR JN,SWR,"Alnavar, Karnataka",74.738116,15.424244
Gujarat,LKZ,LAKADIYA,WR,"Lakadia, Gujarat",70.58674500000001,23.339664
Gujarat,LTR,LAKHTAR,WR,"Lakhtar, Gujarat",71.77672700000001,22.873403
Gujarat,LPR,LILAPUR ROAD,WR,"State Highway 17, Gujarat",71.862567,22.954447
Gujarat,LMO,LILIYA MOTA,WR,"Liliya Mota, Gujarat",71.372863,21.540317
Uttar Pradesh,LMN,Lachhmanpur,NR,"Unchahar, Uttar Pradesh",81.25726300000001,26.050472
Assam,LPN,LAOPANI,NFR,"National Highway 37, Assam",92.59598917299999,26.2003076494
Assam,LKA,LANKA,NFR,"Lanka, Assam",92.958001,25.914426
Tamil Nadu,MCPT,Chintadripet,SR,"Chennai, Tamil Nadu",80.274188,13.07406
Assam,LKG,LAMSAKHANG,NFR,"Lamsakhan Rd, Assam",93.046846,25.796536
Assam,LCT,LANGCHOLIET,NFR,"TV Centre Road, Assam",93.3046356757,25.759322935
Assam,LPTA,LONGPATIA,NFR,"Nabhokotia Rd, Assam",95.0953363135,27.0797307213
Assam,LHL,LAHOAL,NFR,"A T Rd, Assam",94.999525,27.4525
Tripura,MANU,Manu,NFR,"Manu, Tripura",91.9989317505,23.9881925448
West Bengal,MAK,Mallikpur,ER,"Kolkata, West Bengal",88.43331500000001,22.396985
Punjab,LKW,Lakhewali,NR,"Court Rd, Punjab",74.341781,30.447834
Bihar,LNO,Lohna Road,ECR,"Naruar, Bihar",86.229057,26.220882
Rajasthan,LHW,Loharwara,NWR,"Sikar Rd, Rajasthan",75.67687000000001,27.19839
Orissa,LTK,Lathikata,SER,"Latkata, Orissa",84.89496100000001,22.131808
Andhra Pradesh,LRI,Lihuri Halt,ECoR,"Lihuri Rd, Andhra Pradesh",83.849833,18.913242
Haryana,LHLL,Lahli,NWR,"State Highway 16, Haryana",76.44533799999999,28.854316999999998
Rajasthan,MAAR,Malhar,?,"Jodhpur, Rajasthan",72.37553642820001,27.2041163361
Gujarat,LCH,Linch,WR,"State Highway 41, Gujarat",72.3554837085,23.526717930500002
Andhra Pradesh,MDR,MADHIRA,SCR,"K.Ponnavaram, Andhra Pradesh",80.366849,16.921826
Rajasthan,MDB,MANDOR,NWR,"Jodhpur, Rajasthan",73.042126,26.350708
Tamil Nadu,TUY,THIRUTHURAIYUR,SR,"Thiruthuraiyur Railway Station Rd, Tamil Nadu",79.534813,11.823788
Rajasthan,MDL,MANDAL,NWR,"Mandal, Rajasthan",74.59395891049999,25.439631738299997
Gujarat,MDPR,MODPUR,WR,"Khambhalia-Lalpur, Gujarat",69.81170376339999,22.2625878623
Gujarat,MDRA,MEDRA,WR,"National Highway 8, Gujarat",72.712778,23.13609
Madhya Pradesh,MFR,Mandla Fort,SECR,"Mandla Fort, Madhya Pradesh",80.355908,22.586017
Gujarat,MDHA,Madhada,WR,"Bhavnagar, Gujarat",71.90539757810001,21.608000903100002
Punjab,MAUR,MAUR,NR,"Maur Mandi, Punjab",75.22772,30.062745999999997
West Bengal,MDF,MURADI,SER,"Barakar, West Bengal",86.80929,23.593092000000002
Haryana,MDLA,MUNDLANA,NR,"Panipat, Haryana",76.757452,29.212025
,VU,VAGHPURA,,,71.34996600000001,23.781878
Uttar Pradesh,MEM,MAU AIMMA,NR,"Allahabad, Uttar Pradesh",81.91377,25.698324
Uttar Pradesh,MEQ,MALETHU KANAK,NR,"Bikapur, Uttar Pradesh",82.124891,26.60377
Uttar Pradesh,MBS,MADHOSINGH,NER,"SH 5, Uttar Pradesh",82.552278,25.249931
Bihar,MDVB,Mandar Vidyapith Halt,ER,"Mandar, Bihar",87.0202584961,24.8344029798
Chhattisgarh,MCF,Manik Chauree Halt,SECR,"Manikchauri, Chhattisgarh",81.783198,21.004164000000003
Andhra Pradesh,MCU,Mulacalacheruvu,SCR,"Mulakalacheruvu, Andhra Pradesh",78.26482899999999,13.802188000000001
Rajasthan,MD,MADAR,NWR,"Ajmer, Rajasthan",74.68722700000001,26.465014
Rajasthan,MBNL,Marwar Bhinmal,NWR,"Bhinmal, Rajasthan",72.275398,25.000632999999997
Maharashtra,MADR,MADURE,KR,"Sawantwadi Vengurla Rd, Maharashtra",73.80896700000001,15.812975
Karnataka,MANK,MANKI,KR,"Manki, Karnataka",74.4932361584,14.1744388792
Karnataka,MAJN,MANGALORE JN,SR,"Mangalore, Karnataka",74.88006,12.866193
Haryana,MBY,MANDI DABWALI,NWR,"Mandi Dabwali, Haryana",74.700155,29.966227
Puducherry,MAHE,MAHE,SR,"Mahe, Puducherry",75.546967,11.699226999999999
Maharashtra,MDD,MALAD,WR,"Mumbai, Maharashtra",72.84917,19.187089
Tripura,MGKM,Mungiakami,NFR,"Mungiyakami, Tripura",91.7101089758,23.8838302513
Bihar,MDLE,Mandar Hill,ER,"Mandar, Bihar",87.02615830570001,24.8060780645
Punjab,AJL,Ajitwal,NR,"Ajitwal, Punjab",75.33981800000001,30.807611
West Bengal,MDBP,Madhabpur,ER,"State Highway 3, West Bengal",88.347323,22.119207
Madhya Pradesh,AJN,Ajnod,WR,"Indore, Madhya Pradesh",75.738947,22.931326000000002
Bihar,MDCR,Masaudhi Court Halt,?,"National Highway 22, Bihar",85.0439060474,25.366289184800003
Madhya Pradesh,MDGR,Manendragarh,SECR,"Manendragarh, Madhya Pradesh",82.197734,23.219746999999998
Punjab,MG,Modelgram,NR,"Ludhiana, Punjab",75.83618299999999,30.891527
,MEE,Methai,ECR,,86.72458900000001,25.907006000000003
Bihar,MEW,Marhaura,NER,"National Highway 28B, Bihar",84.850984,25.969081
Jharkhand,LYD,Layabad,SER,"Loyabad, Jharkhand",86.351907,23.773417
West Bengal,MIJ,Majhdia,ER,"Banpur-Majhdia Rd, West Bengal",88.719031,23.414561999999997
Rajasthan,MBW,Malwara,NWR,"Marwara, Rajasthan",72.26700809939999,24.7994691685
Bihar,MHC,Masrakh,NER,"Mashrakh, Bihar",84.8085433154,26.1022287466
Maharashtra,MGVK,Malegaon Vyenku,SECR,"National Highway 69, Maharashtra",78.956134,21.37586
Punjab,MFM,MAHALAM,NR,"State Highway 20, Punjab",74.706748,31.018428
Punjab,MET,MALERKOTLA,NR,"Maler Kotla, Punjab",75.87169200000001,30.529403
Madhya Pradesh,MHOW,Mhow,WR,"Mhow, Madhya Pradesh",75.771097,22.55518
Madhya Pradesh,MINA,MIYANA,WCR,"Guna, Madhya Pradesh",77.472164,24.85653
Uttar Pradesh,MIQ,MIRHAKUR,NCR,"Idgah Agra, Uttar Pradesh",77.8660122473,27.151203539700003
Gujarat,MLSR,Malsar,WR,"Sinor, Gujarat",73.31641039811075,21.88940753391553
Uttar Pradesh,MKP,MANIKPUR JN,NCR,"Manikpur, Uttar Pradesh",81.09365700000001,25.063492
Tamil Nadu,MES,MADURAI EAST,SR,"Madurai, Tamil Nadu",78.134188,9.908505
Bihar,MHRL,Mahrail,ECR,"Mahrail, Bihar",86.284783,26.294081000000002
West Bengal,MGLE,MANIGRAM,ER,"Lalgola, West Bengal",88.107881626,24.3428549076
Rajasthan,MLH,MANAKLAO,NWR,"State Highway 61, Rajasthan",73.003204,26.485986
Maharashtra,VV,VALIVADE,CR,"Valivade, Maharashtra",74.298965,16.703574
Bihar,MKI,BAPUDHAM MOTIHARI,ECR,"Motihari, Bihar",84.90525,26.655520000000003
Bihar,MHL,MAHWAL,ECR,"Muzaffarpur, Bihar",85.12631435489999,26.301858406599997
Maharashtra,MHMB,MAHIMBA,SCR,"Nanded, Maharashtra",78.076322,19.419884999999997
Karnataka,AJP,AJJAMPUR,SWR,"Ajjampur, Karnataka",76.0097415,13.7283327
Gujarat,MHDP,Mahadevpara,WR,"State Highway 9, Gujarat",72.949202,23.677025
Maharashtra,MIRA,MIRA ROAD,WR,"Mira Bhayandar, Maharashtra",72.856072,19.280299
Goa,MJO,MAJORDA,KR,"South Goa, Goa",73.922408,15.314045
Uttar Pradesh,MGRR,MAGARPUR,NCR,"Mau Ranipur, Uttar Pradesh",78.858785,25.322705000000003
West Bengal,MJE,MUJNAL,NFR,"National Highway 31C, West Bengal",89.191957,26.693327999999998
Uttar Pradesh,MIH,MIHRAWAN,NR,"Nawab Yousuf Rd, Uttar Pradesh",82.694333,25.871178
Maharashtra,MM,MUMBAI MAHIM JN,WR,"Mumbai, Maharashtra",72.84687600000001,19.040547
Assam,MOAR,Manipur Bagan,?,"Bairabi Rd, Assam",92.54072000000001,24.400845
Kerala,MJS,MANJESHWAR,SR,"NH 17, Kerala",74.887582,12.724197
West Bengal,MGAE,Morgram,ER,"Murshidabad Distt., West Bengal",88.018413,24.304919
Karnataka,MNGT,MYSORE NEW GOOD,SWR,"Mysore, Karnataka",76.642542,12.338553999999998
Haryana,MHU,Manheru,NWR,"Bhiwani, Haryana",76.203117,28.701227
Assam,MJN,Makum Junction,NFR,"Makum, Assam",95.440958,27.485742
Tamil Nadu,MLHS,Light House,SR,"Chennai, Tamil Nadu",80.276539,13.044645999999998
West Bengal,MGM,Muragacha,ER,"Nadia, West Bengal",88.421243,23.529636
Tamil Nadu,MNDY,Mandaveli,SR,"Chennai, Tamil Nadu",80.260507,13.027861000000001
Maharashtra,MHAD,Mohadi Pragane Laling,CR,"Dhule, Maharashtra",74.77978399999999,20.863002
Uttar Pradesh,MIW,Mighauna,NER,"Mighauna, Uttar Pradesh",79.826515,28.24322
Rajasthan,MIO,Molisar,NWR,"Churu, Rajasthan",74.739025,28.13104
Gujarat,MHUA,Mahudha,WR,"Madhuda, Gujarat",72.946947,22.817129
Punjab,MLKH,Mulewal Khaihra,NR,"Neewa Meianwal, Punjab",75.29969399999999,31.102966
Tamil Nadu,MNME,Manamadurai East,SR,"Manamadurai, Tamil Nadu",78.45434999999999,9.697777
,MNCR,Monacherra,?,,92.550058,24.611951
Bihar,MJV,Manjhagarh,NER,"National Highway 28, Bihar",84.504257,26.417226
Uttarakhand,MOTC,MOTICHUR,NR,"Haridwar, Uttarakhand",78.177678,29.981150000000003
Gujarat,MLHA,MALIYA HATINA,WR,"Malia, Gujarat",70.29970100000001,21.15957
Maharashtra,MLB,MODNIMB,CR,"Shetfal, Maharashtra",75.4055439008,17.9165477096
Karnataka,MNL,MINCHNAL,SWR,"Bijapur, Karnataka",75.822432,16.971395
Rajasthan,MKH,MALAKHERA,NWR,"Mala Khera, Rajasthan",76.618982,27.390236
Madhya Pradesh,MLG,MALHARGARH,WR,"Malhargarh, Madhya Pradesh",74.972666,24.265618
Madhya Pradesh,MKD,MARKUNDI,WCR,"State Highway 11, Madhya Pradesh",80.947114,25.017393
Maharashtra,MUE,MUDKHED,SCR,"Mudkhed, Maharashtra",77.509661,19.148087
Uttar Pradesh,MNDR,MANDI DHANAURA,NR,"Jyotiba Phule Nagar, Uttar Pradesh",78.26149799999999,28.953119
Andhra Pradesh,MLGT,MALLAPPA GATE,SCR,"Guntakal, Andhra Pradesh",77.387152,15.225027
Uttar Pradesh,MNQ,MAINPURI,NCR,"Mainpuri, Uttar Pradesh",79.034774,27.216507
Karnataka,MLSA,MALLASANDRA,SWR,"NH 206, Karnataka",77.015018,13.335173
Punjab,MKS,Muktsar,NR,"Muktsar, Punjab",74.514271,30.47821
West Bengal,MPLR,MAHIPAL ROAD,ER,"Lalgola, West Bengal",88.1911711557,24.2875453877
Haryana,MKLI,MAKRAULI,NR,"Rohtak, Haryana",76.62755,28.946971
Bihar,MNO,MEHNAR ROAD,ECR,"Bihar, Bihar",85.504477691,25.654307800700003
Maharashtra,MRU,MUMBAI MATUNGA ROAD,WR,"Mumbai, Maharashtra",72.847143,19.028606
Rajasthan,MMC,MAHAMANDIR,NWR,"Jodhpur, Rajasthan",73.037935174,26.3087448868
Rajasthan,MMY,MARWAR MATHANYA,NWR,"Mathania, Rajasthan",72.978778,26.532173
Gujarat,MTHP,MITHAPUR,WR,"Jamnagar, Gujarat",69.00869499999999,22.411601
Rajasthan,MON,Modran,NWR,"Jalor, Rajasthan",72.447631,25.187428
Uttar Pradesh,MNZ,MANANI,NR,"State Highway 57, Uttar Pradesh",77.498609,29.884915
Assam,AJRE,AUJARI,NFR,"National Highway 37, Assam",92.266800144,26.1446457224
Uttar Pradesh,MLN,MAILANI,NER,"Lakhimpur Kheri, Uttar Pradesh",80.347318,28.284349000000002
Bihar,MNS,Manshahi,NFR,"National Highway 81, Bihar",87.5881226697,25.4756828749
Bihar,MRJD,Marajdwa,ECR,"Sikta-Mainatad Rd, Bihar",84.60191599999999,27.043053
Punjab,MLX,Mullanpur,NR,"Mullanpur, Punjab",75.66501600000001,30.83811
,MPUR,New Madanpur,?,,87.226329,24.312218
Gujarat,MSQ,Marwar Ratanpur,NWR,"State Highway 128, Gujarat",72.142853,24.67822
West Bengal,MMG,Madhyamgram,ER,"Kolkata, West Bengal",88.45225400000001,22.693938
Madhya Pradesh,MPML,Mohapani Mal,SECR,"State Highway 19, Madhya Pradesh",78.910005,21.812143
Kerala,MLTR,Melattur,SR,"Melattoor, Kerala",76.272805,11.06543
Madhya Pradesh,MQQ,Markahandi U Halt,SECR,"State Highway 26, Madhya Pradesh",79.191328,22.049857000000003
Punjab,MQS,Malsian Shahkot,NR,"Shahkot-Moga Rd, Punjab",75.354756,31.110293
Madhya Pradesh,MKDN,Morkadhana,CR,"Nayagaon, Madhya Pradesh",78.501566,22.11073
Punjab,MSZ,MANSA,NR,"Mansa, Punjab",75.402584,29.989694999999998
West Bengal,MPLE,MAHIPAL,ER,"Lalgola, West Bengal",88.162107,24.30631
Maharashtra,MQL,MIRKHAL,SCR,"Purna, Maharashtra",76.9150573724,19.2036411097
Assam,MTJR,MOTERJHAR,NFR,"Dhubri Kochugaon Rd, Assam",89.864509,26.133968
,MSOD,MASODHA,NR,,82.12533900000001,26.709217000000002
Madhya Pradesh,MTJL,Motijheel,NCR,"Gwalior, Madhya Pradesh",78.142209,26.249743000000002
,MSDH,MASNADIH,ECR,,84.832613,26.958112
Uttar Pradesh,MSP,MANSURPUR,NR,"Muzaffarnagar, Uttar Pradesh",77.719182,29.355377
Rajasthan,MVJ,MAVLI JN,NWR,"Mavli, Rajasthan",73.973721,24.794585
Punjab,NBA,Nabha,NR,"Nabha, Punjab",76.14639600000001,30.363819
Uttar Pradesh,MUT,MEERUT CANT,NR,"Meerut, Uttar Pradesh",77.686937,29.015997000000002
Rajasthan,MWT,MARWAR LOHWAT,NWR,"Jodhpur, Rajasthan",72.58927,26.981256000000002
Uttar Pradesh,MTC,MEERUT CITY,NR,"Meerut, Uttar Pradesh",77.675106,28.977610000000002
Uttar Pradesh,MUD,MURADNAGAR,NR,"Ghaziabad, Uttar Pradesh",77.506774,28.759017
Uttar Pradesh,MSRP,MURHESI RAMPUR,WCR,"SH 33, Uttar Pradesh",77.62741799999999,27.412426
West Bengal,MTFA,MERTALA PHALEYA,ER,"Mertala Phaleya, West Bengal",88.319686,23.479665999999998
Gujarat,MRL,MAROLI,WR,"Maroli, Gujarat",72.88999799999999,21.019949
Tamil Nadu,MQ,Mannargudi,SR,"Mannargudi, Tamil Nadu",79.455639,10.674541000000001
Tamil Nadu,MP,MELAPPALAIYAM,SR,"Tirunelveli, Tamil Nadu",77.7018564789,8.7067184087
Maharashtra,MSD,BOMBAY MASJID,CR,"Mumbai, Maharashtra",72.838561,18.952385
Rajasthan,MWW,MAHWA,NWR,"Alwar, Rajasthan",76.60887100000001,27.483719999999998
Maharashtra,MX,Mumbai Mahalakshmi,WR,"Mumbai, Maharashtra",72.823908,18.982103
Karnataka,MYA,MANDYA,SWR,"Mandya, Karnataka",76.897256,12.529176
Karnataka,MULK,MULKI,KR,"Mulki, Karnataka",74.804962,13.068517
Tamil Nadu,MTMY,Thirumayilai,SR,"Chennai, Tamil Nadu",80.267038,13.03497
Punjab,MRTL,MIRTHAL,NR,"Mirthal, Punjab",75.608482,32.112895
Rajasthan,MXO,MORTHALA,NWR,"NH 14, Rajasthan",72.8034186484,24.502604961899998
Uttar Pradesh,MT,Matera,NER,"Bahraich, Uttar Pradesh",81.55344699999999,27.784934
Assam,MOBD,Moabund,NFR,"Mohbondha, Assam",94.071748,26.66857
West Bengal,MSDL,Mahisadal,SER,"Haldia Mechada via Tamluk, West Bengal",88.010799,22.176298999999997
Assam,MRG,Margherita,NFR,"Ledo, Assam",95.6726,27.289315000000002
Uttar Pradesh,MOM,Maman,NR,"National Highway 91, Uttar Pradesh",77.86108700000001,28.330372
Tamil Nadu,MTCN,Triplicane,SR,"Chennai, Tamil Nadu",80.28020599999999,13.054862
Assam,MUPA,MUPA,NFR,"Diakkawn Rd, Assam",93.122747,25.368686
Punjab,NNKR,Nanaksar,NR,"Nanaksar, Punjab",75.419984,30.803353
Uttar Pradesh,MPUE,MAINPURI KACHRI,NCR,"Mainpuri Kachri, Uttar Pradesh",79.06563200000001,27.227142
Uttar Pradesh,MUZ,MOHIUDDINPUR,NR,"Meerut, Uttar Pradesh",77.621531,28.885405000000002
Maharashtra,NEI,NEOLI,CR,"State Highway 77, Maharashtra",76.303949,18.387703000000002
Rajasthan,NKRA,Nokhra,?,"Nokhra, Rajasthan",72.6654016473,27.607994992800002
Karnataka,MWM,MALLESWARAM,SWR,"Bengaluru, Karnataka",77.56320699999999,13.001289
Rajasthan,NGLT,NAGLATULA,NCR,"Bayana, Rajasthan",77.421273,26.92382
Maharashtra,MVO,MANWATH ROAD,SCR,"Parbhani, Maharashtra",76.534516,19.358161
Chhattisgarh,NGE,NAGAR,SECR,"National Highway 78, Chhattisgarh",82.459164,23.315091
Punjab,MXH,MAKHU,NR,"Makhnu, Punjab",74.983505,31.105935
Tamil Nadu,NCR,Nagore,SR,"Nagore, Tamil Nadu",79.846188,10.818430000000001
Andhra Pradesh,MZL,MIRZAPALI,SCR,"Medak, Andhra Pradesh",78.41529899999999,18.017962999999998
Maharashtra,KKG,KEKATUMAR,SCR,"Washim, Maharashtra",77.10081100000001,20.012339
Punjab,MWX,MALLANWALA KHAS,NR,"Mallanwala, Punjab",74.8134271344,31.0470049078
Uttar Pradesh,MXY,MAHUARIYA,ECR,"Sonebhadra, Uttar Pradesh",83.3105186481,24.227740021099997
Madhya Pradesh,MZHL,MAJHAOLI,WCR,"Bargawa, Madhya Pradesh",82.37057999999999,24.136642000000002
Andhra Pradesh,MYL,MALLIYALA,SCR,"Kurnool, Andhra Pradesh",77.77675500000001,15.397805
Karnataka,NGR,ANNIGERI,SWR,"Dist. Dharwad, Karnataka",75.43085099999999,15.432164
Madhya Pradesh,MWJ,MARWASGRAM,WCR,"Madhya Pradesh, Madhya Pradesh",81.836685,24.098212
Madhya Pradesh,NDNI,Nidhani,SECR,"Ghonsor, Madhya Pradesh",80.008415,22.576568
Bihar,MZW,MANJHWE,ECR,"Manjhwe, Bihar",85.306631,24.814294
Tamil Nadu,MYU,MAYANOOR,SR,"NH 67, Tamil Nadu",78.23651100000001,10.954704000000001
Gujarat,NGA,NINGALA JN,WR,"State Highway 117, Gujarat",71.70935200000001,22.0252
Maharashtra,NIG,NAIGAON,WR,"Naigaon West, Maharashtra",72.845954,19.350875
Maharashtra,NAN,NANDGAON ROAD,KR,"Sindhudurg, Maharashtra",73.73056000000001,16.387453999999998
Assam,MXN,MARIANI JN,NFR,"Mariani, Assam",94.30820299999999,26.652434999999997
Assam,MUGN,MAHUTGAON,NFR,"B G Rd, Assam",94.79288199999999,26.962757
Assam,NAM,NAMRUP,NFR,"Borhat, Assam",95.313642,27.19627
Orissa,MVG,MALIGURA,ECoR,"Maligura Station, Orissa",82.638614,18.953174999999998
Uttar Pradesh,MUH,Murthiha,NER,"State Highway 26, Uttar Pradesh",81.37814700000001,28.030462
Tamil Nadu,MTP,Mettupalayam,SR,"Mettupalayam, Tamil Nadu",76.934533,11.299729
West Bengal,NCP,Nishchindapur,ER,"Tengrabichi, West Bengal",88.214325,21.973426
,NERH,Ner Halt,?,,84.97536099999999,25.017219
West Bengal,MYHT,Mayurhat,ER,"Mayurhat-Taraknagar Rd, West Bengal",88.661013,23.363017
Rajasthan,NAL,Nal Halt,?,"NH 15, Rajasthan",73.21761215939999,28.038590055100002
West Bengal,NKL,Nalikul,ER,"State Highway 2, West Bengal",88.16622600000001,22.829712999999998
Karnataka,MVC,Mavinkere,SWR,"Mavinkere, Karnataka",76.201872,12.816193
Karnataka,NHY,NAGANAHALLI,SWR,"Mysore District, Karnataka",76.651081,12.380243
West Bengal,NDAE,NABADWIP DHAM,ER,"Nabadwip, West Bengal",88.356472,23.396593
Chhattisgarh,NPRD,NAGPUR ROAD,SECR,"Koria, Chhattisgarh",82.349049,23.279379000000002
Tamil Nadu,NPM,NELLAIKUPPAM,SR,"Nellikuppam, Tamil Nadu",79.66476800000001,11.775944
Andhra Pradesh,NGNT,NEW GUNTUR,SCR,"Guntur City, Andhra Pradesh",80.4582228,16.3100404
Andhra Pradesh,NLRD,NECKLACE ROAD,SCR,"Hyderabad, Andhra Pradesh",78.46287099999999,17.423337999999998
West Bengal,NBE,New Barrackpore,ER,"Kolkata, West Bengal",88.444755,22.687235
Punjab,NAS,Nasrala,NR,"Distt.Hoshiarpur, Punjab",75.84640800000001,31.497981000000003
Himachal Pradesh,NGRT,NAGROTA,NR,"Nagrota Bagwan, Himachal Pradesh",76.38879399999999,32.108728
Punjab,AJTM,AJITGILL MATTA,NR,"Kotkapura Jaitu Rd, Punjab",74.863795,30.483469
Tamil Nadu,NID,NIDUR,SR,"Neivasal, Tamil Nadu",79.645074,11.127231
Maharashtra,NED,HUZUR SAHIB NANDED,SCR,"Nanded, Maharashtra",77.31047799999999,19.160522
Maharashtra,NDE,NANDRE,CR,"Sangli, Maharashtra",74.5590299896,16.964028561899998
Tamil Nadu,NGT,NAGAPPATTINAM,SR,"Nagapattinam, Tamil Nadu",79.845998,10.759221
Tamil Nadu,NPK,NORTH PANAKUDI,SR,"Panakudi, Tamil Nadu",77.582174,8.315971
Andhra Pradesh,AKE,AKANAPET,SCR,"Medak, Andhra Pradesh",78.39630899999999,18.110863
Maharashtra,NDPR,NANDAPUR,SCR,"Hingoli, Maharashtra",77.2376282849,19.5948820434
West Bengal,NMZ,NEW MAL JN,NFR,"National Highway 31. 03562-255097, West Bengal",88.724837,26.87368
Gujarat,NHM,NANDOL DEHEGAM,WR,"Dehegam, Gujarat",72.815845,23.17417
Kerala,NEM,NEMEM,SR,"Thiruvananthapuram, Kerala",77.009693,8.455233
Bihar,NDU,Nadauj,ECR,"Nadaul, Bihar",85.0173352112,25.296538788200003
Gujarat,RJU,Rajula City,WR,"Distt. Amreli, Gujarat",71.45597599999999,21.046574999999997
West Bengal,NMKA,Namkhana,ER,"Namkhana, West Bengal",88.239558,21.772235000000002
Punjab,NRM,Nurmahal,NR,"Philur Nurmahal Rd, Punjab",75.601431,31.081588999999997
West Bengal,NBPH,New Balarampur Halt,ER,"New Balarampur, West Bengal",88.24737400000001,24.051233
Rajasthan,PALI,Pali,NWR,"Pali, Rajasthan",76.450856,28.177004
Madhya Pradesh,NWA,Nagarwara,SECR,"Nainpur, Madhya Pradesh",80.12340101560001,22.210719843299998
,NYM,Neyamatpur,ECR,,84.988344,24.937206
,ARNG,Arunnagar,,,79.9789721362,20.7084913199
Haryana,NNL,Narnaul,NWR,"Narnaul, Haryana",76.123133,28.044396
Assam,NGAN,Nagaon,NFR,"Nagaon, Assam",92.67253075,26.356211990000002
Andhra Pradesh,NVC,NAGALWANCHA,SCR,"Jagannadhapuram To Matkepalli Rd, Andhra Pradesh",80.228517,17.07433
Madhya Pradesh,NRGR,NARANJIPUR,WR,"Dewas, Madhya Pradesh",76.00915947140001,23.047142090399998
Maharashtra,NSP,NALLA SOPARA,WR,"Nallasopara station Rd, Maharashtra",72.819464,19.418238000000002
Punjab,NUPR,NURPUR ROAD,NR,"Nurpur, Punjab",75.852903,32.281043
Andhra Pradesh,PAPM,PALAT POTARAM,SCR,"National Highway 7, Andhra Pradesh",78.4544374475,17.7900915824
Tamil Nadu,NPT,NARASINGAMPET,SR,"Thiruvavaduthurai, Tamil Nadu",79.511398,11.034797000000001
Uttar Pradesh,NSU,NISUI,NR,"Aonla- Bareilly Link Rd, Uttar Pradesh",79.236446,28.290931
Bihar,NKE,NARKATIAGANJ JN,ECR,"Narkatiaganj, Bihar",84.464045,27.105035
Maharashtra,NMGT,NIMSHIRGAON TAMDALGE,CR,"Miraj Rd, Maharashtra",74.486113,16.769023999999998
Delhi NCT,NNO,NANGLOI,NR,"JJ Colony No 1, Delhi NCT",77.05696599999999,28.686261000000002
Maharashtra,NSL,NAGARSOL,SCR,"Nashik, Maharashtra",74.541646,20.102455
Haryana,NRW,NARWANA JN,NR,"Way to Narwana, Haryana",76.109286,29.588632
Tamil Nadu,NMJ,NIDAMANGALAM,SR,"Needamangalam, Tamil Nadu",79.412736,10.773563999999999
Haryana,NLH,NAULTHA,NR,"Brahman Majra, Haryana",76.889707,29.318787999999998
Madhya Pradesh,NWB,NIWAS ROAD,WCR,"Sidhi, Madhya Pradesh",82.013256,24.053618
Punjab,NPX,NARINDARPURA,NR,"Mansa, Punjab",75.476271,29.951767
Uttar Pradesh,NTG,NURSRATABAD KHARKHAR,NR,"State Highway 57, Uttar Pradesh",77.307785,28.775277
Tripura,PASG,Panisagar,NFR,"Panisagar, Tripura",92.149035,24.27276
West Bengal,NLSF,NIYALISH PARA,ER,"Berhampore, West Bengal",88.246367,24.156525000000002
Madhya Pradesh,PDE,Pindrai,SECR,"State Highway 11A, Madhya Pradesh",80.0462042108,22.511799793599998
Tamil Nadu,NNN,NANGUNERI,SR,"Nanguneri, Tamil Nadu",77.66259199999999,8.4891
West Bengal,ODM,ONDAGRAM,SER,"Onda, West Bengal",87.202275,23.147973999999998
Karnataka,NYH,NAYANDAHALLI,SWR,"Bengaluru, Karnataka",77.520696,12.941162
Assam,NNGE,NARANGI,NFR,"Panikhaiti, Assam",91.83577600000001,26.182961000000002
Assam,NTSK,NEW TINSUKIA JN,NFR,"A T Rd, Assam",95.334128,27.479748
Maharashtra,AKI,ADARKI,CR,"Pune, Maharashtra",74.189651,17.918333
Bihar,NMA,Nirmali,ECR,"Supaul, Bihar",86.57461500000001,26.305325
Andhra Pradesh,NS,Narasapur,SCR,"Narsapur, Andhra Pradesh",81.699909,16.445891
Bihar,NLD,Nalanda,ECR,"National Highway 82, Bihar",85.46277400000001,25.122359
Uttar Pradesh,SSC,Shahi,NER,"Shahi, Uttar Pradesh",79.69100300000001,28.588172999999998
Chhattisgarh,NKX,NAKTISEMRA,ECoR,"Jagdalpur, Chhattisgarh",82.07392999999999,19.062273
Rajasthan,OTD,Ootwar,NCR,"Alwar, Rajasthan",76.73256,27.626063
Gujarat,PDRA,Padra,WR,"Padra, Gujarat",73.09017872437835,22.237238915003488
Gujarat,OD,Od,WR,"Od, Gujarat",73.07946299999999,22.65471
Rajasthan,NUA,Nua,NWR,"Jhunjhunu, Rajasthan",75.28570594266057,28.058125832368518
Kerala,TUV,Tuvvur,SR,"Thuvvur, Kerala",76.282913,11.120495
West Bengal,NSF,Nasibpur,ER,"State Highway 2, West Bengal",88.262036,22.804834999999997
West Bengal,NRPR,Narendrapur Halt,ER,"Kolkata, West Bengal",88.41769,22.453419999999998
Jharkhand,NJA,Nagjua,SER,"Ranchi, Jharkhand",84.9668384277,23.3782939954
Haryana,NNU,Nangal Mundi,NWR,"State Highway 24, Haryana",76.499193,28.250468
Orissa,BHJA,Bheja,ECoR,"Bheja Station, Orissa",82.68546380999999,18.47264914
West Bengal,NTA,Netra,ER,"National Highway 117, West Bengal",88.25409499999999,22.208105
,NZP,Niyazipur Halt,?,,84.98843942260001,25.143791455699997
West Bengal,PDPK,PADMAPUKAR,SER,"Howrah, West Bengal",88.3062197015,22.5683088157
Maharashtra,PCP,PALSAP,CR,"State Highway 77, Maharashtra",76.191169,18.357557
Karnataka,PDNR,PADNUR,SWR,"Shegao to Alagi Rd, Karnataka",75.9846818945,17.3223703821
Maharashtra,PARD,PATHRAD,SCR,"Huzur Sahib Nanded, Maharashtra",77.39203,19.18427
Tamil Nadu,PALR,PALUR,SR,"SH 58, Tamil Nadu",79.90699699999999,12.766651
Madhya Pradesh,PKRD,PAKARA ROAD,WCR,"Pakara, Madhya Pradesh",80.505599,24.0512
Tamil Nadu,PGR,PUGALUR,SR,"Karur, Tamil Nadu",77.99070900000001,11.051701999999999
Madhya Pradesh,NWR,NIWAR,WCR,"Katni, Madhya Pradesh",80.3695901074,23.7204627184
Gujarat,OKHA,OKHA,WR,"Okha, Gujarat",69.073775,22.470959999999998
Gujarat,OKD,OKHA MADHI,WR,"NH 8E, Gujarat",69.1038005835,22.0956416097
Punjab,NRO,Nakodar Junction,NR,"Nakodar, Punjab",75.47560800000001,31.111697
Karnataka,NTR,NITTUR,SWR,"NH 206, Karnataka",76.8558716895,13.3016546778
Rajasthan,PGK,PILI BANGAN,NWR,"Pilibanga, Rajasthan",74.079282,29.483825
Bihar,PEE,Paterhi,NER,"Saran, Bihar",84.80548800000001,25.923565
Rajasthan,NTZ,NATHWANA,NWR,"Malkisar, Rajasthan",73.813703,28.563319
Gujarat,NUD,NAVAGADH,WR,"Jetpur, Gujarat",70.61672100000001,21.764344
Punjab,PKZ,PIPLI PAKHI KALAN,NR,"Faridkot, Punjab",74.732879,30.732663
Rajasthan,PIH,Parhihara,NWR,"Sujangarh, Rajasthan",74.559809,27.926801
Maharashtra,NVRD,NAVADE ROAD,CR,"Ghotkamp Koyana vele, Maharashtra",73.102716,19.052388999999998
Orissa,OND,Aunlajori Junction,SER,"Mayurbhanj, Orissa",86.16420749999999,22.440956
,NAND,NANDIKUR,,,74.806474,13.133125
Karnataka,NTW,NANJANGUD TOWN,SWR,"Nanjangudu, Karnataka",76.68442999999999,12.12211
Maharashtra,PL,Mumbai Lower Parel,WR,"Mumbai, Maharashtra",72.82961999999999,18.994919
Tamil Nadu,NVL,Neyveli,SR,"SH 10, Tamil Nadu",79.47622299999999,11.538814
Uttar Pradesh,OBR,OBRA DAM,ECR,"Obra, Uttar Pradesh",82.975949,24.438661
West Bengal,PCX,Pagla Chandi,ER,"National Highway 34, West Bengal",88.303969,23.743195
Tamil Nadu,PDKT,Pudukkottai,SR,"Pudukkottai, Tamil Nadu",78.801946,10.372456999999999
Madhya Pradesh,PED,Pipardahi,SECR,"SH 26, Madhya Pradesh",79.41266,22.052145
Tamil Nadu,NZT,Nazareth,SR,"Thoothukudi, Tamil Nadu",77.976271,8.563997
Gujarat,PCC,Prachi Road Junction,WR,"Jambur, Gujarat",70.68701800000001,20.988298
Karnataka,AKK,Akkihebbalu,SWR,"Mandya District, Karnataka",76.37759799999999,12.62489
Tripura,PEC,Pencharthal,NFR,"Pecharthal, Tripura",92.10823,24.196225
Punjab,NSS,Nawanshahr Doaba Junction,NR,"Bhaddi, Punjab",76.108571,31.1213
Punjab,KRSW,Kohar Singhwala,NR,"State Highway 20, Punjab",74.44582399999999,30.76024
Assam,PKGM,Phakhoagram,NFR,"Phakhoagram, Assam",92.342438,24.641534
Bihar,PJLE,Panjwara Road,ER,"Mandar, Bihar",87.0136837024,24.8770456448
Punjab,PHS,Ferozeshah,NR,"Firozpur Rd, Punjab",74.78411,30.887454
Uttar Pradesh,PHX,PATHAKPUR,NR,"Chandausi, Uttar Pradesh",78.580494,28.369685
Orissa,PRDP,Paradip,ECoR,"Paradip, Orissa",86.62014099999999,20.280364
West Bengal,PCR,PANCHRA,ER,"Birbhum, West Bengal",87.330151,23.771990000000002
Bihar,PMYA,PARMINIYA HALT,ECR,"Parminiya, Bihar",86.59504241879999,25.826562590800002
Gujarat,PDH,PADADHARI,WR,"Paddhari, Gujarat",70.60534299999999,22.429596
Bihar,PMI,PAIMAR,ECR,"Paimar, Bihar",85.112409,24.806929
Maharashtra,PG,PERGAON,SCR,"Parbhani, Maharashtra",76.67346400000001,19.294984
Maharashtra,PIZ,PINGLI,SCR,"Parbhani, Maharashtra",76.8577266418,19.21840134
,KRSH,KARAMGARH SDRGH,,,74.748627,30.213009
Rajasthan,PDQ,PADLA,NWR,"Padla, Rajasthan",73.778291,24.306134999999998
Gujarat,PCT,PANCHTALAVDA ROAD,WR,"SH 115, Gujarat",71.474264,21.662813
Madhya Pradesh,PGL,PAGDHAL,WCR,"Pagdhal, Madhya Pradesh",77.351451,22.42054
Assam,PHI,PANIKHAITI,NFR,"Chandrapur Rd, Assam",91.8757005432,26.2119648863
Bihar,PIRO,Piro,ECR,"Piro, Bihar",84.4205444342,25.321358352999997
Tamil Nadu,PML,PAPANASAM,SR,"Rajagiri, Tamil Nadu",79.26854200000001,10.922767
Uttar Pradesh,PMM,PARSEHRA MAL,NER,"Parsehra, Uttar Pradesh",80.72917899999999,27.729917
,PNYA,PANIAHWA,NER,,83.933839,27.167486
Tamil Nadu,PMK,PARAMAKKUDI,SR,"Paramagudi, Tamil Nadu",78.591131,9.539071
Maharashtra,PR,MUMBAI PAREL,CR,"Mumbai, Maharashtra",72.83750400000001,19.009045
West Bengal,PBA,PIARDOBA,SER,"Bankura, West Bengal",87.322164,22.956881
Kerala,PGTN,PALGHAT TOWN,SR,"Palakkad, Kerala",76.65216699999999,10.7753892
Maharashtra,PNVL,PANVEL,CR,"Panvel, Maharashtra",73.121756,18.990918999999998
Kerala,PAZ,PAYANGADI,SR,"Kannur District, Kerala",75.2596,12.021507999999999
Kerala,PEU,PERSSANNUR,SR,"Koodallur, Kerala",76.065488,10.840824
Bihar,PFT,Pothahi,ECR,"Pothahi, Bihar",85.098643,25.486605
,PNUG,Punpun Ghat Halt,?,,85.1099123547,25.5255878987
West Bengal,PLF,Piali,ER,"Champahati To Peyali Rd, West Bengal",88.51744099999999,22.388254
Andhra Pradesh,PIL,Piler,SCR,"Piler Station, Andhra Pradesh",78.927499,13.662347
Gujarat,PIT,Palitana,WR,"Palitana, Gujarat",71.82319700000001,21.538300999999997
West Bengal,PNCB,Pancheberia,ER,"Haranath Para Ln, West Bengal",88.599435,23.221017
Rajasthan,PLC,Phalodi Junction,NWR,"Phalodi, Rajasthan",72.366743,27.124794
Gujarat,PAVI,Pavi,WR,"Vadodara, Gujarat",73.840166,22.342282
Haryana,PHWR,Pehowa Road,NR,"Haryana, Haryana",76.6204606189,29.88477778
Punjab,PPB,Partabpura,NR,"Partabpura, Punjab",75.71438400000001,31.052119
Orissa,PLH,Parlakhemundi,ECoR,"Paralakhemundi, Orissa",84.08063800000001,18.786579
West Bengal,PDX,Payradanga,ER,"Payradanga, West Bengal",88.545481,23.128660999999997
Haryana,PDS,Pindarsi,NR,"Haryana, Haryana",76.70440469360001,29.9189828048
Tamil Nadu,PCO,Palayankottai,SR,"Tirunelveli, Tamil Nadu",77.738083,8.709862
Rajasthan,PMO,Pandoli,NWR,"State Highway 9, Rajasthan",74.39939700000001,24.866567
Bihar,PQE,Pawapuri Road,ECR,"Distt Nalanda, Bihar",85.511715,25.159209999999998
Assam,PNGM,PANCHGRAM,NFR,"Panchgram, Assam",92.598318,24.864358
Uttar Pradesh,PLS,PIPALSANA,NER,"State Highway 49, Uttar Pradesh",78.83533,28.952153
Maharashtra,PJR,PANGRI,CR,"State Highway 77, Maharashtra",75.86677300480001,18.283703174
Himachal Pradesh,PLMX,PALAMPUR HIMACHAL,NR,"Palampur, Himachal Pradesh",76.54001000000001,32.069052
Rajasthan,PRU,PARLU,NWR,"Parlu, Rajasthan",72.4319,25.823775
Madhya Pradesh,PJH,Pirjhalar,WR,"Ratlam, Madhya Pradesh",75.5313135,23.2603976
Gujarat,PPLI,PIPLI,WR,"Jamnagar, Gujarat",69.934426,22.345082
Uttar Pradesh,PRTP,PARTAPUR,NR,"Meerut, Uttar Pradesh",77.648699,28.925112000000002
Tamil Nadu,PYM,PANDIYAPURAM,SR,"State HIghway 75, Tamil Nadu",77.971557,8.855091
Punjab,PJA,PAJIAN,NR,"Kapurthala, Punjab",75.288498,31.264295
Madhya Pradesh,RAMP,Rampuri,SECR,"Bamhani, Madhya Pradesh",80.259304,22.410159
Rajasthan,PNGR,PINGORA,WCR,"SH 1, Rajasthan",77.37130900000001,27.087305999999998
Madhya Pradesh,PUE,Palari,SECR,"State Highway 11A, Madhya Pradesh",79.815973,22.301904
Uttar Pradesh,PUF,Pauta,NER,"Pauta, Uttar Pradesh",79.8118731085,28.4516032684
Haryana,PKDE,PILU KHERA,NR,"Jind, Haryana",76.49388,29.354607
Uttar Pradesh,PLWR,Phulwaria,NER,"Phulwaria, Uttar Pradesh",84.255615343,26.4688026951
Madhya Pradesh,PNJ,Padriganj,SECR,"Nainpur, Madhya Pradesh",80.11383797849999,22.3172086118
Madhya Pradesh,RAU,Rau,WR,"Rau, Madhya Pradesh",75.80494999999999,22.633145
,TIK,Tik,NR,,76.52731516850001,29.8508008993
Madhya Pradesh,PRDL,Paradol,SECR,"Manendragarh, Madhya Pradesh",82.188481,23.25057
Kerala,TUA,TIRUNNAVAYA,SR,"Thirunavaya, Kerala",75.985675,10.874721
Kerala,PNPR,PUNNAPURA,SR,"Alappuzha, Kerala",76.333771,9.449651
Kerala,PUPR,PUNNAPRA,SR,"Alappuzha, Kerala",76.342348,9.423187
Uttar Pradesh,PLP,PHULPUR,NR,"Phulpur, Uttar Pradesh",82.091535,25.552533999999998
Uttar Pradesh,PRG,PRAYAG,NR,"Allahabad, Uttar Pradesh",81.867081,25.467939
Rajasthan,PMY,PALI MARWAR,NWR,"Pali, Rajasthan",73.327309,25.790692
West Bengal,PRTL,Pirtala,ER,"Pirtala, West Bengal",88.28058300000001,24.359325000000002
Punjab,PMQ,Parna Nand,NR,"National Highway 15, Punjab",75.49578699999999,32.169809
Andhra Pradesh,PKO,Palakollu,SCR,"Palakollu, Andhra Pradesh",81.717145,16.522244
Andhra Pradesh,POA,Palikona,SCR,"Bhattiprolu, Andhra Pradesh",80.80435100000001,16.061989
Madhya Pradesh,PSK,Paradsinga Halt,SECR,"Paradsinga, Madhya Pradesh",78.854197,21.541244
Assam,PTKD,Patharkandi,NFR,"Patharkandi, Assam",92.31911,24.604506
Rajasthan,PKBS,Peeplee-ka-bas,NWR,"MDR 59, Rajasthan",75.268809,26.909188999999998
Bihar,PNSA,Punsia,ER,"Punsia, Bihar",87.0037506653,24.9531673111
Uttar Pradesh,KRSL,Krishnashilla,ECR,"Sonebhadra, Uttar Pradesh",82.7684964,24.1550254
Punjab,PTE,Patiala Cantt.,NR,"Patiala, Punjab",76.379064,30.341138
Haryana,PLT,Pirthala Llauda,NR,"Tohana, Haryana",75.866432,29.628831
Punjab,RHW,ROHIRA GHALUGHRA,NR,"Sangrur, Punjab",75.8416662744,30.6369312333
Karnataka,PRKH,PARKANHATTI,SWR,"Parakanhatti, Karnataka",74.695447,16.140169
Madhya Pradesh,RAKL,RETHORAKALAN,NCR,"Malanpur, Madhya Pradesh",78.240156,26.397857000000002
Karnataka,RDI,KARDI,SWR,"Karadi Cross, Karnataka",76.5736995709,13.2673774949
Rajasthan,RKR,RANIKUND RARAH,WCR,"Rarah, Rajasthan",77.55550000000001,27.324191
Uttar Pradesh,RMGJ,RAMGANJ,NR,"State Highway 9, Uttar Pradesh",82.020731,26.049173999999997
Haryana,PT,PATLI,NR,"Gurgaon, Haryana",76.85347200000001,28.399583000000003
Rajasthan,POR,PIPALDA ROAD,WCR,"Baren, Rajasthan",76.616541,24.956611
Haryana,PTRD,PATAUDI ROAD,NR,"Hailley Mandi, Haryana",76.755565,28.350738
Maharashtra,PSD,PARSODA,SCR,"Rotegaon, Maharashtra",74.8751352301,19.953696573000002
Maharashtra,POZ,POTUL,SCR,"Lasur, Maharashtra",75.12177700000001,19.918567
Uttar Pradesh,PRKE,PURUA KHERA,NR,"Bijnour, Uttar Pradesh",78.94859100000001,28.38702
Uttar Pradesh,RBK,REOTI BAHORA KHERA,NR,"Reoti B Khera, Uttar Pradesh",79.107047,28.318709
Andhra Pradesh,VMU,Vemuru,SCR,"Coastal Andhra Region, Andhra Pradesh",80.743187,16.178119
Tamil Nadu,RDY,REDIPALAYAM,SR,"State Highway 58, Tamil Nadu",79.94717999999999,12.736973
Uttar Pradesh,PPKD,PAPRAKUND,ECR,"Obra, Uttar Pradesh",82.93171099999999,24.42109
Maharashtra,RAJP,RAJAPUR ROAD,KR,"Ratnagiri, Maharashtra",73.626565,16.635175
Rajasthan,RANI,RANI,NWR,"Rania, Rajasthan",73.31039,25.347582
Kerala,PPNS,PAPPINISSERY,SR,"Kannur District, Kerala",75.347422,11.941779
Uttar Pradesh,PRZ,Parsa,NER,"Itwa Badhayan Rd, Uttar Pradesh",82.908499,27.435147999999998
Rajasthan,PSLI,Parsoli,WCR,"NH 76, Rajasthan",74.875358,25.113462000000002
Andhra Pradesh,RAL,Repalle,SCR,"Repalle, Andhra Pradesh",80.828736,16.019794
Madhya Pradesh,RJQ,Rajendranagar,WR,"Indore, Madhya Pradesh",75.82954600000001,22.670031
Punjab,RHU,Rahon,NR,"Rahon, Punjab",76.10892366617918,31.059323805951863
Assam,RAHA,Raha,NFR,"Roha, Assam",92.522244,26.225359
Tamil Nadu,PRES,Pattabiram East,SR,"Pattabiram, Tamil Nadu",80.068704,13.145847999999999
Orissa,RCTC,Raghunathpur,ECoR,"Raghunathpur, Orissa",86.14960500000001,20.351679
Bihar,PRBZ,Parsa Bazar,ECR,"NH 83, Bihar",85.11887899999999,25.550023
Orissa,PRNR,Porjanpur,?,"National Highway 215, Orissa",85.521374,21.789139000000002
Madhya Pradesh,PPCK,Pipalwali Chowk,NCR,"Pipalwali Chowk, Madhya Pradesh",77.470826,26.266253
Uttar Pradesh,RNIR,Rajnarainpur,NER,"State Highway 90, Uttar Pradesh",80.418359,28.313863
Bihar,PPN,Punpun,ECR,"Patna, Bihar",85.09876768800001,25.488229642500002
Bihar,RBN,Raghubans Nagar,ECR,"Raghubans Nagar, Bihar",87.060056,25.756709
Madhya Pradesh,RMO,Ramakona,SECR,"State Highway 19, Madhya Pradesh",78.826509,21.684348999999997
Rajasthan,RAH,Ramgarh,NCR,"Alwar, Rajasthan",76.811256,27.576612
,TNRI,Teneri Halt,?,,85.02551828,25.3146062619
Himachal Pradesh,PTRJ,PATTI RAJPURA HALT,NR,"Majhairan, Himachal Pradesh",76.53987000000001,32.068766000000004
Madhya Pradesh,PTWA,PATWARA,WCR,"Katni, Madhya Pradesh",80.4137045734,23.9143072844
Assam,PUY,Phulaguri,NFR,"National Highway 37, Assam",92.592784,26.270537
Madhya Pradesh,RENH,RENHAT,WCR,"Shivpuri, Madhya Pradesh",77.83368499999999,25.979937999999997
Haryana,RE,REWARI,NWR,"Rewari, Haryana",76.609414,28.202779000000003
Rajasthan,RHG,RAJGARH,NWR,"Rajgarh, Rajasthan",76.607541,27.240827
Rajasthan,RMH,RANGMAHAL,NWR,"Sri Ganganagar, Rajasthan",73.974734,29.405815999999998
Gujarat,RA,RAMPARDA,WR,"Surendranagar, Gujarat",71.352035,22.634966
Uttar Pradesh,RGLI,RANGAULI,NCR,"Mahoba, Uttar Pradesh",79.887282,25.150233
Uttarakhand,RMR,RAMNAGAR,NER,"Ramnagar, Uttarakhand",79.12223900000001,29.390223
West Bengal,RKI,RAMKANALI JN,SER,"Purulia, West Bengal",86.76233599999999,23.579891
Goa,QLM,KULEM,SWR,"South Goa Distt., Goa",74.24423,15.334036
Bihar,RRE,Rahul Road,ECR,"National Highway 31, Bihar",85.5309343896,25.274192601499998
Rajasthan,RMSR,RAMSINGHPUR,NWR,"Ramsinghpur, Rajasthan",73.39886600000001,29.185337
Kerala,PYOL,PAYYOLI,SR,"Payyoli, Kerala",75.617595,11.516715999999999
Assam,RPB,Rupasibari,NFR,"National Highway 44, Assam",92.529502,24.855344
Kerala,PUM,PALLIPPURAM,SR,"Palakkad, Kerala",76.1123604352,10.8413738184
Bihar,RGD,Rajgir,ECR,"Rajgir, Bihar",85.41469699999999,25.033068999999998
Rajasthan,RGS,Ringas Junction,NWR,"Ringas, Rajasthan",75.56360400000001,27.373379
Assam,RTBR,Ratabari,NFR,"Ratabari, Assam",92.416927,24.572086000000002
Assam,RGJI,RANGJULI,NFR,"Rangjuli Railway Station, Assam",90.95595800000001,25.988405
Bihar,RPLY,Rupauli,ECR,"Murliganj, Bihar",87.057937,25.879328
Rajasthan,PW,Pirwa,NWR,"Degana, Rajasthan",74.46727399999999,27.235415
Andhra Pradesh,RDG,Rayadurg,SWR,"Rayadurg, Andhra Pradesh",76.856828,14.705815
,RSMN,Ramgovindsingh Mahuli Halt,?,,85.11323059809999,25.5318741843
Rajasthan,RJR,Rajaldesar,NWR,"Rajaldesar, Rajasthan",74.47771200000001,28.033672
Bihar,RPV,Rajapatti,NER,"Musepur To Rajapatti Railway Statipn, Bihar",84.80838331540001,26.1808149265
Assam,PUQ,Puranigudam,NFR,"Puranigudam, Assam",92.78676899999999,26.36319
Uttar Pradesh,PTRE,Patara,NCR,"Kanpur Nagar, Uttar Pradesh",80.203446,26.232167999999998
West Bengal,RGJ,RaiGanj,NFR,"Raiganj, West Bengal",88.127696,25.619125
Maharashtra,TUD,Talodhi Road,SECR,"Nagbhir, Maharashtra",79.736073,20.454247000000002
Maharashtra,RM,Rajmane,CR,"Kunzar Rd, Maharashtra",74.941672,20.643085
Punjab,RMN,Raman,NWR,"Rama Mandi, Punjab",74.96208800000001,29.959833999999997
Haryana,RPHR,Raipur Hariyana Junction,NR,"Hisar, Haryana",75.772834,29.158401
Haryana,QTP,Quatabpur,NR,"Haryana, Haryana",76.349742,29.763968
Uttar Pradesh,RBJ,Raibojha,NER,"State Highway 26, Uttar Pradesh",81.471651,27.971208999999998
Assam,RWH,Rowriah Sdg,NFR,"Jorhat, Assam",94.17244099999999,26.721887
Uttarakhand,RWL,RAIWALA,NR,"Rishikesh, Uttarakhand",78.209877,30.032143
Rajasthan,RPI,RUPAHELI,NWR,"Bhilwara, Rajasthan",74.635807,25.771723
Uttar Pradesh,RNA,ROHANA KALAN,NR,"Muzaffarnagar, Uttar Pradesh",77.68575799999999,29.575725
Maharashtra,RKD,RUKADI,CR,"Kolhapur, Maharashtra",74.356715,16.724871999999998
Maharashtra,RNE,RANJANI,SCR,"Jalna, Maharashtra",76.107028,19.646129
Nagaland,RXRX,RANGAPAHAR CRS,NFR,"Diphu Rd, Nagaland",93.715179,25.868228
Punjab,SAG,SANGRUR,NR,"Sangrur, Punjab",75.8305174701,30.2437913998
Maharashtra,SAH,SAPHALE,WR,"Thane, Maharashtra",72.82182599999999,19.576592
Gujarat,RUJ,RANUJ,WR,"Patan, Gujarat",72.21524,23.75937
Karnataka,RNR,RANIBENNUR,SWR,"Ranebennur, Karnataka",75.635054,14.625461
Karnataka,RRB,BIRUR JN,SWR,"Birur, Karnataka",75.974749,13.591101
Bihar,RIGA,RIGA,ECR,"Barahwa, Bihar",85.425711,26.644544
Tamil Nadu,VMP,VALLAMPADUGAI,SR,"Vallampadugai, Tamil Nadu",79.708219,11.350091
Tamil Nadu,RMM,RAMESWARAM,SR,"Rameshwaram, Tamil Nadu",79.306787,9.280973
Gujarat,SAZ,Samni,WR,"Samni, Gujarat",72.92457042261958,21.852581313966382
Uttar Pradesh,RPMN,RAMPURMANI HARA,NR,"Saharanpur, Uttar Pradesh",77.4598714294,29.8055980689
Punjab,SASN,SAS NAGAR MOHALI,NR,"Mohali, Punjab",76.739952,30.666125
Gujarat,RNBD,RANA BORDI,WR,"State Highway 27, Gujarat",69.79191399999999,21.714732
Haryana,RKX,RUKHI,NR,"Sonepat, Haryana",76.679535,29.090127000000003
Rajasthan,RXW,Ratangarh West,NWR,"Ratangarh, Rajasthan",74.61020425893366,28.072785335054363
Uttar Pradesh,RNQ,RENUKUT,ECR,"Sonbhadra, Uttar Pradesh",83.039896,24.203558
Maharashtra,ROHA,ROHA,CR,"Roha, Maharashtra",73.12357712000001,18.44649043
Haryana,ROK,ROHTAK JN,NR,"Rohtak, Haryana",76.57955000000001,28.890904
Punjab,RLS,ROMANA ALBEL SINGH,NR,"Kotkapura Jaitu Rd, Punjab",74.850048,30.510636
Uttar Pradesh,RRS,Raghuraj Singh,NR,"Raghuraj Singh Railway Station, Uttar Pradesh",80.87966899999999,26.255836
Gujarat,RUR,RANPUR,WR,"Ranpur, Gujarat",71.717303,22.359871000000002
West Bengal,SAD,Sonada,NFR,"Sonada, West Bengal",88.273323,26.960337
Uttar Pradesh,RJ,Rawat Ganj,NER,"National Highway 29, Uttar Pradesh",83.2858752405,26.9578306035
West Bengal,RGX,Raghunathbari,SER,"Panskura - Tamluk Rd, West Bengal",87.797247,22.353228
Madhya Pradesh,RNJ,Runija,WR,"Ujjain, Madhya Pradesh",75.3768327,23.06077
Madhya Pradesh,SAKA,Simariya Kajanwada,SECR,"Mandla Fort, Madhya Pradesh",80.325116,22.439466000000003
West Bengal,SBGR,Subhas Gram,ER,"Kolkata, West Bengal",88.433753,22.413546
Rajasthan,RNV,Raniwara,NWR,"Raniwara, Rajasthan",72.204293,24.750455
Punjab,RRW,Roranwala,NR,"Jandwala Bhimeshah, Punjab",74.25620300000001,30.444112
Gujarat,RXN,Ramsan,NWR,"State Highway 27, Gujarat",72.035777,24.405870999999998
Assam,SCA,SALCHAPRA,NFR,"Salchapra, Assam",92.671939,24.827278
Madhya Pradesh,RSJ,RAYSER,WCR,"Guna, Madhya Pradesh",77.549884,24.915225999999997
Delhi NCT,SDPR,SARDAR PATEL ROAD,NR,"Delhi Cantonment, Delhi NCT",77.167107,28.595813
Madhya Pradesh,SBD,SLEEMANABAD RD,WCR,"Sleemanabad, Madhya Pradesh",80.285208,23.614369
Bihar,SBM,SONBARSA KACHERI,ECR,"Bihar, Bihar",86.59565906430001,25.7938081327
Gujarat,RY,RAYAKA,WR,"SH 1 Dhandhuka to Fadara Rd, Gujarat",72.023569,22.413052999999998
Madhya Pradesh,SCN,SONDHA ROAD,NCR,"National Highway 92, Madhya Pradesh",78.484558,26.498827
Andhra Pradesh,BMPL,BRAHMANPALLI,SCR,"National Highway 7, Andhra Pradesh",78.4501792358,17.832927985
Uttarakhand,RUPC,RUDRAPUR CITY,NER,"Udham Singh Nagar, Uttarakhand",79.379212,28.969281
West Bengal,SALE,SALAR,ER,"Salar, West Bengal",88.111097,23.774579
Maharashtra,SELU,SELU,SCR,"Parbhani, Maharashtra",76.43326400000001,19.448059999999998
Gujarat,SDGM,SARDARGRAM,WR,"Ahmedabad, Gujarat",72.641987,23.070758
West Bengal,SHBA,SAHEBTALA,ER,"Sahebtala, West Bengal",88.200996,23.591585
Gujarat,SHRD,SAIJ SERTHA RD,WR,"Jhulasan, Gujarat",72.520002,23.2126
Gujarat,SINR,Sinor,WR,"Sinor, Gujarat",73.33612949587405,21.91134392138467
Uttar Pradesh,SAHR,SAHERI,NER,"National Highway 29, Uttar Pradesh",83.44911521,25.559103213
West Bengal,SIU,Singur,ER,"Singur, West Bengal",88.228712,22.814558
Maharashtra,RSYI,RASAYANI,CR,"Rasayani, Maharashtra",73.151919,18.894001999999997
Karnataka,SED,SHEDBAL,SWR,"Belagavi, Karnataka",74.752769,16.720293
West Bengal,RSG,RAMSAGAR,SER,"Bankura, West Bengal",87.277063,23.106248
Uttar Pradesh,RZJ,RAZAGANJ,NER,"Lakhimpur Kheri, Uttar Pradesh",80.632889,27.994397
,AHMP,ADARSH MANPUR,,,85.91106267820001,25.1344757598
Rajasthan,SDMK,Sidmukh,NWR,"Sidhmukh, Rajasthan",75.290472144261,28.893890064746117
Rajasthan,SALI,SALI,NWR,"Ajmer, Rajasthan",75.031546,26.705766999999998
West Bengal,SBNM,Subarnamrigi,ER,"Police Station Rd, West Bengal",88.292124,24.27321
Himachal Pradesh,SHZ,Summer Hill,NR,"Shimla, Himachal Pradesh",77.138165,31.107469
Uttar Pradesh,RTR,RAMNATHPUR,NER,"Handia, Uttar Pradesh",82.017775,25.412362
Jharkhand,SIPA,Singhookharia,SER,"National Highway 75, Jharkhand",85.795126,22.498243000000002
Bihar,RUSD,Runnisaidpur,ECR,"Runni, Bihar",85.519694,26.410576
Punjab,SDZ,Sindhar,NR,"Sindhar, Punjab",75.241169,31.110308
Rajasthan,SDF,Sudsar,NWR,"Bikaner, Rajasthan",73.785795,28.012356
Rajasthan,SIRD,Sird,?,"Jodhpur, Rajasthan",72.5964046204,27.5544208128
Rajasthan,SDLP,Sadulpur Junction,NWR,"Rajgarh, Rajasthan",75.386989,28.631138
Madhya Pradesh,SFNR,Saifinagar Halt,WR,"Indore, Madhya Pradesh",75.85342399999999,22.698715
Haryana,SAWN,Sohansra,NWR,"State Highway 24, Haryana",75.8605782111,28.4076088967
Andhra Pradesh,SJM,Sajuma,NR,"High School Rd, Andhra Pradesh",76.296444,29.726968
Uttar Pradesh,SEW,SEHAL,NER,"MDR 65W, Uttar Pradesh",78.822659,28.918565
Maharashtra,SGRE,SULGARE,CR,"Jath Rd, Maharashtra",74.909935,16.914611
Gujarat,SJS,SHAMLAJI ROAD,NWR,"State Highway 5, Gujarat",73.335655,23.621619
Madhya Pradesh,SGP,SOHAGPUR,WCR,"Sohagpur, Madhya Pradesh",78.194338,22.693813
Punjab,SEQ,SEKHA,NR,"Off Rd, Punjab",75.643764,30.380452
Madhya Pradesh,SMC,Samnapur,SECR,"State Highway 11, Madhya Pradesh",80.1564133228,21.9419101772
Himachal Pradesh,MNHL,MAJHAIRAN HIMACHAL,NR,"Majhairan, Himachal Pradesh",76.60279299999999,32.046378
Tamil Nadu,SGLM,SENGULAM,SR,"National Highway 7, Tamil Nadu",77.682861,8.607001
Uttar Pradesh,DUB,DABTARA,NR,"Bisauli, Uttar Pradesh",78.991164,28.368424
West Bengal,SHBL,SHIBLUN,ER,"State Highway 6, West Bengal",88.082999,23.692561
Bihar,SKHK,Sukhasan Kothi,ECR,"Purnia, Bihar",87.15210099999999,25.841387
Gujarat,SEJ,SARKHEJ,WR,"Ahmedabad, Gujarat",72.497486,22.981944000000002
Bihar,SHC,SAHARSA JN,ECR,"Saharsa, Bihar",86.594953,25.875207999999997
Assam,SHTT,Silghat Town,NFR,"Silghat, Assam",92.929931,26.608902
West Bengal,SGUT,SILIGURU TOWN,NFR,"Siligur, West Bengal",88.42960699999999,26.7073
West Bengal,SGUJ,SILIGURI JN,NFR,"Siligur, West Bengal",88.413663,26.723204
Rajasthan,SJSM,Salemgarhmasani,NWR,"Salemgarhmasani, Rajasthan",74.46238562464714,29.550109363942525
Gujarat,SCH,SACHIN,WR,"Sachin, Gujarat",72.874083,21.077673
Punjab,SCPD,SUCHIPIND,NR,"Jalandhar, Punjab",75.621561,31.343172
Tamil Nadu,SEV,SITHALAVAI,SR,"Krishnarayapuram, Tamil Nadu",78.27389099999999,10.958125
Maharashtra,SGR,SANGMESHWAR,KR,"NH 17, Maharashtra",73.546234,17.201998999999997
Gujarat,SGD,SONGADH,WR,"Bhavnagar, Gujarat",71.886759,21.728936
Bihar,SHK,SHEIKPURA,ECR,"Sheikhpura, Bihar",85.854024,25.132088
Madhya Pradesh,SMSR,Samaswara,SECR,"SH 26, Madhya Pradesh",79.334804,22.048501
Rajasthan,SIKR,Sikar Junction,NWR,"Sikar, Rajasthan",75.15337799999999,27.616275
Maharashtra,SHF,Shirud,CR,"Shirud, Maharashtra",74.876271,20.735376
Himachal Pradesh,SGS,Shoghi,NR,"Shoghi, Himachal Pradesh",77.12423700000001,31.038759000000002
Haryana,SHN,Suchan Kotli,NWR,"Suchan, Haryana",75.170322,29.515832999999997
West Bengal,SJPR,Surjyapur,ER,"Surjyapur F, West Bengal",88.466557,22.293128
Bihar,SMKR,Sham Kauria,NER,"National Highway 28B, Bihar",84.8330358765,26.035816445600002
Punjab,SGA,Shergarh,NWR,"Bathinda, Punjab",74.947251,30.080230999999998
Karnataka,SLGE,SULERJAVALGE,SWR,"NH 13, Karnataka",75.974841,17.45892
Andhra Pradesh,AKVD,AKIVIDU,SCR,"Coast Andhra, Andhra Pradesh",81.36905499999999,16.582653999999998
Punjab,SQR,SULTANPUR LODI,NR,"Kapurthala, Punjab",75.203016,31.211713
Maharashtra,SIF,SIRLI,SCR,"Parbhani, Maharashtra",77.21222487729999,19.5087818977
Uttar Pradesh,SKF,SAKHOTI TANDA,NR,"Meerut, Uttar Pradesh",77.71804900000001,29.192626
Uttar Pradesh,SMQL,SHAMLI,NR,"Shamli, Uttar Pradesh",77.316231,29.444596999999998
Rajasthan,SMBJ,SHRI MAHABIRJI,WCR,"Karauli, Rajasthan",76.96766400000001,26.684155
Karnataka,SLU,SASALU,SWR,"State Highway 47, Karnataka",76.108388,14.226683
Punjab,SQK,Shankar,NR,"Jalandhar, Punjab",77.1402539871633,28.560827504028268
Tamil Nadu,SMM,SALIYAMANGALAM,SR,"NH 67, Tamil Nadu",79.275262,10.77933
Gujarat,SKR,SAKHPUR,WR,"to railway station, Gujarat",69.833241,21.748997
,SONW,SONWARSA HALT,?,,85.669157,25.043599999999998
Himachal Pradesh,SLR,Salogra,NR,"NH 22, Himachal Pradesh",77.130516,30.934311
Karnataka,SOQ,SOMPUR ROAD,SWR,"Sompur, Karnataka",75.87207,15.421498999999999
Gujarat,SJN,SANJAN,WR,"Sanjan, Gujarat",72.820594,20.19165
Orissa,SKND,Sukinda Road,ECoR,"Duburi, Orissa",86.05375,20.971268
Goa,SKVL,SANKVAL,SWR,"Sancoale, Goa",73.86771300000001,15.370790999999999
Karnataka,SL,SURATHKAL,KR,"Surathkal, Karnataka",74.80617699999999,12.989191
Goa,SJDA,SANJUJE DA AREY,SWR,"CURTORIM, Goa",75.5962538599,15.437494047800001
Andhra Pradesh,SKNR,Shakar Nagar,SCR,"Bodhan, Andhra Pradesh",77.905991,18.659388000000003
Maharashtra,SLI,SANGLI,CR,"Sangli, Maharashtra",74.588939,16.858669000000003
Maharashtra,SIW,SHIRRAVDE,CR,"Satara, Maharashtra",74.1573548438,17.3606825795
Maharashtra,SLP,SALPA,CR,"SH 61, Maharashtra",74.17178775389999,17.963070994400002
Uttar Pradesh,SOI,Sonaripur,NER,"MDR 6C, Uttar Pradesh",80.7274215704,28.4746409298
Bihar,SQW,Sidhwalia,NER,"Saran, Bihar",84.666995,26.333838
,SNKX,Sankra,SECR,,81.591856,20.747436
Karnataka,SME,Shimoga,SWR,"State Highway 57, Karnataka",75.592671,13.927613
,SONH,Seonan Halt,?,,85.01186038569999,25.285709039300002
West Bengal,SNU,Sangrampur,ER,"State Highway 3, West Bengal",88.32876,22.224929
Bihar,SJJ,Sanjha,ER,"Sanjha, Bihar",87.0008507605,25.0658316907
Assam,SLON,Salona,NFR,"Salona, Assam",92.990043,26.503912999999997
West Bengal,SJPA,Sujalpur,?,"Digha Contai Rd, West Bengal",87.65749699999999,21.763167000000003
Bihar,SILO,Silao,ECR,"Nalanda, Bihar",85.434638,25.078598999999997
Bihar,SOW,Suhsarai,ECR,"National Highway 31, Bihar",85.530032,25.273946
Punjab,BLND,Bolinna Doaba,NR,"Patara Rd, Punjab",75.656972,31.342859999999998
Uttar Pradesh,SKTN,Shakti Nagar,ECR,"Dist. Sonebhadra, Uttar Pradesh",82.704734,24.122899
Madhya Pradesh,SOY,Sukrimangela,SECR,"Shikara - Dhooma Rd, Madhya Pradesh",79.834297,22.90699
Punjab,SQJ,Saila Khurd,NR,"Saila Khurd, Punjab",76.07770599999999,31.292873999999998
Punjab,SNB,Satnaur Badesron,NR,"Satnaur Badesron, Punjab",76.110741,31.257426
Maharashtra,SONR,Saoner Junction,SECR,"Saoner, Maharashtra",78.925046,21.387489000000002
Delhi NCT,SOJ,SAROJINI NAGAR,NR,"Sarojini Nagar, Delhi NCT",77.196287,28.581210000000002
Gujarat,SPD,SUPEDI,WR,"Supedi, Gujarat",70.3763963708,21.758513999399998
Uttar Pradesh,SNX,SANEH ROAD,NR,"Saneh Road, Uttar Pradesh",78.4494025903,29.689652272500002
Bihar,SRA,SEMRA,ECR,"National Highway 28A, Bihar",84.8136981409,26.711946963
Bihar,SRSI,Sarsi,ECR,"State Highway 77, Bihar",87.28521798737347,25.86331602863504
Rajasthan,SNPR,SINGARPUR,NCR,"Rupbas, Rajasthan",77.72370699999999,27.116202
Rajasthan,SNYN,SONIYANA,NWR,"National Highway 79, Rajasthan",74.62566,25.123246
Madhya Pradesh,SRJ,SHANKARGARH,NCR,"Shankargarh, Madhya Pradesh",81.6190324237,25.1813005966
Bihar,STF,Sikta,ECR,"Sikta, Bihar",84.680541,27.024365
Rajasthan,SRGH,Surajgarh,NWR,"Surajgarh, Rajasthan",75.73429978452623,28.30168415387253
Maharashtra,SQE,SAMRLA,SCR,"Dharmabad, Maharashtra",77.793105,18.921849
Rajasthan,SRK,SAMRAU,NWR,"State Highway 61, Rajasthan",72.721146,26.8662
Punjab,SOHL,Sohal,NR,"National Highway 15, Punjab",75.348341,31.974211
Uttar Pradesh,SRNK,Soron,NER,"Soron, Uttar Pradesh",78.748458,27.883353999999997
Gujarat,SNSN,SONASAN,WR,"Salal, Gujarat",72.895784,23.491604000000002
Madhya Pradesh,SRID,SHRIDHAM,WCR,"Shridham, Madhya Pradesh",79.484397,23.033843
Madhya Pradesh,SQL,SONTALAI,WCR,"Itarsi, Madhya Pradesh",77.94977499999999,22.613017999999997
Haryana,SPZ,SAMPLA,NR,"Sampla, Haryana",76.773299,28.781933000000002
Gujarat,SNHR,SANKHAI,WR,"Patan, Gujarat",72.177296,23.796393
Assam,SPK,SAPEKHATI,NFR,"Moran to Naharkatiya Rd, Assam",95.160918,27.110416
Rajasthan,SPRA,Sillipur,NCR,"State Highway 2, Rajasthan",77.031581,26.081657
Maharashtra,STC,SANTA CRUZ,WR,"Mumbai, Maharashtra",72.84133899999999,19.082018
Maharashtra,SSV,SASVAD ROAD,CR,"Sasvad, Maharashtra",73.9546461121,18.4732023111
Bihar,SOU,Supaul,ECR,"Supaul, Bihar",86.603023,26.117556999999998
Gujarat,SOJN,SIHOR GUJARAT,WR,"Shihor, Gujarat",71.957197,21.724798000000003
,KRNG,Kargaon Halt,,,79.41302,20.800933
Uttar Pradesh,SNDY,SANDAI,NER,"Sandai, Uttar Pradesh",79.990982,28.572634
Maharashtra,SNDD,SINDHUDURG,KR,"Oros, Maharashtra",73.67934,16.111322
Uttar Pradesh,SPGL,Sarai Gopal,NR,"Allahabad Bypass, Uttar Pradesh",81.822277,25.548656
Uttar Pradesh,STH,Sethal,NER,"Bareilly, Uttar Pradesh",79.56736599999999,28.543189
Bihar,SRMN,Semraon,ECR,"State Highway 12, Bihar",84.52704197999999,25.395161271299997
Andhra Pradesh,STPM,S NARAYANAPURAM,SCR,"Vijayawada, Andhra Pradesh",80.647908,16.525488
West Bengal,SSP,Santoshpur,ER,"Kolkata, West Bengal",88.272502,22.524414
Jharkhand,SNDT,Sindri Town,?,"Sindri, Jharkhand",86.47988299999999,23.660992
Uttar Pradesh,SRN,Soron,NER,"Soron, Uttar Pradesh",78.748798,27.883694
Gujarat,SNA,Sadanapura,WR,"Sadanapura, Gujarat",73.01247500000001,22.602487999999997
,WW,Wanabar,?,,84.97751000000001,25.006278000000002
West Bengal,SSRD,Shasan Road,ER,"Baruipur, West Bengal",88.434523,22.346539999999997
West Bengal,SMTG,Saheed Matangini,SER,"Medinipur, West Bengal",87.90811500000001,22.301973999999998
Madhya Pradesh,SOE,Sheopur Kalan,NCR,"Sheopur, Madhya Pradesh",76.70038600000001,25.675538
Rajasthan,SMNN,Shri Makri Nath Nagar,NWR,"Churu, Rajasthan",74.824623,28.179883999999998
Andhra Pradesh,AKU,ANGALAKUDURU,SCR,"Coastal Andhra Region, Andhra Pradesh",80.609091,16.245325
Uttar Pradesh,GTI,GHUTAI,NCR,"National Highway 76, Uttar Pradesh",79.4413220264,25.289429766
Rajasthan,SWAR,SEWAR,WCR,"Bharatpur, Rajasthan",77.425499,27.177901
Rajasthan,STSN,SHAITAN SINGH NAGAR,NWR,"State Highway 61, Rajasthan",72.468139,27.052218
West Bengal,MHTR,MALIHATI TALIBPUR ROAD,ER,"Rd, West Bengal",88.126194,23.79372
Rajasthan,SRRG,SURERGOTH,NWR,"State Highway 25, Rajasthan",76.605353,27.18282
Gujarat,SVKD,SAVAR KUNDLA,WR,"Savar Kundla, Gujarat",71.31266699999999,21.335082
Uttar Pradesh,SSKA,SISARKA,NR,"State Highway 43, Uttar Pradesh",78.846279,28.431279
Rajasthan,SSR,SARERI,NWR,"National Highway 79, Rajasthan",74.624105,25.697556000000002
Uttar Pradesh,SRNT,SARNATH,NER,"Varanasi, Uttar Pradesh",83.032634,25.375998
Maharashtra,SVW,SHIVNI SHIVAPUR,SCR,"Akola, Maharashtra",77.048971,20.674328
Goa,SRVX,SURAVALI,KR,"Margao, Goa",73.939328,15.291947
Gujarat,SXS,SHOBHASAN,WR,"State Highway 41, Gujarat",72.394212,23.542306999999997
Orissa,STBJ,Sitabanji,ECoR,"National Highway 215, Orissa",85.79053,21.500203
Goa,SVM,SANVERDAM CHUCH,SWR,"Curchorem, Goa",74.10866,15.264064
Karnataka,SUL,SULADHAL,SWR,"Belagavi, Karnataka",74.67814298520001,16.001728105999998
West Bengal,SVQ,SIVOK,NFR,"Sevoke, West Bengal",88.468742,26.880144
,VMLD,VEMULURIPADU,,,80.294121,16.309801
Punjab,SWG,Sidhwan,NR,"Sidhwan, Punjab",75.54695000000001,31.095558
Bihar,SRY,SIRARI,ECR,"State Highway 6, Bihar",85.952587,25.132853
Punjab,SWX,Saidanwala,NR,"Saidanwala, Punjab",74.679664,30.917223
Tamil Nadu,SVGA,Sivaganga,SR,"SH 33, Tamil Nadu",78.49906899999999,9.852970000000001
Haryana,SSA,Sirsa,NWR,"Sirsa, Haryana",75.034944,29.539153
,MQA,Matoda,,,73.00914999999999,24.11526
Gujarat,SVB,Savni,WR,"Maljinjava, Gujarat",70.471495,20.994517
Bihar,SVC,Siwan Kachari,NER,"Siwan, Bihar",84.34871700000001,26.226705
Tamil Nadu,SVV,Srivaikuntam,SR,"Thoothukudi, Tamil Nadu",77.906323,8.622475999999999
Andhra Pradesh,SVDC,Sivadevunichkla,SCR,"P.P.Road, Andhra Pradesh",81.65894399999999,16.535628999999997
Haryana,STNL,Satnali,NWR,"Satnali, Haryana",75.966232,28.382338
Gujarat,AEP,Amreli Para,WR,"Amreli, Gujarat",71.2281676154,21.6079811042
Maharashtra,SSF,Sirsuphal,CR,"Daund, Maharashtra",74.572957,18.306268
Madhya Pradesh,SWD,Sanawad,WR,"Sanawad, Madhya Pradesh",76.074567,22.17581
Haryana,SXE,SILA KHERI HALT,NR,"Jind, Haryana",76.612939,29.389883
West Bengal,TKF,Taki Road,ER,"Taki, West Bengal",88.915553,22.587179
Tamil Nadu,TNLR,Thondaimanallur,SR,"Nallur, Tamil Nadu",78.746072,10.623543
Maharashtra,TER,THAIR,CR,"State Highway 77, Maharashtra",76.15003700000001,18.352916
Tamil Nadu,SY,SIRKAZHI,SR,"Sirkazhi, Tamil Nadu",79.726353,11.240305
West Bengal,TNX,Tarak Nagar,ER,"Shivniwas Rd, West Bengal",88.680184,23.38018
Punjab,TAPA,TAPA,NR,"Tapa Mandi, Punjab",75.366053,30.302839
Uttar Pradesh,SYC,SARAI CHANDI,NR,"Phulpur, Uttar Pradesh",81.97958463810001,25.5394209652
West Bengal,SXP,SANKOPARA,ER,"State Highway 5, West Bengal",87.9344515665,24.7176851264
Madhya Pradesh,TBN,TIMARNI,WCR,"Timarni, Madhya Pradesh",77.2294,22.375860000000003
Gujarat,SYQ,SINHAN,WR,"SH 6, Gujarat",69.7297354559,22.2346247943
Rajasthan,TIBI,Tibi,NWR,"Tibi, Rajasthan",74.50160639360547,29.54286582323833
Tamil Nadu,TAY,TALAIYUTHU,SR,"Thalaiyuthu, Tamil Nadu",77.72944226749999,8.7841938937
Tamil Nadu,TEN,TIRUNELVELI,SR,"Tirunelveli, Tamil Nadu",77.707979,8.73636
Uttar Pradesh,SYH,SAIYEDPUR BHTRI,NER,"Saidpur, Uttar Pradesh",83.23297400000001,25.539724
Karnataka,THN,TOLAHUNSE,SWR,"Tholahunase, Karnataka",75.964562,14.399208
Assam,SZR,SARUPATHAR,NFR,"Sarupathar Road Thana Rd, Assam",93.862021,26.195595
Rajasthan,SYL,SALPURA,WCR,"Kawari, Rajasthan",76.733005,24.773701
Rajasthan,TIW,TIVARI,NWR,"Tinwari, Rajasthan",72.889577,26.554730000000003
Kerala,TA,TANUR,SR,"Malappuram, Kerala",75.880597,10.97954
Jharkhand,TABU,Talaburu,SER,"National Highway 75, Jharkhand",85.75594199999999,22.358169
Haryana,KGBS,Kishangarh Balawas,NWR,"Kishengarh, Haryana",76.571554,28.262787
Tripura,TBX,Tilbhum,NFR,"National Highway 44, Tripura",92.245466,24.465833
Andhra Pradesh,AL,ATTILI,SCR,"West Godavari, Andhra Pradesh",81.61636,16.680149999999998
West Bengal,TLX,Taldi,ER,"Taldi Station Rd, West Bengal",88.60875899999999,22.343647
Tamil Nadu,TKO,TAKKOLAM,SR,"Arakkonam, Tamil Nadu",79.677055,13.023783
Bihar,TEA,Taregna,ECR,"Taregna, Bihar",85.038112915,25.3552301906
Tripura,TLMR,Teliamura,NFR,"Teliamura, Tripura",91.617734,23.861247
Bihar,TELY,Telia,?,"Telia, Bihar",87.0262456,24.8058876
Rajasthan,SZ,SALAWAS,NWR,"Luni, Rajasthan",73.01452424259999,26.139957444700002
Bihar,TB,Tharbitia,ECR,"State Highway 76, Bihar",86.657383,26.218533
Bihar,TNGI,Tungi Halt,?,"Bihar Sharif, Bihar",85.52720500000001,25.171993
Tamil Nadu,TCN,Tiruchendur,SR,"Tiruchchendur, Tamil Nadu",78.117118,8.501774
Uttar Pradesh,TRG,Tarighat,ECR,"Ghazipur, Uttar Pradesh",83.60210496000946,25.571721452321867
Madhya Pradesh,TKYR,TIKARIA,WCR,"MDR 11, Madhya Pradesh",80.86436,24.99538
Madhya Pradesh,TLV,TALVADYA,WCR,"East Nimar, Madhya Pradesh",76.4437843848,21.9272990641
Rajasthan,TSD,Tahsil Bhadra,NWR,"Bhadra, Rajasthan",75.16145411878824,29.101436164956112
Maharashtra,BLNK,BELANKI,CR,"Jath Rd, Maharashtra",74.86933565,16.84890756
Maharashtra,TR,TARU,SCR,"Rotegaon Railway Station, Maharashtra",74.590775,20.06888
Uttar Pradesh,THJ,TALHERI BUZURG,NR,"SH 59, Uttar Pradesh",77.64430899999999,29.766916000000002
Bihar,TIA,TILAYA,ECR,"State Highway 8, Bihar",85.401101,24.821998
Karnataka,TTR,TIPTUR,SWR,"Tiptur, Karnataka",76.475987,13.256152
Karnataka,TK,TUMKUR,SWR,"Tumkur, Karnataka",77.10243899999999,13.333033
Haryana,TUN,TOHANA,NR,"Tohana, Haryana",75.904581,29.7266
Assam,TKC,THAKURKUCHI,NFR,"Hatisila, Assam",91.9222836917,26.234006114
Tamil Nadu,TME,TUTI MELUR,SR,"Thoothukudi, Tamil Nadu",78.145808,8.808373999999999
Assam,TTB,TITABAR,NFR,"Titabor, Assam",94.199758,26.602048
Maharashtra,TKR,TAKARI,CR,"Sangli, Maharashtra",74.36337599999999,17.129756
Tamil Nadu,TPE,TIRUCHIRAPPALLI PALAKKARAI,SR,"Tiruchirapalli, Tamil Nadu",78.69366422,10.80725953
Bihar,TKLE,Tikani,ER,"Tikani, Bihar",86.9932459985,25.108394454899997
Rajasthan,SRPR,SARUPSAR JN,NWR,"MDR 103, Rajasthan",73.694891,29.353194
Bihar,AYRN,AKSHAYWAT RAI NAGAR,ECR,"Vaishali, Bihar",85.31541102290001,25.688767621
Karnataka,TLGP,Talguppa,SWR,"Talaguppa, Karnataka",74.914093,14.214011
Punjab,TWB,Talwandi,NR,"Talwandi Bhai, Punjab",74.92363399999999,30.861364000000002
Punjab,TQL,Theh Qalandar,NR,"State Highway 20, Punjab",74.086947,30.463401
Andhra Pradesh,TGU,TARIGOPPULA,SCR,"Krishna, Andhra Pradesh",80.836307,16.485676
Goa,THVM,THIVIM,KR,"North Goa, Goa",73.87610400000001,15.62955
Karnataka,TKE,Tarikere Junction,SWR,"Tarikere, Karnataka",75.812209,13.710886
Karnataka,TOK,THOKUR,KR,"Mangalore, Karnataka",74.829167,12.963579000000001
Karnataka,TKOT,TOKKOTTU,SR,"Ullal, Karnataka",74.858222,12.818211
Kerala,TLY,THALASSERY,SR,"Kannur, Kerala",75.492987,11.75314
Kerala,TIR,TIRUR,SR,"Malappuram, Kerala",75.92186500000001,10.917757
Tamil Nadu,TRMN,Taramani,SR,"Chennai, Tamil Nadu",80.24008199999999,12.978438
Orissa,TGRL,Tangiriapal,ECoR,"Orissa, Orissa",85.925812,21.164083
Bihar,THE,Thawe Junction,NER,"Gopalganj, Bihar",84.394398,26.438991
Haryana,TNDE,Thanesar City,NR,"Haryana, Haryana",76.824336,29.966374000000002
Madhya Pradesh,TTW,Titwa,SECR,"Lamta, Madhya Pradesh",80.13844220089999,21.9959060669
West Bengal,TMZ,Tamluk,SER,"Tamluk, West Bengal",87.91914399999999,22.275813
Rajasthan,TLC,Talchhapar,NWR,"Sujangarh, Rajasthan",74.487037,27.824805
Madhya Pradesh,THR,Thara,NCR,"State Highway 2, Madhya Pradesh",77.8507402155,26.3568878952
Rajasthan,THEA,Thalera,WCR,"Talera, Rajasthan",75.73774364929999,25.3152769684
Uttarakhand,ALJ,ALAI,NER,"National Highway 74, Uttarakhand",78.932709,29.143805999999998
Madhya Pradesh,UDM,UNDASA MADHAWPU,WR,"State Highway 18, Madhya Pradesh",75.97927499999999,23.087044000000002
Madhya Pradesh,TZR,TURKI ROAD,WCR,"Rewa, Madhya Pradesh",81.11757300000001,24.548879000000003
Maharashtra,UPI,UPLAI,CR,"State Highway 77, Maharashtra",75.642724,18.184369
Gujarat,TOD,TALOD,WR,"Talod, Gujarat",72.94796099999999,23.351347999999998
Haryana,BNWC,Bhiwani City,NWR,"Bhiwani, Haryana",76.1442991,28.825698499999998
Tamil Nadu,TVR,THIRUVARUR JN,SR,"Thiruvarur, Tamil Nadu",79.63389799999999,10.764347
Uttar Pradesh,TPZ,TAPRI JN,NR,"Saharanpur, Uttar Pradesh",77.58327200000001,29.915727999999998
Gujarat,UBR,UMBARGAM ROAD,WR,"Umbergaon, Gujarat",72.79082100000001,20.153499
Assam,TZTB,Tezpore,NFR,"Tezpur, Assam",92.78774656355381,26.617781357717547
Rajasthan,UTL,UTARLAI,NWR,"Barmer, Rajasthan",71.44363799999999,25.788344000000002
Tamil Nadu,TYMR,Tiruvanmiyur,SR,"Chennai, Tamil Nadu",80.25119000000001,12.989302
Assam,TPK,TIPKAI,NFR,"Dhubri, Assam",90.047264,26.295354
Tamil Nadu,TNM,TIRUVANNAMALAI,SR,"Thiruvannamalai, Tamil Nadu",79.077782,12.238103
Tamil Nadu,TVN,TIRUPPUVANAM,SR,"Tiruppuvanam, Tamil Nadu",78.258693,9.821456999999999
Himachal Pradesh,TVI,Taradevi,NR,"Shimla, Himachal Pradesh",77.139253,31.0758
Uttar Pradesh,TQN,TIKUNIA,NER,"Tikapur Municipality, Uttar Pradesh",80.981217,28.378823
West Bengal,TYAE,TENYA,ER,"Tenya, West Bengal",88.148864,23.822157
Maharashtra,AJU,Arjuni,SECR,"Gondia, Maharashtra",80.022581618,20.8165878335
Tamil Nadu,TPC,TIRUPPACHETTI,SR,"Thiruppachethi, Tamil Nadu",78.344217489,9.773153933800002
Uttar Pradesh,TRN,TARAON,NER,"Tranav Railway Station, Uttar Pradesh",83.311179,25.526193
Maharashtra,TTZ,Tukaithad,SCR,"Akot, Maharashtra",76.670581,21.427444
Tamil Nadu,VB,VILLIYAMBAKKAM,SR,"State Highway 58, Tamil Nadu",79.929175,12.754406
Punjab,UCB,UNCHI BASSI,NR,"National Highway 1A, Punjab",75.643654,31.860857
Gujarat,UJ,UJALVAV,WR,"State Highway 31, Gujarat",71.705115,21.905096
Andhra Pradesh,TNKU,TANUKU,SCR,"131, Andhra Pradesh",81.674075,16.752035
Andhra Pradesh,TNRU,TENNERU,SCR,"Manthena, Andhra Pradesh",80.813991,16.488886
Assam,TRBE,Tarabari,NFR,"Nagaon, Assam",92.68336699999999,26.436293
Assam,TTLA,TETELIA,NFR,"Tetelia-Maloibari Rd, Assam",92.00541,26.135912
Madhya Pradesh,UIH,Umaria Ispa Halt,SECR,"Umaria Ispa, Madhya Pradesh",79.08496134640001,22.055305150200002
Madhya Pradesh,ULA,Umra Nala,SECR,"Umranala Station, Madhya Pradesh",78.879298,21.874783
Karnataka,TXM,TANDAVAPURA,SWR,"Thandavapura, Karnataka",76.678489,12.168831
Himachal Pradesh,TSL,Taksal,NR,"Parwanoo, Himachal Pradesh",76.954267,30.845271
Gujarat,TWV,Thuwavi,WR,"SH 11, Gujarat",73.381517,22.153761
Assam,TSK,Tinsukia Junction,NFR,"Tinsukia, Assam",95.356367,27.4864
Orissa,KDRP,Kandarpur,ECoR,"Jagatsinghpur Rd, Orissa",86.017399,20.396528
Uttar Pradesh,UB,Uska Bazar,NER,"State Highway 1A, Uttar Pradesh",83.12594999999999,27.189993
Tamil Nadu,UAM,Udagamandalam,SR,"Ooty, Tamil Nadu",76.694727,11.404584999999999
Tamil Nadu,TPP,Toppur,SWR,"Dharmapuri, Tamil Nadu",78.070201,11.931538000000002
Gujarat,VDV,Vadiya Devli,WR,"Vadiya, Gujarat",70.853196,21.689791
West Bengal,UKA,UKHRA,ER,"Ukhra, West Bengal",87.232537,23.653692
Maharashtra,UPR,USMANPUR,SCR,"D1, Maharashtra",76.27447,19.532217
Tamil Nadu,UCP,UCHIPPULI,SR,"Uchipuli, Tamil Nadu",79.01509300000001,9.30813
Madhya Pradesh,UHR,UNCHHERA,WCR,"Unchhera, Madhya Pradesh",80.79457,24.38137
Maharashtra,UMD,USMANABAD,CR,"National Highway 211, Maharashtra",76.022663,18.248154
Madhya Pradesh,WGA,WAGHODA,CR,"East Nimar, Madhya Pradesh",76.08875499999999,21.255951999999997
Karnataka,UGR,UGAR KHURD,SWR,"Belgaum, Karnataka",74.822126,16.669705
Gujarat,VAE,Vadali,WR,"Vadali, Gujarat",73.04360399999999,23.948406000000002
Maharashtra,VDGN,VADGAON NILA,SCR,"State Highway 169, Maharashtra",76.64117200000001,18.929472999999998
Maharashtra,WHM,WASHIM,SCR,"Washim, Maharashtra",77.147986,20.103101
Maharashtra,UOI,UMROLI,WR,"Boisar, Maharashtra",72.76033699999999,19.754447000000003
Maharashtra,VLP,VILE PARLE,WR,"Mumbai, Maharashtra",72.84363,19.099273999999998
Gujarat,VRX,VARAHI,WR,"Banaskantha, Gujarat",71.43129599999999,23.800674
Gujarat,VAPI,VAPI,WR,"Valsad, Gujarat",72.90912700000001,20.374337999999998
Karnataka,KRNH,Karanahalli,SWR,"Bangalore Honavar Rd, Karnataka",75.934385,13.667160999999998
Gujarat,UVD,UDVADA,WR,"Udvada, Gujarat",72.918698,20.461236
Karnataka,UD,UDUPI,KR,"Udupi, Karnataka",74.771733,13.336341000000001
Tamil Nadu,VLCY,Velachery,SR,"Chennai, Tamil Nadu",80.21921699999999,12.967092000000001
Uttar Pradesh,VNN,BHANAUR,NR,"State Highway 36, Uttar Pradesh",82.530022,25.573159999999998
Gujarat,VDH,VEDCHHA,WR,"Navsari, Gujarat",72.93641500000001,20.874651
Gujarat,VAL,VADAL,WR,"Vadal, Gujarat",70.492663,21.611243
Punjab,VKA,Verka Junction,NR,"Amritsar, Punjab",74.931669,31.665699
Haryana,UKN,Uklana,NR,"State Highway 2, Haryana",75.883133,29.498980000000003
Bihar,VPN,VIDYAPATINAGAR,ECR,"Raod For VIDYAPATI DHAM, Bihar",85.80234268800001,25.601974857400002
Andhra Pradesh,UPL,UPPALUR,SCR,"Krishna, Andhra Pradesh",80.780125,16.492803000000002
Karnataka,UNK,UNKAL,SWR,"Hubli, Karnataka",75.12425499999999,15.377158999999999
Karnataka,ULL,ULLAL,SR,"Someshwar, Karnataka",74.85477900000001,12.791319999999999
Gujarat,VTJ,VARTEJ,WR,"Bhavnagar, Gujarat",72.05519899999999,21.746198
West Bengal,UTN,Uttar Radhanagar Halt,ER,"Sherpur Dhamua Rd, West Bengal",88.383365,22.269458
Kerala,VDKS,Vadanam Kurussi Halt,SR,"Shornur Perinthalmanna Hwy, Kerala",76.252871,10.788139
Gujarat,UNA,Una,WR,"Una, Gujarat",71.036053,20.819025
Himachal Pradesh,UHL,Una Himachal,NR,"Una, Himachal Pradesh",76.27566,31.478782000000002
Gujarat,UMH,Umreth,WR,"Umreth, Gujarat",73.119782,22.693375999999997
Uttar Pradesh,UGU,Ugu,NR,"Unnao, Uttar Pradesh",80.299391,26.804337999999998
Uttarakhand,VRH,VIRBHADRA,NR,"Rishikesh, Uttarakhand",78.251864,30.074509
West Bengal,VSPR,BISHNUPRIYA,ER,"Nabadwip, West Bengal",88.3552,23.413186
Tamil Nadu,VEL,Vellanur,SR,"Pudukkottai, Tamil Nadu",78.796975,10.46709
Maharashtra,YSI,YEDESHI,CR,"National Highway 211, Maharashtra",75.97657,18.317377999999998
Tamil Nadu,VLY,VALLIYUR,SR,"Vallioor, Tamil Nadu",77.61399,8.376159999999999
Tamil Nadu,VT,VELLORE TOWN,SR,"Vellore - 632008, Tamil Nadu",79.125213,12.923646999999999
Gujarat,VKG,Vavadi Khurd,WR,"National Highway 59, Gujarat",73.502962,22.79511
Andhra Pradesh,WDR,WADIARAM,SCR,"Telangana Region, Andhra Pradesh",78.455417,17.972607
Tamil Nadu,VKP,VARAKALPATTU,SR,"State Highway 9, Tamil Nadu",79.704026,11.765793
Tamil Nadu,VTV,VALANTARAVAL,SR,"National Highway 49, Tamil Nadu",78.911814,9.337064
Gujarat,VQD,VIRAMDAD,WR,"Khambhalia-Dwarka (SH 6), Gujarat",69.575526,22.197917
Maharashtra,ABLE,AMBALE,CR,"Malshiras Rd, Maharashtra",74.171511,18.398719
Maharashtra,VTN,VAITARNA,WR,"Thane, Maharashtra",72.849578,19.517672
Karnataka,VNR,DEVANUR,SWR,"National Highway 206, Karnataka",76.08846,13.439281999999999
Bihar,VKNR,VALMIKINAGAR RD,ECR,"National Highway 28B, Bihar",84.034555,27.195058000000003
Kerala,WH,WEST HILL,SR,"Calicut, Kerala",75.765232,11.28603
Gujarat,VVV,VAVERA,WR,"Rajula-Vijapadi Rd, Gujarat",71.441677,21.062395000000002
Gujarat,VLA,BAVLA,WR,"Bavla, Gujarat",72.36512300000001,22.833389
Tamil Nadu,CAPE,KANYAKUMARI,SR,"Kanyakumari, Tamil Nadu",77.542504,8.088028
,XSAD,SADIPUR HALT,?,,85.596052,24.932654
Kerala,VNB,Vaniyambalam,SR,"Vaniyambalam, Kerala",76.260513,11.188459
West Bengal,VSU,BISHNUPUR,SER,"Bishnupur, West Bengal",87.30107100000001,23.065499000000003
Kerala,VLL,VELLAYIL,SR,"Calicut, Kerala",75.77461,11.264509
Gujarat,VJK,VEJALKA,WR,"State Highway 38, Gujarat",71.719118,22.416769
Tamil Nadu,VRQ,VIRARAKKIYAM,SR,"Verarakiyam, Tamil Nadu",78.165859,10.939107
Rajasthan,ABR,ABU ROAD,NWR,"Sirohi Dist, Rajasthan",72.775695,24.470775
Gujarat,ZKV,Zankhvav,WR,"SH 166, Gujarat",73.31783892586827,21.45148506222334
Maharashtra,YTL,Yavatmal,CR,"Yavatmal, Maharashtra",78.11973326839507,20.387302241829445
Kerala,VPZ,Vailapuzha,SR,"Vallapuzha, Kerala",76.252495,10.842075999999999
Gujarat,VLDR,Valadar,WR,"Junagadh, Gujarat",70.724646,20.967861000000003
Chhattisgarh,BXA,Balod,SECR,"Balod, Chhattisgarh",81.205261,20.740984
Karnataka,YDK,Yedekumeri,SWR,"Yedukumeri Station, Karnataka",75.622206,12.823403
Andhra Pradesh,VVM,Viravasaram,SCR,"Palakollu, Andhra Pradesh",81.63254,16.542123999999998
Gujarat,VVD,Vavdi,WR,"State Highway 31, Gujarat",70.793468,21.714204
Andhra Pradesh,YP,ERRUPALEM,SCR,"Yerrupalem, Andhra Pradesh",80.471049,16.825374
Karnataka,AHD,AHERWADI,SWR,"Sholapur, Karnataka",75.99559,17.504915
Andhra Pradesh,YGL,YELGUR,SCR,"Yelgur Station, Andhra Pradesh",79.74703099999999,17.860901
Gujarat,ALMR,ALAMPUR,WR,"State Highway 31, Gujarat",71.699156,21.944012999999998
Maharashtra,WNG,WANEGAON,SCR,"Chudawa, Maharashtra",77.2501103802,19.1668082025
Maharashtra,WANI,WANI,CR,"Wani, Maharashtra",78.962635,20.06638
Karnataka,BDM,BADAMI,SWR,"Bagalkot, Karnataka",75.6767002,15.958918
Karnataka,BGK,BAGALKOT,SWR,"Bagalkot, Karnataka",75.7002383,16.1787931
Uttar Pradesh,AFR,ASAFPUR,NR,"Bijnor, Uttar Pradesh",78.905957,28.405553
Tamil Nadu,WJ,WALAJABAD,SR,"Walajabad, Tamil Nadu",79.81836999999999,12.797321
Maharashtra,WSA,Wadsa,SECR,"Chandrapur, Maharashtra",79.96351299999999,20.624198
Madhya Pradesh,BHTN,BHITONI,WCR,"Jabalpur, Madhya Pradesh",79.6740109,23.142728299999998
Uttar Pradesh,AMA,ATAMANDA,NER,"State Highway 37, Uttar Pradesh",79.468143,28.58606
Andhra Pradesh,ZPI,Zampini,SCR,"Zampani, Andhra Pradesh",80.71400799999999,16.199033
Kerala,AMVA,AMARAVILA HALT,SR,"Thiruvananthapuram, Kerala",77.10036199999999,8.397108999999999
West Bengal,ACLE,AZIMGANJ CITY,ER,"Police Station Rd, West Bengal",88.25887100000001,24.237941
Gujarat,WSJ,WANSJALIYA,WR,"Tarsai - Vansjaliya, Gujarat",69.873569,21.799383000000002
Uttar Pradesh,AHU,Ahirauli,NER,"State Highway 1A, Uttar Pradesh",83.03422499999999,27.30686
Karnataka,BAY,BELLARY JN,SWR,"Bellary, Karnataka",76.921995,15.145135
Gujarat,ALB,ALIA BADA,WR,"Jamnagar, Gujarat",70.210367,22.44677
Rajasthan,ATRU,ATRU,WCR,"Atru, Rajasthan",76.6702185,24.8821354
Bihar,WZJ,WAZERGANJ,ECR,"Gaya, Bihar",85.225637,24.813122
Madhya Pradesh,BIX,BHIND,NCR,"Bhind, Madhya Pradesh",78.77743530000001,26.588904900000003
Gujarat,WKRC,WANKANER CITY,WR,"Wankaner, Gujarat",70.956182,22.611810000000002
Jammu and Kashmir,BBMN,BARI BRAHMAN,NR,"Bari Brahmana, Jammu and Kashmir",74.916171,32.63896
Bihar,WENA,Wena,ECR,"Wena, Bihar",85.5319560193,25.3266239799
Gujarat,WAB,BALWA,WR,"SH 126, Gujarat",69.961069,21.895867000000003
,BLCA,BLOCK HUT BEAS,,,75.61447700000001,32.101414
Andhra Pradesh,ZB,Zahirabad,SCR,"Dist. Medak, Andhra Pradesh",77.61021299999999,17.674958
Haryana,ZP,Zarpur Pali,NWR,"Road to Nangal Mala, Haryana",76.14827000000001,28.281073000000003
Rajasthan,BJN,Bejnal,NWR,"Rajsamand, Rajasthan",73.914959,24.983198
Rajasthan,BGKT,BHAGAT KI KOTHI,NWR,"Jodhpur, Rajasthan",73.0133366,26.2484972
,KRNN,Karnauti Halt,,,85.54704889770001,25.396291565400002
Tamil Nadu,VXM,Vellipalayam,SR,"Nagapattinam, Tamil Nadu",79.843856,10.775837000000001
Maharashtra,AMDI,Amdi Halt,SECR,"Amadi, Maharashtra",79.31875600000001,21.352410000000003
Rajasthan,BISH,Bishengarh,NWR,"Jalor, Rajasthan",72.5752165,25.448874
Uttar Pradesh,YDV,Yadvendranagar,NER,"Yadvendranagar, Uttar Pradesh",82.75140999999999,25.756558
Andhra Pradesh,YDP,Yedapalli,SCR,"Telangana Region, Andhra Pradesh",77.952866,18.678662
Uttar Pradesh,YEAM,Yogendra Dham Halt,NER,"Yogendra Dham, Uttar Pradesh",81.728543,27.454598
Uttar Pradesh,AKW,Akora,NCR,"National Highway 86, Uttar Pradesh",80.139995,25.613687
Gujarat,ALV,Anklav,WR,"Anklav, Gujarat",72.999264,22.392856
Punjab,BSS,BAHADUR SINGH WALA,NR,"SH 11, Punjab",75.858906,30.319025
West Bengal,AZ,AZIMGANJ JN,ER,"Police Station Rd, West Bengal",88.256764,24.219053
Maharashtra,ARAG,ARAG,CR,"Jath Rd, Maharashtra",74.79116400000001,16.823628
Uttar Pradesh,BEU,Bisheshwarganj,NER,"Bisheshwarganj, Uttar Pradesh",81.833817,27.341282
Assam,BSI,BASBARI,NFR,"Dhubri Kochugaon Rd, Assam",89.900353,26.184354000000003
Uttar Pradesh,BPR,BHOJIPURA JN,NER,"SH 37, Uttar Pradesh",79.44724,28.4939826
West Bengal,APD,Alipur Duar,NFR,"Alipurduar, West Bengal",89.520667,26.479307000000002
Punjab,BHX,BULLUANA,NR,"Balluana, Punjab",74.78304,30.217553000000002
Gujarat,BIM,BILIMORA JN,WR,"Bilimora, Gujarat",72.970474,20.763319
Rajasthan,BKC,BHIKAMKOR,NWR,"Jodhpur, Rajasthan",72.78720299999999,26.80763
Andhra Pradesh,BMO,BOLARUM,SCR,"Secunderabad, Andhra Pradesh",78.5154167,17.5335493
Punjab,BLZ,BUDHLADA,NR,"Budhlada, Punjab",75.5496866,29.9217422
Karnataka,BHLK,Bhalki,SCR,"Bhalki, Karnataka",77.228081,18.047011100000002
Maharashtra,BDU,BADNAPUR,SCR,"Jalna, Maharashtra",75.722483,19.873979
Rajasthan,BMQ,BHIMARLAI,NWR,"National Highway 112, Rajasthan",71.88173556,25.89293086
Karnataka,BNP,BHANAPUR,SWR,"National Highway 63, Karnataka",76.036416,15.38694828
Rajasthan,BLT,BALOTRA JN,NWR,"Balotra, Rajasthan",72.248683,25.830070999999997
Uttar Pradesh,BFV,BAHELIA BUZURG,NER,"Bahelia Buzurg, Uttar Pradesh",80.512537,28.046924
Uttar Pradesh,BHBR,Bathua Bazar,NER,"Phulwaria, Uttar Pradesh",84.2321793958,26.4968303633
Uttar Pradesh,BTKP,BHARAT KUP,NCR,"Chitrakoot, Uttar Pradesh",80.76767899999999,25.217166
Uttar Pradesh,BIK,BHIRA KHERI,NER,"Lakhimpur Kheri, Uttar Pradesh",80.486132,28.334799
Uttar Pradesh,BAOL,BAOLI,NR,"Bagpat, Uttar Pradesh",77.278015354,29.140457035199997
Uttar Pradesh,BTX,BELA TAL,NCR,"Chhatarpur, Uttar Pradesh",79.55448188960001,25.2767862477
Rajasthan,BOM,BOMADRA,NWR,"Pali Marwar, Rajasthan",73.43942509,25.78029392
Orissa,BSPX,Banspani,SER,"National Highway 215, Orissa",85.42341227,22.00024281
Rajasthan,BIB,Birpur,NCR,"State Highway 2, Rajasthan",77.174223,26.155568000000002
Karnataka,ARU,Arasalu,SWR,"Arasalu, Karnataka",75.314466,13.999308999999998
Tamil Nadu,MPC,Muttampatti,SWR,"Dharmapuri, Tamil Nadu",78.152895,11.984107
Gujarat,BAJ,Bhalej,WR,"Bhalej, Gujarat",73.034499,22.633029999999998
Andhra Pradesh,AWM,Aswapuram,SCR,"Sarapaka, Andhra Pradesh",80.80126,17.821267000000002
Chhattisgarh,AVP,Abhanpur Junction,SECR,"Raipur, Chhattisgarh",81.74489899999999,21.052203000000002
Chhattisgarh,BDXX,Bade Arapur,ECoR,"Bade Arapur, Chhattisgarh",81.837917,19.011494000000003
West Bengal,BGRD,Beliaghata Road,ER,"State Highway 2, West Bengal",88.607005,22.674548
Madhya Pradesh,ANI,Ajanti,WR,"East Nimar, Madhya Pradesh",76.285956,21.893954
Rajasthan,BUT,BAYTU,NWR,"State Highway 40, Rajasthan",71.76868,25.897537999999997
West Bengal,BMGA,BHIMGARA,ER,"Birbhum, West Bengal",87.28427905,23.73804814
Uttar Pradesh,BLTR,BELTHARA ROAD,NER,"Belthara, Uttar Pradesh",83.841719,26.121418
Gujarat,BKNG,BHAKTI NAGAR,WR,"Rajkot, Gujarat",70.792278,22.282963
Rajasthan,DEP,Depalsar,NWR,"Churu, Rajasthan",74.92033749999999,28.2368573
Gujarat,BKD,Bhankoda,WR,"State Highway 138, Gujarat",72.1277773999,23.270810878299997
Gujarat,DHJ,DHINOJ,WR,"Dhinoj, Gujarat",72.2818798,23.6710024
Uttar Pradesh,BCY,VARANASI CITY,NER,"Varanasi, Uttar Pradesh",83.0141142,25.3341176
Madhya Pradesh,BNE,BOHANI,WCR,"Narsinghpur, Madhya Pradesh",78.9159773981,22.9137476381
Maharashtra,DDR,MUMBAI DADAR WEST,WR,"Mumbai, Maharashtra",72.84346500000001,19.019731
Karnataka,BNC,BANGALORE CANT,SWR,"Bengaluru, Karnataka",77.59932690000001,12.9936735
Haryana,BSPH,BISHANPUR HARYANA,NR,"Bishanpur, Haryana",76.323906,29.274012000000003
West Bengal,BQY,BELERHAT,ER,"State Highway 6, West Bengal",88.28291748000001,23.51930706
Rajasthan,DGW,DHIGAWARA,NWR,"Baswa, Rajasthan",76.613599,27.296265000000002
Assam,BXJ,BOKAJAN,NFR,"Bokajan, Assam",93.779466,26.018425999999998
Assam,BOJ,BHOJO,NFR,"Bhojo Railway Station, Assam",95.03240600000001,27.0635982
Maharashtra,BDTS,MUMBAI BANDRA TERMINUS,WR,"Mumbai, Maharashtra",72.840535,19.061911
Assam,BLPR,Badulipar,NFR,"Badulipar, Assam",93.87912899999999,26.646825
Rajasthan,BBC,Bhachhbar,NWR,"State Highway 40, Rajasthan",71.044404,25.73181
Uttar Pradesh,BNKJ,BANKE GANJ,NER,"Lakhimpur Kheri, Uttar Pradesh",80.416286,28.158478000000002
Rajasthan,DIA,Didwana,NWR,"Didwana, Rajasthan",74.55765600000001,27.406108
West Bengal,BNV,BINNAGURI,NFR,"National Highway 31C, West Bengal",89.05239089999999,26.747088299999998
West Bengal,DLO,DALGAON,NFR,"Birpara, West Bengal",89.136244,26.715384
Assam,BOKO,BOKO,NFR,"National Highway 37, Assam",91.219674,25.999791
Rajasthan,DKX,Dudhwakhara,NWR,"National Highway 65, Rajasthan",75.16531499999999,28.4587
Punjab,BRW,Bariwala,NR,"Mandi Bariwala, Punjab",74.65895300000001,30.532580000000003
Kerala,BRAM,BALARAMAPURAM,SR,"Balaramapuram, Kerala",77.05132087999999,8.430107451
Tamil Nadu,CBU,Chinna Babu Samudram,SR,"Villupuram, Tamil Nadu",79.686417,11.919465
Rajasthan,DKBJ,Dahar Ka Balaji,NWR,"Jaipur, Rajasthan",75.765669,26.944321
Maharashtra,CAF,Chanda Fort,SECR,"Chandrapur, Maharashtra",79.3122585,19.9400612
Orissa,BRMP,Biramitrapur,SER,"Birmitrapur, Orissa",84.7369583,22.3971312
West Bengal,BJY,Bangalbaree,NFR,"State Highway 10A, West Bengal",88.22942499999999,25.626454
Uttar Pradesh,DMW,Dalmau Junction,NR,"Dalmau, Uttar Pradesh",81.05365,26.075249999999997
Uttarakhand,BRDT,BERIA DAULAT,NER,"National Highway 74, Uttarakhand",79.210042,29.13221
Rajasthan,DUM,DHAURMUI JAGHNA,WCR,"State Highway 33, Rajasthan",77.53653800000001,27.292281
Tamil Nadu,ALK,ALAKKUDI,SR,"Alakudi, Tamil Nadu",79.0537095,10.77766297
Chhattisgarh,BHNS,Bhansi,ECoR,"Dhurli-Basenpur Rd, Chhattisgarh",81.26535758,18.77690197
Rajasthan,DY,DUMARIYA,WCR,"State Highway 1, Rajasthan",77.234121,26.864673
Rajasthan,GLNA,GULANA,NWR,"State Highway 25, Rajasthan",76.564974,27.10333
Uttar Pradesh,BWR,BARWA SAGAR,NCR,"Jhansi(0510-2440441), Uttar Pradesh",78.731628,25.351848
Madhya Pradesh,CDI,CHANDNI,CR,"East Nimar, Madhya Pradesh",76.350657,21.427163999999998
Uttar Pradesh,BUBT,BURAHA BHARTHA,NCR,"Buraha Bharthara, Uttar Pradesh",78.67032900000001,27.108219
Punjab,GHG,GHAGGHAR,NR,"National Highway 22, Punjab",76.84804777400001,30.6111449411
Rajasthan,GGR,GANGRAR,NWR,"Gangrar, Rajasthan",74.624757,25.061279000000003
Assam,DJA,DAOTUHAJA,NFR,"National Highway 54, Assam",93.162162,25.227501
Andhra Pradesh,DHP,DICHPALLI,SCR,"Dichpalli, Andhra Pradesh",78.194667,18.613288
West Bengal,DMA,DAMODAR JUNCTION,SER,"Bardhaman, West Bengal",86.908517,23.651021
Karnataka,BYD,BYADGI,SWR,"National Highway 4, Karnataka",75.4900954675,14.6997230018
Assam,ARCL,ARUNACHAL,NFR,"Cachar, Assam",92.742995,24.855593
Punjab,BZ,BHARUR,NR,"Sunam, Punjab",75.8156104224,30.165006839
Karnataka,GIN,GINIGERA,SWR,"Ginigera, Karnataka",76.247613,15.348226
Karnataka,BVR,BANAVAR,SWR,"National Highway 234, Karnataka",76.1400537476,13.395698823
Assam,DPRA,DHUP DHARA,NFR,"National Highway 37, Assam",91.066009,25.979779
Karnataka,DWR,DHARWAR,SWR,"Dharwad, Karnataka",75.004552,15.440386
Gujarat,DNPR,Dhanpura,WR,"State Highway 133, Gujarat",72.212366,23.453415
Assam,FKG,FURKATING JN,NFR,"K B Rd, Assam",94.00269200000001,26.465652000000002
Punjab,BWB,BAGWALI,NWR,"National Highway 64, Punjab",74.772519,30.033151999999998
Gujarat,BVP,BHAVANAGAR PARA,WR,"Bhavnagar, Gujarat",72.11868199999999,21.770889999999998
Gujarat,BVC,BHAVNAGAR TERMINUS,WR,"Bhavnagar, Gujarat",72.141059,21.781668
Karnataka,DOY,Dornahalli,SWR,"Dornahalli, Karnataka",76.42625,12.433086000000001
Madhya Pradesh,BXY,Bordhal,CR,"Amla, Madhya Pradesh",78.348164,21.997011
West Bengal,DGHA,Digha Flag Station,?,"State Highway 57, West Bengal",87.507655,21.622377
Karnataka,KRNR,Krishnarajanagara,SWR,"Krishnarajanagara, Karnataka",76.38862689999999,12.4454105
Uttar Pradesh,GTP,Ghatpuri,NER,"State Highway 33, Uttar Pradesh",79.20593600000001,28.125245999999997
West Bengal,DLX,Dalimgaon,NFR,"Dhankoil to Dalimgaoun, West Bengal",88.38629999999999,25.640548000000003
West Bengal,BSLA,Bhasila,ER,"Bhasila Railway Station, West Bengal",88.65854499999999,22.665494000000002
Rajasthan,DJKR,Dolaji Ka Khera,NWR,"Pali, Rajasthan",73.882498,25.537166
Andhra Pradesh,GUU,GUNDRATIMADUGU,SCR,"Mahbuababad-Badrachalam Rd, Andhra Pradesh",80.079953,17.532281
Rajasthan,FSP,FATEH SINGHPURA,WCR,"State Highway 1, Rajasthan",77.1469610779,26.8216101334
Madhya Pradesh,DRA,DULARIA,WCR,"Itarsi, Madhya Pradesh",77.654362,22.575660999999997
,SKDM,SIKRODA MINA,,,77.002212,26.722854
Karnataka,GNR,GADIGANURU,SWR,"Bellary, Karnataka",76.599178,15.219036000000001
Madhya Pradesh,DRSN,DHURWASIN,SECR,"Parasi, Madhya Pradesh",81.845641,23.129052
Assam,GUP,GAURIPUR,NFR,"Gauripur, Assam",89.952056,26.078321
West Bengal,GALE,GANKAR,ER,"Gankar, West Bengal",88.07289439819999,24.404804119599998
Rajasthan,HKL,HARKIA KHAL,WR,"State Highway 31, Rajasthan",74.91966500000001,24.363234000000002
Andhra Pradesh,GDPL,GUNDLA POCHAMPALLI,SCR,"Rangareddy, Andhra Pradesh",78.488371,17.568097
West Bengal,FLM,Falimari,NFR,"Falimari, West Bengal",89.5868746,26.0707762
Maharashtra,J,JALNA,SCR,"Jalna, Maharashtra",75.893142,19.830781
Jharkhand,JGD,Jagadishpur,ER,"Jagadishpur, Jharkhand",86.525172,24.273027000000003
Gujarat,GTWD,Ghatwad,WR,"Junagadh, Gujarat",70.74961099999999,20.92654
Karnataka,GNB,JNANA BHARTI HALT,SWR,"Mysore Road Bengaluru, Karnataka",77.511242,12.935329000000001
Haryana,GHNA,GOHANA,NR,"Gohana, Haryana",76.68937799999999,29.140297
Uttar Pradesh,DWI,DINGWAHI,NCR,"National Highway 76, Uttar Pradesh",80.414159,25.416805
Uttar Pradesh,GLBN,GUJRAN BALWA,NR,"State Highway 57, Uttar Pradesh",77.301364624,29.4068014069
Nagaland,DSR,DHANSIRI,NFR,"Bridge, Nagaland",93.613598,25.810836
Uttar Pradesh,GK,GOLA GOKARANATH,NER,"Gola, Uttar Pradesh",80.475468,28.084651
Punjab,DZA,DASUYA,NR,"Dasuya, Punjab",75.657932,31.80853
Rajasthan,SRPJ,SWARUPGANJ,NWR,"Sirohi Road, Rajasthan",72.9319259351,24.6581702628
Haryana,HNS,Hansi,NWR,"Hissar, Haryana",75.94724099999999,29.088276999999998
Rajasthan,HYL,Hadyal,NWR,"MDR 97, Rajasthan",75.26504100000001,28.526882999999998
Uttar Pradesh,GDO,Goverdhan,NCR,"Mathura District, Uttar Pradesh",77.46164300000001,27.520546
Rajasthan,JBS,Jadoli Ka Bas,NCR,"Alwar, Rajasthan",76.880759,27.539231
Punjab,FZP,Firozpur City,NR,"Firozpur, Punjab",74.600792,30.962007
Kerala,EKN,Ezhukone,SR,"Kollam-Tirumangalam Rd, Kerala",76.715068,8.979142999999999
Punjab,GSR,Garhshankar,NR,"Garhshankar, Punjab",76.14241700000001,31.21799
Madhya Pradesh,GOPA,Ghosipura,NCR,"Gwalior, Madhya Pradesh",78.150553,26.215133
Chhattisgarh,URGA,Urga,SECR,"Korba, Chhattisgarh",82.736062,22.265791999999998
West Bengal,GGV,Ghovarash Ghona,ER,"Ghoraras Ghona, West Bengal",88.78289199999999,22.651678
Uttar Pradesh,GRMR,Garhi Manikpur,NR,"Garhi Manikpur, Uttar Pradesh",81.40315299999999,25.786329
Madhya Pradesh,DTQ,Dantarda Kalan,NCR,"State Highway 6, Madhya Pradesh",76.71403099999999,25.763299999999997
Uttar Pradesh,JLQ,JALPUR,?,"MDR 65W, Uttar Pradesh",78.870355,29.012363999999998
Madhya Pradesh,HRV,HARRAD,SECR,"Shahdol, Madhya Pradesh",81.90404000000001,23.161136
Jammu and Kashmir,HRNR,HIRA NAGAR,NR,"Hiranagar, Jammu and Kashmir",75.268733,32.487007000000006
Andhra Pradesh,JKM,JANKAMPET JN,SCR,"Nizamabad, Andhra Pradesh",78.05386,18.70264
West Bengal,JOC,JOYCHANDI PAHAR,SER,"Purulia, West Bengal",86.68033899999999,23.516393
Bihar,HIR,HARINAGAR,ECR,"Ramnagar, Bihar",84.324507,27.156647
Maharashtra,JCNR,JUCHANDRA,CR,"NH 8, Maharashtra",72.87245142,19.35986171
Uttar Pradesh,JKNI,Jharkhandi,NER,"MDR 10E, Uttar Pradesh",82.17975597290001,27.4330507545
Kerala,HAD,HARIPPAD,SR,"Haripad 0479-2412714, Kerala",76.46222900000001,9.279602
Maharashtra,HMPR,HURMUJPUR HALT,CR,"Maharashtra, Maharashtra",83.35227499999999,25.721525
Gujarat,JIL,JALILA ROAD,WR,"Botad, Gujarat",71.820315,22.23946
Uttar Pradesh,ITE,Intiyathok,NER,"MDR 10E, Uttar Pradesh",82.0254415802,27.275552861799998
Gujarat,JALD,JALIYA DEVANI,WR,"Ranuja Village Rd, Gujarat",70.399597,22.420182999999998
Uttar Pradesh,KDQ,KADIPUR,NER,"National Highway 29, Uttar Pradesh",83.09130300000001,25.44872
Uttar Pradesh,IDGJ,IRADATGANJ,NCR,"Allahabad, Uttar Pradesh",81.81928099999999,25.317889
Gujarat,HM,HADMATIYA JN,WR,"State Highway 98, Gujarat",70.47043762019999,22.4279053359
Kerala,JGE,JAGANNATH TEMPLE GATE,SR,"Mahe, Kerala",75.507837,11.737975
Madhya Pradesh,HATI,HATI,WCR,"MDR 11, Madhya Pradesh",80.843299,24.68924
Karnataka,HLK,HOLALKERE,SWR,"National Highway 13, Karnataka",76.1300544724,14.038157957300001
Maharashtra,JSV,JARANDESHWAR,CR,"SH 61, Maharashtra",74.0773198273,17.7507667858
Andhra Pradesh,KCI,Kallkiri,SCR,"Punganur Rd, Andhra Pradesh",78.801131,13.643625
Karnataka,KRNU,KONANUR,SWR,"Nanjungudu-Chamarajanagara Rd, Karnataka",76.809835,12.025333999999999
Uttar Pradesh,KEX,KHEKRA,NR,"Tronica City, Uttar Pradesh",77.288916,28.871499999999997
Rajasthan,SWNI,Siwani,NWR,"National Highway 65, Rajasthan",75.6040669287,28.9148353709
Orissa,JRT,JARTI,?,"Jarti Station, Orissa",82.66510099999999,18.890456
Uttar Pradesh,HDK,HANDIA KHAS,NER,"Handia, Uttar Pradesh",82.18941,25.357472
Bihar,JJP,Jhanjharpur,?,"Madhubani, Bihar",86.267833,26.228493
Rajasthan,JRKN,Jorkian,NWR,"Hanumangarh, Rajasthan",74.2221512,29.8325238
Orissa,KCV,Krishnachandrapur,SER,"Mayurbhanj, Orissa",86.82005,21.824613
Uttar Pradesh,JSC,Jalesar City,NCR,"Jalesar, Uttar Pradesh",78.30634,27.459871
West Bengal,HRO,Harua Road,ER,"Harua Road Railway Station, West Bengal",88.689994,22.661628
,ASTG,Astegaon,,,77.927221,21.296402
Madhya Pradesh,IKR,Iklehra,CR,"Dongar Parasia, Madhya Pradesh",78.711385,22.207929
Haryana,JKZ,Jitakheri,?,"Bhiwani, Haryana",75.9873709528,29.0117786412
Karnataka,HHT,Habanghata,SWR,"Habanghata, Karnataka",76.2495220447,13.226848573
Karnataka,KLM,KADLIMATTI,SWR,"State Highway 20, Karnataka",75.796092,16.236489
Madhya Pradesh,KDHA,KARCHHA,WR,"State Highway 18, Madhya Pradesh",75.9098425183,23.1048189579
Uttar Pradesh,KDF,KHUNDAUR,NR,"Ramapur Railway Station, Uttar Pradesh",82.01505399999999,26.020077
West Bengal,KJU,KUNTIGHAT,ER,"Kuntighat Railway Station, West Bengal",88.413149,23.016799000000002
Rajasthan,KTPK,KOTHA PAKKI,NR,"National Highway 15, Rajasthan",73.966186,30.143767
Punjab,KLWL,KILANWALI PUNJAB,NR,"National Highway 15, Punjab",74.11242,30.137221
Gujarat,KHRS,KHARESHWAR ROAD,WR,"State Highway 7, Gujarat",71.9804719385,23.0627851439
Karnataka,KCP,Kalgupur,SCR,"Hulsoor, Karnataka",77.19175,18.163878
Uttar Pradesh,KJTW,KAJGAON TERHWAN,NR,"Kajgaon, Uttar Pradesh",82.70545000000001,25.685669
Haryana,KIP,KHALILPUR,NR,"State Highway 26, Haryana",76.67836199999999,28.274856
Uttar Pradesh,KHU,KHURHAND,NCR,"Atarra, Uttar Pradesh",80.49498,25.352584
Madhya Pradesh,KAW,KHAJRI,WCR,"Shivpuri, Madhya Pradesh",77.617075,25.563233999999998
Maharashtra,KOV,KIRLOSKARVADI,CR,"Sangli, Maharashtra",74.41635799999999,17.084152
Orissa,KDJR,Kendujhargarh,ECoR,"Kendujhar, Orissa",85.62690500000001,21.66029
West Bengal,TKRA,Tikra Ph,?,"State Highway 4, West Bengal",87.531081,21.664080000000002
Uttarakhand,KHMA,Khatima,NER,"Khatima, Uttarakhand",79.969431,28.915440999999998
Rajasthan,KRW,KHARWA,NWR,"Ajmer, Rajasthan",74.42653,26.204383999999997
Uttar Pradesh,KMDR,KARIMUDDIN PUR,NER,"Karimdinpur, Uttar Pradesh",83.860581,25.700369000000002
Maharashtra,KRD,KARAD,CR,"Satara, Maharashtra",74.215686,17.310011
Maharashtra,KMAH,KAMATHE,KR,"Maharashtra, Maharashtra",73.515552,17.477292
Andhra Pradesh,KLDI,KALDHARI,SCR,"Kaldhari Main Rd, Andhra Pradesh",81.678046,16.837853
Uttar Pradesh,KMP,KAMLAPUR,NER,"Kamalpur, Uttar Pradesh",80.822278,27.378437
Kerala,KN,KADALUNDI,SR,"Kozhikode district, Kerala",75.82803299999999,11.133481
Uttar Pradesh,KFK,KATKA,NER,"Mirzapur, Uttar Pradesh",82.634249,25.250251
Chhattisgarh,KKLU,Kaklur,ECoR,"Kaklur, Chhattisgarh",81.619792,18.883305
Gujarat,JVL,Jamwala,WR,"Junagadh, Gujarat",70.772358,20.971057
Rajasthan,KOF,Marwar Kori,NWR,"Jalor, Rajasthan",72.2738395703,24.9119408017
Gujarat,JTV,Jetalvad,WR,"Junagadh, Gujarat",70.82471799999999,21.35276
Punjab,KLSX,Kaulseri,NR,"Sherpur Sodhian, Punjab",75.941435,30.369503
West Bengal,KNJ,Krishnanagar City Junction,ER,"Krishnanagar, West Bengal",88.493636,23.388714
Karnataka,KTK,KYATANEAKERI RD,SWR,"Bijapur, Karnataka",75.821206,17.05336
Punjab,LNK,LOHIAN KHAS JN,NR,"Malsian Rd, Punjab",75.196445,31.165462
Gujarat,LSD,LUSADIYA,NWR,"Lusadiya, Gujarat",73.421111,23.685409999999997
Uttar Pradesh,SPPR,SHUDNIPUR,NR,"State Highway 5, Uttar Pradesh",82.64049800000001,25.626255
Assam,LGT,LANGTING,NFR,"Langting, Assam",93.110265,25.49759
Tamil Nadu,KRR,KARUR,SR,"Karur, Tamil Nadu",78.085087,10.965642
Haryana,KWMD,KUMBHAWAS MUNDA,NR,"Kumbhawas, Haryana",76.660871,28.255391
Tamil Nadu,KU,KULIKARAI,SR,"Thiruvarur - Mannargudi Rd, Tamil Nadu",79.579324,10.766395
Uttar Pradesh,KRTL,Kartauli,NER,"State Highway 33, Uttar Pradesh",79.42761829999999,28.3110435
Haryana,KUND,Kund,NWR,"State Highway 26, Haryana",76.39848079709999,28.145183762800002
Madhya Pradesh,MCQ,MIRCHADHORI,ECR,"National Highway 75, Madhya Pradesh",82.793413,24.291847
Uttar Pradesh,KSNR,KHUSHAL NAGAR,NER,"Ghughli Bazar, Uttar Pradesh",83.6983925134,26.9877753343
Rajasthan,KYNT,KALYANKOT,NWR,"Kalyankot, Rajasthan",73.637024,29.298804999999998
Gujarat,LXR,LUNSERIYA,WR,"State Highway 113, Gujarat",71.036258,22.585491
Tamil Nadu,LP,LALAPET,SR,"NH 67, Tamil Nadu",78.339233,10.95132
Uttar Pradesh,KQL,KANDHLA,NR,"MDR 22W, Uttar Pradesh",77.293239,29.324701
Uttar Pradesh,KZI,KHANDRAWALI,NR,"State Highway 57, Uttar Pradesh",77.2938848779,29.382584655000002
Assam,KXL,KAMARBANDHA ALI,NFR,"K B Rd, Assam",94.056352,26.529561
Rajasthan,LGH,LALGARH JN,NWR,"Bikaner, Rajasthan",73.313909,28.043638
Assam,LH,LAHING,NFR,"Mudoijan, Assam",94.4371491022,26.7412013647
Kerala,KRKD,KARAKKAD,SR,"Kondayur Rd, Kerala",76.227856,10.782804
Uttar Pradesh,LMP,LAKHIMPUR,NER,"Lakhimpur, Uttar Pradesh",80.777625,27.947414
West Bengal,MBB,Murshidabad,ER,"Berhampore, West Bengal",88.281598,24.176963999999998
Madhya Pradesh,KUX,Khirsadoh Junction,CR,"Chhindwara, Madhya Pradesh",78.798394,22.140449999999998
Chhattisgarh,KWGN,Kawargaon,ECoR,"Kawargaon, Chhattisgarh",81.53352199999999,18.896086
Uttar Pradesh,LBW,Laiburwa Halt,NER,"Laiburwa, Uttar Pradesh",82.4683445782,27.5260420401
Rajasthan,MLGH,Mandalgarh,WCR,"Mandalgarh, Rajasthan",75.08094,25.194176
Rajasthan,LAU,Ladnun,NWR,"Ladnun, Rajasthan",74.4056,27.64255
Jharkhand,MLKA,Maluka,SER,"Jaipur, Jharkhand",85.672936,22.202912
Rajasthan,MLZ,MALARNA,WCR,"Sawai Madhopur, Rajasthan",76.534634,26.231078
West Bengal,MPJ,Madanpur,ER,"Madanpur, West Bengal",88.489717,23.005927999999997
Andhra Pradesh,MPT,Mangalampeta,SCR,"Naravari Palle Rd, Andhra Pradesh",79.074022,13.568344
Uttar Pradesh,MCV,MACHARYA,NR,"Kundarkhi, Uttar Pradesh",78.80370199999999,28.772575
Gujarat,MDSA,Modasa,WR,"way to railwaystation, Gujarat",73.304944,23.451923
Uttar Pradesh,MFJ,Muftiganj,NER,"Jaunpur, Uttar Pradesh",82.827774,25.700913
Karnataka,MOMU,Molakalmuru,SWR,"State Highway 19, Karnataka",76.74572699999999,14.709669
Punjab,MOT,MALOUT,NR,"Malaut, Punjab",74.49550799999999,30.184671
Tamil Nadu,MMP,MAMBALAPPATTU JN,SR,"Mambalapattu, Tamil Nadu",79.37390499,11.95223333
Uttar Pradesh,MFX,MADARAHA,NCR,"National Highway 76, Uttar Pradesh",81.764284,25.273637
Uttar Pradesh,MJHR,MAJHIARI,NCR,"National Highway 76, Uttar Pradesh",81.5188330261,25.1789843066
Madhya Pradesh,MJG,MAJHAGAWAN,WCR,"Majhgawa, Madhya Pradesh",80.811656,24.913389000000002
Gujarat,MQZ,MOTA JADRA,WR,"Mota Jadra Rd, Gujarat",71.704462,21.082538000000003
Uttar Pradesh,MNKN,MANIKALAN HALT,NR,"Nawab Yousuf Rd, Uttar Pradesh",82.691157,25.917549
Bihar,MOG,MOHIUDDINNAGAR,ECR,"Samastipur, Bihar",85.70332322690001,25.606296391399997
Maharashtra,MGC,MUGAT,SCR,"Nanded, Maharashtra",77.427262,19.17485
Gujarat,MVI,MORBI,WR,"Morbi, Gujarat",70.829277,22.825342
Andhra Pradesh,MOB,MANOHARABAD,SCR,"Medak, Andhra Pradesh",78.45439599999999,17.75573
Uttar Pradesh,MLW,Mallanwan,NR,"Mallawan, Uttar Pradesh",80.1583349207,27.0362379616
West Bengal,MPN,Madhyampur,ER,"Madhyampur Railway Station, West Bengal",88.896007,22.619981
Karnataka,MDLL,MUDDALINGAHALLI,SWR,"NH 207, Karnataka",77.3047403595,13.2391442032
Karnataka,MAQ,MANGALORE CNTL,SR,"Mangalore, Karnataka",74.844068,12.862325
Uttar Pradesh,MBP,MOHIBULLAPUR,NER,"Aliganj, Uttar Pradesh",80.938923,26.909235
Uttar Pradesh,MANW,MANWA,NER,"Manwa, Uttar Pradesh",80.849604,27.218852
Delhi NCT,MGLP,MANGOLPURI,NR,"Outter Ring Rd, Delhi NCT",77.0905744531,28.6832457826
Madhya Pradesh,MLAR,MALANPUR,NCR,"National Highway 3, Madhya Pradesh",78.27281099999999,26.413117999999997
Rajasthan,MHF,Mohari Junction,NCR,"State Highway 43, Rajasthan",77.55378492,26.70055271
Tamil Nadu,MEJ,VANCHIMANIYACHI,SR,"Thoothukudi, Tamil Nadu",77.890651,8.882102999999999
Himachal Pradesh,MTPR,Raimehatpur,NR,"Mehatpur, Himachal Pradesh",76.32431100000001,31.405746999999998
Rajasthan,MNSR,MANAKSAR,NWR,"Hanumangarh, Rajasthan",74.383621,29.680074
Assam,MRZA,MIRZA,NFR,"National Highway 37, Assam",91.51740114900001,26.0727512878
Rajasthan,MJ,MARWAR JN,NWR,"Marwar Junction, Rajasthan",73.609301,25.720478999999997
Madhya Pradesh,MRDD,Mordar,SCR,"Khandwa, Madhya Pradesh",76.44924400000001,21.74264
Maharashtra,MWK,Mordad Tanda,CR,"State Highway 22, Maharashtra",74.904782,20.688190000000002
Haryana,MHRG,Mahendragarh,NWR,"Mahendragarh, Haryana",76.14863000000001,28.281433000000003
Uttar Pradesh,MUV,MANDUADIH,NER,"Varanasi, Uttar Pradesh",82.972079,25.300001
Madhya Pradesh,MKT,Mukhtiar Balwar,WR,"SH 27, Madhya Pradesh",75.973751,22.398362
Tamil Nadu,MEKM,Melakkonnakkulam,SR,"National Highway 226, Tamil Nadu",78.46655700000001,9.724592999999999
Uttarakhand,MJZ,Majhola Pakarya,NER,"State Hiughway 29, Uttarakhand",79.899341,28.831681000000003
Punjab,MGWD,Mahngarwal Doaba,NR,"Mahngarwal Doaba, Punjab",76.088969,31.325405
Karnataka,MKM,Marikuppam,SWR,"Kolar Gold Fields, Karnataka",78.263789,12.918968
Andhra Pradesh,MVW,Mallividu,ECoR,"Coastal Andhra Region, Andhra Pradesh",83.17285799999999,17.971931
Assam,MYD,MANDERDISA,NFR,"Diakkawn Rd, Assam",93.123109,25.707319
Andhra Pradesh,NKD,NEKONDA,SCR,"Nekkonda, Andhra Pradesh",79.80459300000001,17.794877999999997
Uttar Pradesh,NRNR,Nurnagar,NR,"Meerut, Uttar Pradesh",77.71298900000001,28.915414000000002
Uttarakhand,PBW,PANTNAGAR,NER,"Pantnagar, Uttarakhand",79.51778,29.017708
Himachal Pradesh,NDBT,NANDPUR BHATAULI,NR,"Nandpur Bhatauli, Himachal Pradesh",76.115499,32.013177
Delhi NCT,NRVR,NARAINA VIHAR,NR,"Inderpuri, Delhi NCT",77.1415966599,28.6376790996
Assam,MXR,MAHUR,NFR,"North Cachar Hills, Assam",93.126299,25.187996
Uttar Pradesh,MZGI,MANZURGARHI,NCR,"Aligarh, Uttar Pradesh",78.10663,27.964290000000002
West Bengal,SURI,SIURI,ER,"Siuri, West Bengal",87.5327,23.890185
Madhya Pradesh,MTA,MATHELA,WCR,"East Nimar, Madhya Pradesh",76.38997105099999,21.8802561555
Madhya Pradesh,NLI,NAMLI,WR,"Namli, Madhya Pradesh",75.067161,23.455521
Rajasthan,NBH,NIMBAHERA,WR,"Nimbahera, Rajasthan",74.694312,24.623252
Madhya Pradesh,NNE,NONERA,NCR,"National Highway 92, Madhya Pradesh",78.333363,26.437569
Tamil Nadu,NCJ,NAGERCOIL JN,SR,"Nagercoil, Tamil Nadu",77.44347,8.17385
Maharashtra,NB,NIMBHORA,CR,"Jalgaon, Maharashtra",75.975186,21.160781
Uttar Pradesh,NEW,NIVARI,NCR,"Jhansi, Uttar Pradesh",78.82007,25.328061
,RSWN,RAMESHWAR NAGAR,,,84.520106,26.980403000000003
Karnataka,NVF,NAGAVANGALA,SWR,"Melanahalli Rd, Karnataka",75.98716300000001,13.661093
Assam,MZA,MEZENGA S,NFR,"Nazira Ali, Assam",94.679344,26.884475000000002
Rajasthan,NWH,Nawalgarh,NWR,"Jhunjhunu, Rajasthan",75.24608317762613,27.844017432134876
Assam,NHK,NAHARKATIYA,NFR,"Naharkatiya, Assam",95.32977500000001,27.289403
Bihar,NDW,Nadwan,ECR,"National Highway 83, Bihar",85.0656737195,25.3966869286
Andhra Pradesh,MUGR,Manuguru,SCR,"Telangana Region, Andhra Pradesh",80.799034,17.925272
Bihar,NNNL,NANDANI LAGUNIA,ECR,"Mahnar Bhartendunagar Rd, Bihar",85.6313754486,25.6254080511
Tamil Nadu,MTNL,MUTTARASANALLUR,SR,"Nagappattinam - Gundlupet Road(Vandikara Street), Tamil Nadu",78.648401,10.865860000000001
Rajasthan,NRI,NARAINA,NWR,"Ajmer, Rajasthan",75.193029,26.796463999999997
Maharashtra,NIDI,NIDI,CR,"Roha, Maharashtra",73.106567,18.472247
Uttar Pradesh,NTU,NIGATPUR,NER,"Mirzapur, Uttar Pradesh",82.758511,25.251216000000003
Maharashtra,NIV,NIVASAR,KR,"Ratnagiri, Maharashtra",73.454552,16.946588000000002
Karnataka,PDD,PADUBIDRI,KR,"Muloor, Karnataka",74.76816500000001,13.197027
Karnataka,NBU,NARASAMBUDHI,SWR,"Nanjangud Taluk, Karnataka",76.70180500000001,12.104692
Karnataka,NAG,NAGARGALI,SWR,"State Highway 34, Karnataka",74.6213530695,15.424554374700001
Madhya Pradesh,NGW,Nauganwan,WR,"Ratlam, Madhya Pradesh",75.1892654,23.414388
Uttar Pradesh,NUH,Naugarh,NER,"Naugarh, Uttar Pradesh",83.08829899999999,27.275029999999997
Jharkhand,PDPH,Padapahar Junction,SER,"National Highway 215, Jharkhand",85.545961,22.156554999999997
Rajasthan,NIP,Nizampur,NWR,"Nizampur, Rajasthan",76.0107869,27.9667684942
Andhra Pradesh,PPY,PAPATAPALLI,SCR,"GUDURU PADU, Andhra Pradesh",80.175744,17.373688
Himachal Pradesh,PHRH,PANCH RUKHI,NR,"National Highway 20, Himachal Pradesh",76.564492,32.056252
Punjab,PUL,RAMPURA PHUL,NR,"Rampura Phul, Punjab",75.23737999999999,30.269357000000003
Uttar Pradesh,RBGJ,ROBERTS GANJ,NCR,"Robertsganj, Uttar Pradesh",83.077822,24.683136
Uttar Pradesh,POKL,PEOKOL,NER,"Deoria, Uttar Pradesh",83.930204,26.340803
Rajasthan,RDD,RIKHABDEV ROAD,NWR,"Kalyanpur, Rajasthan",73.74805500000001,23.997173
Uttar Pradesh,PPC,PIPRAICH,NER,"Gorakhpur Bypass, Uttar Pradesh",83.535848,26.828307
Maharashtra,RGO,ROTEGAON,SCR,"Aurangabad, Maharashtra",74.75787,19.956132
Jammu and Kashmir,RMJK,RAM NAGAR J K,NR,"Jandrah, Jammu and Kashmir",75.14542599999999,32.863528
Tamil Nadu,PRL,POLUR,SR,"Polur, Tamil Nadu",79.13055800000001,12.511327000000001
Maharashtra,PMKT,PIMPALKHUTI,CR,"Pimpalkhuti, Maharashtra",78.581025,19.829473
Tamil Nadu,PRT,PANRUTI,SR,"Panruti, Tamil Nadu",79.555153,11.773239
Gujarat,PAD,PARDI,WR,"Valsad, Gujarat",72.92431099999999,20.513153
Uttar Pradesh,PFM,PHAPHAMAU JN,NR,"Phaphamau, Uttar Pradesh",81.866406,25.524255999999998
Tamil Nadu,PDV,PANDARAVADAI,SR,"Rajagiri, Tamil Nadu",79.242126,10.913696
Uttar Pradesh,PNHI,PANHAI,NCR,"Manikpur, Uttar Pradesh",81.189495,25.081679
West Bengal,NWMS,NOAPARA MAHISHA,ER,"Sagardighi Railway Station, West Bengal",88.13727399999999,24.323279
Assam,PNB,PANBARI,NFR,"Chandrapur, Assam",91.951417,26.226727
West Bengal,ODB,OODLABARI,NFR,"Udlabari, West Bengal",88.624639,26.866793
Gujarat,PNU,PALANPUR JN,WR,"Palanpur, Gujarat",72.430172,24.174433
Andhra Pradesh,PLSG,Palasingi,ECoR,"Palasingi, Andhra Pradesh",83.805056,19.014074
Madhya Pradesh,PUX,Parasia,CR,"Dongar Parasia, Madhya Pradesh",78.76432,22.193186
Kerala,PKQ,Pattikkad,SR,"Pattikad, Kerala",76.23179499999999,11.020627
Andhra Pradesh,PDSN,Peddasana,ECoR,"National Highway 5, Andhra Pradesh",84.18448500000001,18.593147
Gujarat,PTD,Petlad Junction,WR,"Petlad, Gujarat",72.9294731,22.5452909
Madhya Pradesh,PCLI,Palachauri,CR,"Dongar Parasia, Madhya Pradesh",78.659087,22.201012
Madhya Pradesh,PLA,Palia,WR,"Indore, Madhya Pradesh",75.79984999999999,22.829589000000002
Chhattisgarh,SB04,Mana,?,"Mana, Chhattisgarh",81.689931,21.21457
Uttar Pradesh,RHN,ROSHANPUR,NER,"Tanda, Uttar Pradesh",78.887727,29.046556
Rajasthan,RNT,RANTHAMBHORE,WCR,"MDR 111, Rajasthan",76.41000100000001,26.093062999999997
Madhya Pradesh,SAGM,SAGMA,WCR,"Satna, Madhya Pradesh",80.828347,24.622107
West Bengal,RUI,Rukni,SER,"Purulia, West Bengal",86.548025,23.551806
Maharashtra,RV,RAVER,CR,"Jalgaon, Maharashtra",76.044594,21.222201
Bihar,SBV,SIMRI BHAKHTIYARPUR,ECR,"Simri Bakhtiarpur, Bihar",86.5973840167,25.7208597875
Maharashtra,RJW,RAJEVADI,CR,"Malshiras Rd, Maharashtra",74.1551290765,18.384143186099998
,KMM,KANNAMANGALAM,,,79.1611348285,12.753547405299999
Gujarat,SDHR,Sandhanidhar,WR,"Junagadh, Gujarat",70.713698,20.942193
Gujarat,SAHP,SAHIJPUR,WR,"National Highway 8, Gujarat",72.631634,23.061366
West Bengal,RMRB,Ramnagar Bengal,?,"Egra Ramnagar Rd, West Bengal",87.55405,21.677450999999998
Punjab,SGF,SANGAT,NWR,"National Highway 64, Punjab",74.83253,30.088059
Madhya Pradesh,SAC,SANICHARA,NCR,"National Highway 3, Madhya Pradesh",78.198369,26.363371
Uttar Pradesh,RORA,RORA,NCR,"Jhansi, Uttar Pradesh",79.236769,25.293896
Maharashtra,SAPE,SAPE WAMNE,KR,"SH 70, Maharashtra",73.356471,18.085549
Rajasthan,RJS,RAJIYASAR,NWR,"Biradhwal, Rajasthan",73.8421637408,29.0674933054
Karnataka,SET,SETTIHALLY,SWR,"Bangalore-Mysore Rd, Karnataka",77.1419178821,12.6442282946
Jharkhand,RMF,RAMNA,ECR,"Dist. Garhwa, Jharkhand",83.605713,24.239748
Andhra Pradesh,SGKM,Srungavruksham,SCR,"Srungavruksham, Andhra Pradesh",81.601906,16.543756
West Bengal,RGA,Rajgoda,SER,"Rajgoda /RGA Railway Station, West Bengal",87.866472,22.324313
West Bengal,RVK,RAJA BHAT KHAWA,NFR,"Rajabhat Khawa, West Bengal",89.528605351,26.6201438112
Uttar Pradesh,RTB,RAJA TALAB,NER,"Mirzapur, Uttar Pradesh",82.8507290414,25.2639068026
Tamil Nadu,PYD,PALLIYADI,SR,"Kanyakumari, Tamil Nadu",77.259683,8.26515
Gujarat,SASG,Sasan Gir,WR,"SH 111, Gujarat",70.602443,21.168995000000002
West Bengal,SGV,Sargachhi,ER,"Sargachhi, West Bengal",88.244037,24.01772
Jharkhand,RJL,Rajmahal,ER,"State Highway 10, Jharkhand",87.831451,25.052535
Uttar Pradesh,RS,Risia,NER,"Risia Railway Station, Uttar Pradesh",81.605514,27.688822
Andhra Pradesh,RCA,Rentachintala,SCR,"Guntur, Andhra Pradesh",79.549492,16.545258999999998
Uttar Pradesh,RAK,Ramkot,NR,"Ramkot, Uttar Pradesh",80.59740799999999,27.534312
West Bengal,PXR,Palpara,ER,"National Highway 34, West Bengal",88.520722,23.059458
Rajasthan,SDGH,Sri Dungargarh,NWR,"Churu, Rajasthan",74.008011,28.070311
Assam,SCE,Senchoa Junction,NFR,"Senchoa, Assam",92.6424819141,26.3116130653
Madhya Pradesh,SBL,Sabalgarh,NCR,"Sabalgarh, Madhya Pradesh",77.4087421698,26.2512745542
Bihar,SKJ,SAHIBPUR KAMAL JN,ECR,"National Highway 31, Bihar",86.4001292639,25.4270372397
Punjab,SRM,Sarna,NR,"National Highway 15, Punjab",75.57852799999999,32.252678
Rajasthan,SRW,Shri Karanpur,NWR,"State Highway 7B, Rajasthan",73.458716,29.844419000000002
Uttarakhand,SKX,SARKARA,NER,"National Highway 74, Uttarakhand",79.083308,29.166922000000003
Rajasthan,SMP,SHAMBHUPURA,WR,"Shambhupura, Rajasthan",74.641918,24.771439
Tamil Nadu,SUX,SUDIYUR,SR,"Madurai-Rameshwaram Rd, Tamil Nadu",78.48234500000001,9.602939000000001
Madhya Pradesh,SNRR,SANSARPUR,WCR,"National Highway 7, Madhya Pradesh",80.3473074512,23.6789703455
Maharashtra,SVD,SARWARI,SCR,"Ranjani, Maharashtra",75.93969899999999,19.764637
Rajasthan,SZK,SUR KHAND KA KHEDA,NWR,"Kejed, Rajasthan",73.879823,24.118095
Uttar Pradesh,STZ,Satraon,NER,"Deoria, Uttar Pradesh",83.82137900000001,26.283587
West Bengal,SPLE,SUJNIPARA,ER,"National Highway 34, West Bengal",88.03679699999999,24.571584
,CHOK,Chowk,,,73.239613,18.902861
Tamil Nadu,SRT,SATUR,SR,"Sattur, Tamil Nadu",77.92156999999999,9.357545
,APRH,Alehpur Halt,,,84.78898557980001,26.2094647257
West Bengal,SOAE,SOMRA BAZAR,ER,"State Highway 6, West Bengal",88.433032,23.13916
Chhattisgarh,SJQ,SURAJPUR ROAD,SECR,"Surajpur, Chhattisgarh",82.880146,23.289233
Gujarat,SR,SABLI ROAD,WR,"State Highway 17, Gujarat",71.9526427954,23.0348065663
Himachal Pradesh,SOL,Solan,NR,"Solan, Himachal Pradesh",77.097531,30.907937
Jammu and Kashmir,SGRR,SANGAR,NR,"Jammu Cantt, Jammu and Kashmir",75.044078,32.80617
Haryana,SMF,SAMAR GOPALPUR,NR,"NH 71, Haryana",76.51864460750001,28.9608890803
Uttar Pradesh,STP,SITAPUR,NER,"Sitapur, Uttar Pradesh",80.697762,27.558728
Gujarat,STDR,Satadhar,WR,"Junagadh, Gujarat",70.721182,21.283915999999998
Gujarat,SJF,SAJANVAR ROAD,WR,"MDR, Gujarat",71.60840800000001,21.07527
Gujarat,SHH,SHAPUR JN,WR,"Vanthali-Shapur(Sorath) Rd, Gujarat",70.37105700000001,21.478281
West Bengal,SMX,Simurali,ER,"Chakdaha, West Bengal",88.51016399999999,23.041337
Rajasthan,SNAR,Srinagar Rajasthan,WCR,"Rd, Rajasthan",75.5690913623,25.3640471585
Maharashtra,SMNE,SOMTANE,CR,"Kolkhe Village, Maharashtra",73.145524,18.952233
Gujarat,SRGT,SURENDRANAGAR GATE,WR,"Surendranagar, Gujarat",71.636053,22.734565
Maharashtra,SWV,SAWANTWADI ROAD,KR,"SH123, Maharashtra",73.785308,15.866512
Rajasthan,SIM,SHRI AMIRGADH,NWR,"Amirgadh, Rajasthan",72.643675,24.405948
Madhya Pradesh,SLHA,SALHANA,WCR,"State Highway 10, Madhya Pradesh",80.65672125239999,23.820462097900002
Rajasthan,SRMT,Sirmuttra,NCR,"Sir Mathura, Rajasthan",77.375168,26.518904
Andhra Pradesh,SLM,Somalapuram,SWR,"Anantapur Rd, Andhra Pradesh",76.86885600000001,14.914015000000001
Jharkhand,SNMY,Sindri Marshalling Yard,ECR,"Pathardih, Jharkhand",86.46617599999999,23.667035000000002
Rajasthan,SRSL,Sirsala,NWR,"National Highway 65, Rajasthan",75.1294882373,28.4266753002
Jharkhand,SGPA,Sugapahari,ER,"Madhupur, Jharkhand",86.57804878910001,24.2790237518
Rajasthan,SVO,Sanvrad,NWR,"Didwana, Rajasthan",74.518574,27.521887
Bihar,SJV,Sanjhauli Halt,ECR,"State Highway 12, Bihar",84.191033988,25.1438922456
Uttar Pradesh,SNZ,Sherganj,NER,"Sherganj, Uttar Pradesh",79.804862,28.380488999999997
Karnataka,SMET,Shimoga Town,SWR,"Shimoga, Karnataka",75.583174,13.943036999999999
Jharkhand,SSNR,Satsang Nagar Halt,ER,"Deoghar, Jharkhand",86.68168063,24.49030743
Chhattisgarh,SKSO,Sikosa,SECR,"Sikosa, Chhattisgarh",81.285568,20.868216
Bihar,TIL,TILRATH,ECR,"NH 31, Bihar",86.06853100000001,25.441178999999998
Andhra Pradesh,UMM,UMRAM,SCR,"Sitagondi, Andhra Pradesh",78.4373421246,19.661586179100002
Tamil Nadu,TDR,TIRUVIDAIMARUTHUR,SR,"Thiruvidaimaruthur, Tamil Nadu",79.453706,10.990634
Orissa,TKH,Thakurtola,SER,"Mayurbhanj, Orissa",86.97071700000001,21.651992
Himachal Pradesh,TRPL,TRIPAL HALT,NR,"Tripal, Himachal Pradesh",76.204696,32.00601
Himachal Pradesh,TLRA,TALARA,NR,"Raja-ka-Talab, Himachal Pradesh",75.903937,32.239023
Andhra Pradesh,TMD,TALMADLA,SCR,"Telangana Region, Andhra Pradesh",78.356638,18.239215
Uttar Pradesh,BHKL,BHAKRAULI,NR,"State Highway 39, Uttar Pradesh",78.474665,28.308471
Madhya Pradesh,TRWT,TARAVATA,WCR,"Guna, Madhya Pradesh",77.381391,24.74613
Gujarat,WKR,WANKANER JN,WR,"Wankaner, Gujarat",70.96561700000001,22.622552
Uttar Pradesh,SWE,SIWAITH,NR,"Prayag, Uttar Pradesh",81.86926100000001,25.577037999999998
Assam,TGE,THEKERAGURI,NFR,"Ahotguri, Assam",92.40385900000001,26.199171
Jharkhand,TSAH,Tata Sijua Halt,SER,"Sijua, Jharkhand",86.3316696973,23.7745106829
Andhra Pradesh,TGL,TUGGALI,SCR,"Kurnool, Andhra Pradesh",77.53014599999999,15.310975000000001
Karnataka,UBL,HUBLI JN,SWR,"Hubli, Karnataka",75.148104,15.350302000000001
Gujarat,TID,TAGDI,WR,"Tagadi, Gujarat",71.948621,22.296445000000002
Karnataka,ARGP,ARALAGUPPE,SWR,"State Highway 74, Karnataka",76.615439,13.253131999999999
Haryana,UCA,UCHANA,NR,"District Jind, Haryana",76.178544,29.466064000000003
West Bengal,TAK,Tarakeswar,ER,"Tarkeshwar, West Bengal",88.013437,22.882582
Gujarat,UMN,AMBLIYASAN,WR,"Mehsana, Gujarat",72.423181,23.447386
Uttar Pradesh,SZP,Shahjahanpur,NER,"Shahjahanpur, Uttar Pradesh",79.904536,27.893402000000002
Tamil Nadu,TTQ,Thathankulam,SR,"Thoothukudi, Tamil Nadu",77.875152,8.627298
Gujarat,TJH,Tajgadh,WR,"Vadodara, Gujarat",73.90478800000001,22.350958
Maharashtra,UKC,UKSHI,KR,"Maharashtra, Maharashtra",73.4559422882,17.1297597205
Kerala,UAA,UPPALA,SR,"Kasaragod, Kerala",74.906488,12.6698
Kerala,TKQ,TRIKARPUR,SR,"Kannur District, Kerala",75.176143,12.142185
Kerala,VAPM,VALAPATTANAM,SR,"Kannur District, Kerala",75.346365,11.927728
West Bengal,TUNG,Tung,NFR,"NH 55, West Bengal",88.294811,26.921803
Kerala,TKT,TIKKOTTI,SR,"Thikkodi, Kerala",75.626246,11.490426
Maharashtra,UGWE,Ugwe,SCR,"State Highway 204, Maharashtra",77.009265,20.806248999999998
Madhya Pradesh,TRDI,Tirodi,SECR,"Balaghat, Madhya Pradesh",79.724564,21.688066
Uttar Pradesh,TQA,Takia,NR,"State Highway 38, Uttar Pradesh",80.782017,26.311678999999998
Uttarakhand,TPU,Tanakpur,NER,"Tanakpur, Uttarakhand",80.10904500000001,29.067103
Karnataka,DHL,Devanhalli,SWR,"Near Bellary Road Bangalore Rural Dt., Karnataka",77.70463099999999,13.246834
Gujarat,TAV,Talala Junction,WR,"Junagadh, Gujarat",70.522164,21.04184
Rajasthan,TPO,Tantpur,NCR,"Tantpur, Rajasthan",77.47803025,26.83193514
Karnataka,THKU,Thallak,SWR,"Bellary-Hiriyur Rd, Karnataka",76.675366,14.450854
Gujarat,VD,VAGDIYA,WR,"State Highway 113, Gujarat",71.2916898169,22.6141762638
Karnataka,YGA,Yerra Goppa Halt,SWR,"Yerra Goppa, Karnataka",75.64807800000001,15.905354
Madhya Pradesh,AGQ,ASIRGARH ROAD,CR,"State Highway 27, Madhya Pradesh",76.268065,21.378418
Uttar Pradesh,AA,ATARIA,NER,"Sitapur National Highway 24, Uttar Pradesh",80.861033,27.172456999999998
Maharashtra,WSD,WASUD,CR,"solapur, Maharashtra",75.14765299999999,17.377406
Uttar Pradesh,AED,AULENDA,NCR,"Kiraoli, Uttar Pradesh",77.612583,27.029152
Uttar Pradesh,ARH,AMHERA,NR,"Amhera, Uttar Pradesh",78.28580221,29.26223824
Haryana,SWDE,SIWAHA,NR,"Jind, Haryana",76.456292,29.340294
Rajasthan,BHWA,BECHHIWARA,NWR,"Bichhiwara, Rajasthan",73.535256,23.787792
Gujarat,VRV,VIRAVADA,NWR,"National Highway 8, Gujarat",73.07902999999999,23.612331
Karnataka,YLG,YALVIGI,SWR,"Yalvigi, Karnataka",75.4094012659,15.0342535867
Karnataka,ADHL,ADIHALLI,SWR,"National Highway 206, Karnataka",76.3472840454,13.2834201678
Uttar Pradesh,WRGN,WARIGAON NEWADA,NR,"Warigaon, Uttar Pradesh",82.56831600000001,25.586146
Maharashtra,APTA,APTA,CR,"Raigad, Maharashtra",73.152629,18.863471
Gujarat,WC,WADHWAN CITY,WR,"Surendranagar, Gujarat",71.67236,22.702931
West Bengal,ADRA,ADRA JN,SER,"Purulia.Div HQ SER, West Bengal",86.67466499999999,23.495992
Maharashtra,AKOT,Akot,SCR,"Akola, Maharashtra",77.047217,21.095661
Gujarat,BHUJ,BHUJ,WR,"Bhuj, Gujarat",69.6778278,23.2660225
Kerala,VLI,VALLIKUNNU,SR,"Vallikkunnu, Kerala",75.85165099999999,11.09046
Uttar Pradesh,ATRR,ATRAURA,NER,"Handia, Uttar Pradesh",82.314016,25.316112
Andhra Pradesh,VPU,VELPURU,SCR,"Velupuru, Andhra Pradesh",81.662635,16.725963999999998
Jammu and Kashmir,VJPJ,VIJAYPUR JAMMU,NR,"Gadwal, Jammu and Kashmir",75.020996,32.57197
Uttar Pradesh,ZNP,Zindpura,NER,"State Highway 29, Uttar Pradesh",79.849699,28.191347
Punjab,BHRL,BHAROLI JUNCTION,NR,"Bharoli, Punjab",75.61637323000001,32.27104809
Gujarat,PQT,Puniyavant,WR,"Vadodara, Gujarat",73.95733100000001,22.332118
Tamil Nadu,VRA,Valavanur,SR,"Vallavanur, Tamil Nadu",79.573803,11.917402000000001
Bihar,XBKJ,Bikramganj,ECR,"Bikramganj, Bihar",84.27373100000001,25.218913999999998
West Bengal,VTG,Bhetaguri,NFR,"Bhetaguri, West Bengal",89.6653098,26.3029681
Uttar Pradesh,ATKS,Atwa Kursath,NR,"Atwa Kursath, Uttar Pradesh",80.2672099268,27.134570267199997
Punjab,WDJ,Wanderjatana,NR,"State Highway 16, Punjab",74.740729,30.564802
Maharashtra,AMI,Amravati,CR,"Amravati, Maharashtra",77.7577863,20.930082900000002
Rajasthan,BIPR,Bheempura,NWR,"Jalor, Rajasthan",72.39224899999999,25.129644
Uttar Pradesh,ARP,Atrampur,NR,"Atrampur Railway Station, Uttar Pradesh",81.745663,25.572021
Tamil Nadu,WEL,Wellington,SR,"Wellington, Tamil Nadu",76.786078,11.3559
Uttar Pradesh,ARKA,Arkha,NR,"Lucknow Allahabad Rd, Uttar Pradesh",81.331277,25.867316000000002
Rajasthan,BAMA,BIRAMBAD,NCR,"Dumariya, Rajasthan",77.32494000000001,26.922783000000003
Uttar Pradesh,AUR,ATRAULI ROAD,NR,"Dibai, Uttar Pradesh",78.2201080066,28.0971879576
Jharkhand,BCB,Bhowra Junction,SER,"KUSTORE, Jharkhand",86.417009,23.67077
Maharashtra,BHBK,BODHADI BUJRUG,SCR,"Kinwat, Maharashtra",78.1952487683,19.4962759853
Gujarat,BDHA,BADHADA,WR,"Badhada, Gujarat",71.33741400000001,21.2703
Gujarat,BHET,BHESTAN,WR,"Surat, Gujarat",72.8613128,21.1278829
West Bengal,BFZ,BHANDARTIKURI,ER,"State Highway 6, West Bengal",88.32981731,23.43319157
Madhya Pradesh,BATL,BAIHATOLA,SECR,"Boridand, Madhya Pradesh",82.05862,23.231203999999998
Uttar Pradesh,BGQ,BHONGAON,NCR,"Mainpuri, Uttar Pradesh",79.1657234,27.2590416
Andhra Pradesh,BGHU,Borraguhallu,ECoR,"Way to Rly Station, Andhra Pradesh",83.040289,18.275624
Madhya Pradesh,BELD,BELKHERA,WCR,"State Highway 22, Madhya Pradesh",79.299879,22.981891
Madhya Pradesh,BIF,BHAIRONPUR,WCR,"State Highway 15, Madhya Pradesh",77.420409,22.432086
Madhya Pradesh,BAU,BURHANPUR,CR,"Burhanpur, Madhya Pradesh",76.1986787,21.3343976
Rajasthan,BJK,BIJORA,WCR,"Antah, Rajasthan",76.3956989,25.145112400000002
Assam,BDT,BORDUBI ROAD,NFR,"Madhubon to Naoholia Rd, Assam",95.314595,27.399181
Punjab,BPRS,BHOGPUR SIRWAL,NR,"Bhogpur, Punjab",75.6452234,31.556593699999997
Uttar Pradesh,BIP,BAHILPURWA,NCR,"National Highway 76, Uttar Pradesh",80.998599,25.137088000000002
Karnataka,BGWD,BAGEWADI,SWR,"Gokak TQ, Karnataka",74.75360002999999,16.30777084
Uttar Pradesh,BGAN,Bangain,NER,"Bangain, Uttar Pradesh",81.90592400000001,27.238993
Karnataka,BID,BIDADI,SWR,"Bengaluru District, Karnataka",77.39029839999999,12.8004252
Rajasthan,BNDI,Barundini,WCR,"National Highway 76, Rajasthan",74.93010100000001,25.173406
Andhra Pradesh,BDCR,Bhadrachalam Road,SCR,"Kottagudem, Andhra Pradesh",80.616024,17.550365
,KISN,KALISEN,,,87.1624991003,23.1816003962
Assam,AYU,ABHAYAPURI ASSAM,NFR,"Abhayapuri, Assam",90.641696,26.356599
West Bengal,BFT,Bhabta,ER,"Bhabta, West Bengal",88.241584,23.9869677
Uttar Pradesh,BHLP,BHULANPUR,NER,"Varanasi, Uttar Pradesh",82.9575192,25.2878753
Uttar Pradesh,BAHP,Band Hamirpur,NR,"State Highway 38, Uttar Pradesh",80.744382,26.32975
Rajasthan,BLSD,Balsamand,NWR,"Didwana, Rajasthan",74.473873,27.581307
Assam,BEE,Bebejia,NFR,"National Highway 37, Assam",92.640956,26.310185
West Bengal,BAA,Barala,ER,"Murshidabad District, West Bengal",88.039851,24.300532
West Bengal,BDZ,Badkulla,ER,"State Highway 11, West Bengal",88.526557,23.3046657
Rajasthan,BIGA,Bigga,NWR,"National Highway 11, Rajasthan",74.20137015629999,28.0474529072
Gujarat,BAYD,Beyad,WR,"Sabarkantha, Gujarat",73.20732600000001,23.216364
West Bengal,BBLA,Bhyabla Halt,ER,"Basirhat, West Bengal",88.854932,22.654259999999997
Gujarat,BHAN,Bhoyani,WR,"State Highway 133, Gujarat",72.234682,23.358779
Rajasthan,BK,Bakra Road,NWR,"Jalor, Rajasthan",72.487603,25.2130523
Uttar Pradesh,BBJ,Babaganj,NER,"Babaganj, Uttar Pradesh",81.568611,27.964290000000002
West Bengal,BBT,Birati,ER,"Kolkata, West Bengal",88.42761300000001,22.66472
Maharashtra,AWH,Alewahi,SECR,"Palasgaon, Maharashtra",79.71014699999999,20.38793
Bihar,BDMA,Budhma,ECR,"National Highway 107, Bihar",86.85700899999999,25.902768
Assam,BGLI,Bargolai,NFR,"Ledo, Assam",95.703548,27.287485999999998
Madhya Pradesh,BLAX,BARLAI,WR,"Indore, Madhya Pradesh",75.962109,22.894163
West Bengal,BSAE,BANSH BARIA,ER,"Bansberia, West Bengal",88.395641,22.957288000000002
Himachal Pradesh,BRHL,BARYAL HIMACHAL,NR,"Baryal, Himachal Pradesh",76.100072,32.025465000000004
Karnataka,CHKE,Challakere,SWR,"Chitradurga, Karnataka",76.66001700000001,14.315154000000001
Madhya Pradesh,BRND,BORIDAND,SECR,"Shahdol, Madhya Pradesh",82.178765,23.267799
Chhattisgarh,CHRM,Chirmiri,SECR,"Chirimiri, Chhattisgarh",82.34955079999999,23.1894855
Gujarat,BPKA,BHOPALKA,WR,"Jamnagar, Gujarat",69.3687405,22.122780300000002
Karnataka,BNKH,BHAIRANAYAKANAH,SWR,"State Highway 74, Karnataka",77.38339300000001,13.194258
Maharashtra,ALN,ALANDI,CR,"Ramdara Rd, Maharashtra",74.09309499999999,18.451229
Madhya Pradesh,BRLA,BRAYLA CHAURASI,WR,"Badayla Chorasi Rd, Madhya Pradesh",75.0927610413,23.5556827445
West Bengal,BQG,Bhagwangola,ER,"Station Rd, West Bengal",88.309816,24.333178
Madhya Pradesh,BQM,Barelipur,CR,"Nayagaon, Madhya Pradesh",78.407732,22.051583
Karnataka,BNA,BANNI KOPPA,SWR,"National Highway 63, Karnataka",75.94180892,15.40662732
Andhra Pradesh,BKU,BHIKNUR,SCR,"Nizamabad, Andhra Pradesh",78.39915082280001,18.1644907169
Maharashtra,BLSA,BOLSA,SCR,"Dharmabad, Maharashtra",77.7029205847,19.0012905282
Maharashtra,BMBE,BIMBARI,SCR,"Bhokar, Maharashtra",77.631226,19.164065
Maharashtra,BOKR,BHOKAR,SCR,"Bhokar, Maharashtra",77.666535,19.213965
Rajasthan,CAG,CHHABRA GUGOR,WCR,"Baran, Rajasthan",76.850989,24.680339
Rajasthan,CJW,CHAJAWA,WCR,"Baren, Rajasthan",76.580569,25.008594000000002
,BKTW,Baikunth,,,81.777975,21.489690999999997
Andhra Pradesh,ADB,ADILABAD,SCR,"Adilabad, Andhra Pradesh",78.535285,19.680104
Uttar Pradesh,BPM,BAGPAT ROAD,NR,"Bagpat, Uttar Pradesh",77.272589,28.957503
Andhra Pradesh,CIV,Chinnaravuru,SCR,"Tenali, Andhra Pradesh",80.655843,16.224010999999997
Maharashtra,CHI,CHIPLUN,KR,"Chiplun, Maharashtra",73.522429,17.542507399999998
Kerala,CAN,KANNUR,SR,"Kannur, Kerala",75.3683267,11.870694199999999
Madhya Pradesh,BNG,Barnagar,WR,"Barnagar, Madhya Pradesh",75.6111208,23.0304117
Andhra Pradesh,MPL,Madanapalle Road,SCR,"Madanapalle Road Station, Andhra Pradesh",78.55442400000001,13.644442
West Bengal,BRQ,BAGRAKOT,NFR,"National Highway 31, West Bengal",88.58596154,26.87063169
West Bengal,BNQ,BANARHAT,NFR,"National Highway 31C, West Bengal",89.025682,26.797885
Uttar Pradesh,BMJ,Bridgemanganj,NER,"Bridgmanganj, Uttar Pradesh",83.197098,27.195536999999998
Uttar Pradesh,BRK,Bahraich,NER,"Bahraich, Uttar Pradesh",81.6075183,27.581536
Uttar Pradesh,BRMX,Barmi,NR,"Barmi, Uttar Pradesh",80.56082099999999,27.489413
Haryana,BNW,Bhiwani,NWR,"Bhiwani, Haryana",76.1255797,28.7984261
Uttarakhand,BNSA,Banbasa,NER,"H01, Uttarakhand",80.0732101,28.991685
West Bengal,BSHT,Basirhat,ER,"Basirhat, West Bengal",88.86896,22.650516
Uttarakhand,CHRU,CHAMRUA,NER,"Chamrua, Uttarakhand",79.13898800000001,28.796205999999998
Tamil Nadu,ANP,ANANDTANDAVPUR,SR,"Uluthakuppai, Tamil Nadu",79.6576745148,11.143966349
Karnataka,ANGR,ANGADGERI HALT,SWR,"Angadgeri, Karnataka",75.84589116000001,16.451873659999997
Tamil Nadu,AAY,ARALVAYMOZHI,SR,"Dist. Kanniyakumari, Tamil Nadu",77.5292646945,8.2494513612
Uttar Pradesh,ALNP,Akelahanspur Halt,NER,"Akelahanspur, Uttar Pradesh",80.31557099999999,28.34054
Gujarat,BAH,BHABHAR,WR,"SH 72, Gujarat",71.615774,24.065279999999998
Uttar Pradesh,AON,ARAON,NCR,"Araon, Uttar Pradesh",78.692248,27.114343
West Bengal,BZLE,BAZARSAU,ER,"Bazarsau, West Bengal",88.1828793,23.8757926
Kerala,CHPD,CHEPPAD HALT,SR,"Cheppad Railway Station Rd, Kerala",76.47674199999999,9.232679000000001
Madhya Pradesh,CGO,CHHIDGAON,WCR,"Harda, Madhya Pradesh",77.314105,22.406953
Gujarat,AJM,Adraj Moti,WR,"Adraj Moti, Gujarat",72.565608,23.258801000000002
Karnataka,CKR,CHIKODI ROAD,SWR,"Belagavi, Karnataka",74.76949432980001,16.3690477592
Maharashtra,BSR,VASAI ROAD,WR,"Thane Dist., Maharashtra",72.8322217,19.3824486
Karnataka,ABGT,ARBAGATTA HALT,SWR,"State Highway 47, Karnataka",76.13497100000001,13.907468
Uttar Pradesh,BTJ,BISHNATHGANJ,NR,"Pratapgarh, Uttar Pradesh",81.935379,25.801897
Uttar Pradesh,BUS,BADAUSA,NCR,"National Highway 76, Uttar Pradesh",80.651011,25.248423000000003
West Bengal,ANCR,ANCHURI,SER,"National Highway 60A, West Bengal",86.993174,23.283904
Uttar Pradesh,BSZ,Bharwa Sumerpur,NCR,"Hamirpur, Uttar Pradesh",80.167419,25.825412999999998
West Bengal,BSW,Baneswar,NFR,"Baneswar, West Bengal",89.494466,26.388205
Gujarat,PTN,PATAN,WR,"Patan, Gujarat",72.13167200000001,23.853292
Maharashtra,ABZ,Adgaon Buzurg,SCR,"Akola, Maharashtra",76.955924,21.123876
Gujarat,ADE,ADARI ROAD,WR,"kadukada to railway fatak, Gujarat",70.330818,20.986794999999997
Karnataka,AMC,Amritapura,SWR,"State Highway 48, Karnataka",76.24556342560001,14.1395487324
Gujarat,CDA,CHUDA,WR,"State Highway 38, Gujarat",71.7500982013,22.495211350199998
Uttar Pradesh,AKS,ANKUSPUR,NER,"National Highway 29, Uttar Pradesh",83.4940121521,25.5713190547
Maharashtra,ANO,ANJANI,KR,"Anjani, Maharashtra",73.399308,17.620604999999998
West Bengal,APDC,Alipur Duar Court,NFR,"Alipur Duar, West Bengal",89.526808,26.499254999999998
Gujarat,CDK,CHANDKHERA ROAD,WR,"Ahmedabad, Gujarat",72.563224,23.111868
Karnataka,CGHD,CHINNADAGUDI,SWR,"Nanjungudu-Chamarajanagara Rd, Karnataka",76.732445,12.084594000000001
Chhattisgarh,CJS,CHARAMULA KUSUM,ECoR,"Bhansuli Kotpad PMGSY Rd, Chhattisgarh",82.401044,19.020403
Karnataka,BTGH,Bettadnagenhali,SWR,"Amritapura, Karnataka",76.2593350818,14.1738302683
Haryana,ADR,Mandi Adampur,NWR,"Hisar, Haryana",75.468851,29.283136000000002
Uttar Pradesh,BSUR,Bisalpur,NER,"Bisalpur, Uttar Pradesh",79.812599,28.290515999999997
Karnataka,ANC,Annechakanahali,SWR,"Annechakanahali, Karnataka",76.282814,12.7379
Andhra Pradesh,CCI,Chinnekuntapali,SCR,"Chennai - Anantpur Rd, Andhra Pradesh",77.8420563,14.4427884187
Uttar Pradesh,BTRI,Bitrol,NER,"State Highway 33, Uttar Pradesh",78.92398,27.984069
Gujarat,AGCI,Angadi,WR,"National Highway 59, Gujarat",73.282558,22.806751
Bihar,ALS,Amlori Sarsar,NER,"Siwan, Bihar",84.3455775659,26.2947140024
Punjab,BFE,BAHAWAL BASI,NR,"National Highway 15, Punjab",74.279311,30.147265
Madhya Pradesh,AXK,ASOKHAR,NCR,"State Highway 19, Madhya Pradesh",78.55585400000001,26.525539
Gujarat,AXA,AMARSAR,WR,"Rajkot, Gujarat",70.91711000000001,22.585991
Karnataka,BENL,BENL,SWR,"Dam Inspection Rd, Karnataka",75.882249,16.384407
Uttar Pradesh,BBW,BODARWAR,NER,"State Highway 64, Uttar Pradesh",83.6381910315,26.8780004923
Karnataka,BAJE,Bajakare Halt,SWR,"Panja Kadaba Rd, Karnataka",75.508955,12.720476000000001
Andhra Pradesh,AMQ,AMMUGUDA,SCR,"Secunderabad, Andhra Pradesh",78.527215,17.487039
Uttar Pradesh,BBA,BABRALA,NR,"Babrala, Uttar Pradesh",78.4034137,28.2664932
Andhra Pradesh,ALW,ALWAL,SCR,"Secunderabad, Andhra Pradesh",78.515006,17.505779
Uttar Pradesh,ATE,ATARRA,NCR,"Dist. Banda(05192-224813), Uttar Pradesh",80.576491,25.291367
Punjab,AWL,ALAWALPUR,NR,"Jalandhar, Punjab",75.642236,31.425164
Tamil Nadu,AZP,AYYAMPET,SR,"Ayyampet, Tamil Nadu",79.206701,10.896267
Karnataka,ASK,ARSIKERE JN,SWR,"Arasikere, Karnataka",76.2520848,13.314425
Tamil Nadu,BAL,BUDALUR,SR,"SH 99, Tamil Nadu",78.981443,10.782843000000002
Rajasthan,BAZ,BARAN,WCR,"Baran, Rajasthan",76.50512839999999,25.0967701
Maharashtra,AVRD,ARAVALI ROAD,KR,"Kochi - Panavel Rd, Maharashtra",73.53816,17.316531
Assam,BBGN,Barua Bamungaon,NFR,"Barua Bamungaon, Assam",93.944693,26.662157
Jammu and Kashmir,ANT,Anantnag,NR,"Anantnag, Jammu and Kashmir",75.10713108815253,33.738534244499846
West Bengal,BDPA,Badalpur Ph,?,"State Highway 4, West Bengal",87.616227,21.710487
Kerala,AVS,Auvaneeswaram,SR,"Avaneeswaram Pathanapuram Rd, Kerala",76.852807,9.036513
Andhra Pradesh,BDHN,Bodhan,SCR,"Bodhan, Andhra Pradesh",77.8881657,18.645933
Uttar Pradesh,BED,Baseri,NCR,"Baseri, Uttar Pradesh",77.54301509999999,26.74699159
Punjab,BDBG,Badhai Balamgarh Halt,NR,"Badhai Balamgarh, Punjab",74.460168,30.459894
Tamil Nadu,AVK,Aravankadu,SR,"Dist. Nilgiris, Tamil Nadu",76.769203,11.359124
Uttar Pradesh,ATW,Atwa Muthia Halt,NR,"Atwa Muthia, Uttar Pradesh",80.415479,27.273989999999998
Uttar Pradesh,BGMU,Bangarmau,NR,"Bangarmau, Uttar Pradesh",80.22205951000001,26.89181589
Chhattisgarh,BCHL,Bacheli,ECoR,"Dhurli-Basenpur Rd, Chhattisgarh",81.238534,18.703461
Bihar,BBHT,Barabar Halt,?,"Vanavar Halt, Bihar",84.9743682056,25.0558596095
Maharashtra,BFJ,Bhoras Budrukh,CR,"Kargaon Tanda-Chalisgaon Rd, Maharashtra",75.01429200000001,20.538301
Uttar Pradesh,BARL,Baral,NR,"State Highway 18, Uttar Pradesh",77.80997500000001,28.494092
Orissa,BDBA,Badabandha Road,ECoR,"Badabandha, Orissa",86.519951,20.276721000000002
Haryana,BGD,Bara Gudah,NWR,"Bara Gudha, Haryana",75.00164099999999,29.697657
Jammu and Kashmir,BLA,BAJALTA,NR,"Khana Chorgol, Jammu and Kashmir",74.953339,32.762368
Gujarat,BHTL,BHATEL,WR,"Jamnagar, Gujarat",69.4936287,22.164096299999997
Punjab,TSS,TALLI SAIDASAHU,NR,"Talhi Saidasahu, Punjab",74.748404,31.03264
Madhya Pradesh,BDWS,BADARWAS,WCR,"Badarwas, Madhya Pradesh",77.56182792,24.983339819999998
Himachal Pradesh,BJPL,BAIJNATH PAPROLA,NR,"Paprola, Himachal Pradesh",76.632508,32.050368999999996
Andhra Pradesh,BLL,BANTANAHAL,SCR,"Rayalaseema Region, Andhra Pradesh",77.27572365,15.16290019
Madhya Pradesh,BMA,BAGMAR,CR,"East Nimar, Madhya Pradesh",76.3616019397,21.7371288607
Maharashtra,BLWD,BOLWAD,CR,"Bolwad, Maharashtra",74.719998,16.823851
Maharashtra,BMNI,BAMANI,CR,"State Highway 161, Maharashtra",75.23764299999999,17.512801
Uttar Pradesh,BNY,Barhni,NER,"Semari - Bisokhar Rd, Uttar Pradesh",82.7918337,27.4957951
Karnataka,BDVT,Bhadravati,SWR,"Bhadravati, Karnataka",75.702832,13.842428700000001
Bihar,BMKI,BAPUDHAM MOTIHARI,ECR,"Motihari, Bihar",84.90529000000001,26.655732999999998
Maharashtra,BIRD,BHIWANDI ROAD,CR,"Bhiwandi, Maharashtra",73.045654,19.268544000000002
Rajasthan,BI,BARI SADRI,NWR,"Bari Sadri, Rajasthan",74.468715,24.411465
Gujarat,BLD,BHILAD,WR,"Bhilad, Gujarat",72.887446,20.275323200000003
Uttar Pradesh,ALMW,ALMAW,NER,"Allahabad, Uttar Pradesh",82.489941,25.259915
Rajasthan,BGX,BAGRI SAJJANPUR,NWR,"Haripur, Rajasthan",73.821842,25.916759000000003
Gujarat,VTP,VASTRAPUR,WR,"Ahmedabad, Gujarat",72.517982,23.00802
Gujarat,BNTH,BANDHNATH,WR,"Shapur, Gujarat",70.356879,21.434145
Karnataka,BIJR,BIJOOR,KR,"Udupi, Karnataka",74.6420535,13.8221962
Rajasthan,BNS,BANAS,NWR,"Sirohi Road, Rajasthan",72.98872560000001,24.7131638
Gujarat,BILP,Bhilpur,WR,"Vadodara, Gujarat",73.323477,22.196154999999997
Rajasthan,BGPR,BHAGWANPURA,NWR,"Somesar, Rajasthan",73.36331200000001,25.419012000000002
Rajasthan,BGG,BANTA RAGHUNATHGARH,NWR,"Somesar, Rajasthan",73.52738176000001,25.60180707
Madhya Pradesh,BJPR,Bijaipur Road,NCR,"Bijaipur Road, Madhya Pradesh",77.305586,26.196877
Uttar Pradesh,BMY,Bamiana,NER,"To Vishartganj, Uttar Pradesh",79.3291058,28.26312382
Orissa,BNHR,Banbihari Gwalipur,ECoR,"State Highway 12, Orissa",86.20503345,20.33902661
Madhya Pradesh,BHAT,Bhatpura,NCR,"State Highway 2, Madhya Pradesh",77.674711,26.327284000000002
Rajasthan,BINR,Brij Nagar,NCR,"Bharatpur, Rajasthan",77.089708,27.439639
Assam,BKS,Balikotia,NFR,"Mathaouri Rd, Assam",92.57044308,26.46830942
Madhya Pradesh,BIR,Bir,WCR,"East Nimar, Madhya Pradesh",76.547232,22.05264
Uttar Pradesh,BHDR,Bhadri,NR,"National Highway 24B, Uttar Pradesh",81.56775470000001,25.6766583
Rajasthan,BEDM,Bedham,NCR,"State Highway 14, Rajasthan",77.209461,27.453929
Assam,BPB,BADARPUR JN,NFR,"03845-269546., Assam",92.5563227,24.865177499999998
Maharashtra,GTU,GHAT NANDUR,SCR,"Ghat Nadur, Maharashtra",76.563483,18.722977999999998
Karnataka,BNTL,Bantawala,SWR,"Bantwal, Karnataka",75.034456,12.878545
Karnataka,BRBL,Birahalli,SWR,"Birahalli, Karnataka",76.38519600000001,12.667132
Uttar Pradesh,BSCK,BASUCHAK,NER,"Basuchak-Rampur Mangha Rd, Uttar Pradesh",83.34822341,25.53140767
Tamil Nadu,AND,ANDAMPALIAM,SR,"Maniyam St, Tamil Nadu",79.16898527,12.088426380000001
Punjab,BRZ,BARETA,NR,"Bareta, Punjab",75.69240260000001,29.859333900000003
Madhya Pradesh,BRGW,BARGAWAN,WCR,"Bargawa, Madhya Pradesh",82.455989,24.197002
Uttar Pradesh,BSY,BARSATHI,NR,"State Highway 36, Uttar Pradesh",82.473946,25.564132999999998
Orissa,BUF,Bimlagarh Junction,SER,"Sundargarh, Orissa",85.017326,21.964332
Uttar Pradesh,BSKR,BASI KIRATPUR,NR,"Kiratpur, Uttar Pradesh",78.213283,29.497228000000003
Gujarat,CDS,CHANDISAR,WR,"Banaskantha, Gujarat",72.3128162,24.2064915
Punjab,BTI,BHATINDA JN,NR,"Bathinda, Punjab",74.932083,30.209488
Assam,BTZ,BALIMARA,NFR,"Naharkatiya to Nigam Rd, Assam",95.333576,27.236867999999998
Punjab,PTK,PATHANKOT,NR,"NH 20, Punjab",75.644427,32.271804
Maharashtra,BVNR,BHAVANI NAGAR,CR,"Tasgaon Rd, Maharashtra",74.312946,17.156895
Uttar Pradesh,BQP,Bighapur,NR,"State Highway 38, Uttar Pradesh",80.6934544,26.3551471
Kerala,AMLR,AMALA NAGAR,SR,"Thrissur, Kerala",76.171838,10.561834
Madhya Pradesh,BTC,Balaghat Junction,SECR,"Balaghat, Madhya Pradesh",80.19988529999999,21.8116285
Rajasthan,BOTI,Baori Thikria,NWR,"National Highway 11, Rajasthan",75.511335,27.41454869
Himachal Pradesh,BOF,Barog,NR,"Barog, Himachal Pradesh",77.0829696,30.890852900000002
Orissa,BSTP,Basantapur,ECoR,"National Highway 215, Orissa",85.67658999999999,21.548768
Andhra Pradesh,BTM,Battulapuram,SCR,"Battulapuram Station, Andhra Pradesh",78.30580244,13.74759508
Uttar Pradesh,BSWA,Baiswara,NR,"State Highway 38, Uttar Pradesh",80.83471200000001,26.284843000000002
West Bengal,BPC,Berhampore Court,ER,"Berhampore, West Bengal",88.263642,24.0890841
Tamil Nadu,AMM,Atirampattinam,SR,"Muthupet, Tamil Nadu",79.38580758869648,10.332285228976446
Rajasthan,CRWA,Chirawa,NWR,"SH 13, Rajasthan",75.65068451687694,28.223341365041605
Rajasthan,BWC,Banwali,NWR,"Sri Ganganagar, Rajasthan",74.029894,29.91997899999999
West Bengal,BT,Barasat,ER,"Kolkata, West Bengal",88.48348299999999,22.723879999999998
Bihar,BYP,Baijnathpur,ECR,"State Highway 59, Bihar",86.653766,25.901014
West Bengal,BPD,Bahadurpur,ER,"Bahadurpur, West Bengal",88.4633792,23.438519499999998
Odisha,BXF,Barsuan,SER,"Sundargarh, Odisha",85.119799,21.847398000000002
Bihar,AMO,Amolwa,ECR,"Pashchim Champaran, Bihar",84.478487,27.211161
Rajasthan,BXN,BAYANA JN,WCR,"Bayana, Rajasthan",77.29713100000001,26.916354000000002
,SKEN,Sukhshena,?,,87.111962,25.790577
Rajasthan,DNRP,DUNGARPUR,NWR,"State Highway 10, Rajasthan",73.69546199999999,23.867175000000003
Uttar Pradesh,CHBR,CHAURE BAZAR,NR,"State Highway 9, Uttar Pradesh",82.118735,26.469531
Uttar Pradesh,DDW,DUDWA,NER,"Dudwa, Uttar Pradesh",80.672161,28.50831
Gujarat,CKE,CHOKI SORATH,WR,"National Highway 8D, Gujarat",70.525813,21.659142000000003
Uttar Pradesh,CIH,Chilhia,NER,"State Highway 1A, Uttar Pradesh",82.990864,27.35207
West Bengal,DGLE,DHULIAN GANGA,ER,"National Highway 34, West Bengal",87.937644,24.672086
Tamil Nadu,CDM,CHIDAMBARAM,SR,"Chidambaram, Tamil Nadu",79.7033411,11.391471000000001
Rajasthan,COO,CHHOTI ODAI,WCR,"SH 25, Rajasthan",76.805294,26.558703
Bihar,CAMU,CHAMUA,ECR,"National Highway 28B, Bihar",84.40083419070001,27.137702177799998
Gujarat,DHLI,Dethli,WR,"State Highway 19, Gujarat",72.10305100000001,23.486172
West Bengal,DHAE,DAINHAT,ER,"Daihaat Rd, West Bengal",88.17026899999999,23.60191
Karnataka,DAD,DEVARGUDDA,SWR,"Hanumanamatti, Karnataka",75.57614099999999,14.66779
Maharashtra,DEW,Dewalgaon,SECR,"Warsa Rd, Maharashtra",80.0792665497,20.8911603401
Delhi NCT,BWSN,BIJWASAN,NR,"Bijwasan, Delhi NCT",77.051292,28.536700000000003
Karnataka,DBS,DOBBSPET,SWR,"Dobbasapete, Karnataka",77.2491554279,13.2331801567
Gujarat,DCK,DHANDHUKA,WR,"Dhandhuka, Gujarat",71.975613,22.384024
West Bengal,COB,Cooch Behar,NFR,"Cooch Behar, West Bengal",89.6653098,26.3029681
Kerala,CQA,Cherukara,SR,"Cherukara, Kerala",76.22811899999999,10.929228
Delhi NCT,DEE,DELHI SARAI ROHILLA,NR,"New Rohtak road, Delhi NCT",77.187106,28.662992
Delhi NCT,DBSI,DAYA BASTI,NR,"Zakhira, Delhi NCT",77.17138999999999,28.667329000000002
Punjab,CWN,Charawan,NR,"State Highway 16, Punjab",74.578082,30.501186999999998
Rajasthan,DOB,Dundlodh Mukundgarh,NWR,"Mukandgarh, Rajasthan",75.23735384456813,27.93879936977548
Haryana,BWK,Bawani Khera,NWR,"Bawani Khera, Haryana",76.032707,28.939509
West Bengal,BARU,Baharu,ER,"Baharu, West Bengal",88.44446,22.205278
Uttar Pradesh,DOX,DOHNA,NER,"State Highway 37, Uttar Pradesh",79.432729,28.434064000000003
Andhra Pradesh,DKJ,DORNAKAL JN,SCR,"Garla, Andhra Pradesh",80.153157,17.445987000000002
Rajasthan,GGC,GANGAPUR CITY,WCR,"Gangapur, Rajasthan",76.72770799999999,26.468979
Uttar Pradesh,DMPR,DHARAMPUR,NR,"National Highway 93, Uttar Pradesh",78.265728,28.150306
Gujarat,DJI,DHORAJI,WR,"Dhoraji, Gujarat",70.44478000000001,21.72217
Madhya Pradesh,DLD,DALAUDA,WR,"Dalauda, Madhya Pradesh",75.105361,23.948636999999998
Uttar Pradesh,TKRU,TAKHRAU,NCR,"Takhrau, Uttar Pradesh",79.212452,27.274196
Maharashtra,DSK,DUSKHEDA,CR,"Jalgaon, Maharashtra",75.839083,21.073708
Haryana,DING,Ding,NWR,"Sirsa, Haryana",75.2606046,29.461053699999997
West Bengal,DHPD,DHAPARA DHAM,ER,"National Highway 34, West Bengal",88.246087,24.195866000000002
Maharashtra,DNE,DHAMNI,SCR,"Hingoli, Maharashtra",77.177888,19.647058
Uttar Pradesh,DHRJ,DHIRGANJ,NR,"State Highway 9, Uttar Pradesh",81.924339,25.745642
Karnataka,GDG,GADAG JN,SWR,"Gadag, Karnataka",75.642481,15.437048
Maharashtra,DNJ,DAUNDAJ,CR,"Indraprastha Rd, Maharashtra",74.176780918,18.2300065666
Karnataka,DVG,DAVANGERE,SWR,"Davanagere, Karnataka",75.92229,14.467834
Madhya Pradesh,DRGM,DEORAGRAM,WCR,"Gajarbahara, Madhya Pradesh",82.35246400000001,24.096925000000002
Madhya Pradesh,DMYA,DAMOY,WCR,"State Highway 11, Madhya Pradesh",80.99678700000001,23.971207999999997
Karnataka,DRU,KADUR,SWR,"Kadur, Karnataka",76.008846,13.552501000000001
Haryana,DTN,DHAMTAN SAHIB,NR,"Jind District, Haryana",76.004006,29.688827
Punjab,FDK,FARIDKOT,NR,"Faridkot, Punjab",74.76137999999999,30.682857
Haryana,DULP,Daulatpur Haryana,NR,"National Highway 65, Haryana",75.88859,29.452122999999997
Uttar Pradesh,DPSR,Dapsaura,NCR,"National Highway 86, Uttar Pradesh",80.202954,25.983503
Orissa,DMF,Dumerta,SER,"Rourkela, Orissa",84.914683,22.185683
Tamil Nadu,DPJ,Dharmapuri,SWR,"Dharmapuri, Tamil Nadu",78.154742,12.126595
Gujarat,DVA,Delvada,WR,"Delvada, Gujarat",71.041529,20.773429
Maharashtra,DKU,Dumri Khurd,SECR,"Dumri Khurd, Maharashtra",79.312269,21.310416
Haryana,DNX,Dhansu,NR,"National Highway 65, Haryana",75.801658,29.211731
Gujarat,DIBL,Dholi Bhal,WR,"Rayaka, Gujarat",72.0826,22.44572
West Bengal,DSPN,Deshpran Ph,?,"Bajkul, West Bengal",87.817047,22.029346999999998
Gujarat,DTJ,Detroj,WR,"State Highway 133, Gujarat",72.1765459082,23.332027810299998
Punjab,GRN,GURNAY,NR,"MDR 102, Punjab",75.80467660219999,29.874366636999998
Punjab,GILL,GILL,NR,"Ludhiana, Punjab",75.848169,30.840521000000003
Chhattisgarh,DTL,DARRITOLA,SECR,"National Highway 78, Chhattisgarh",82.395751,23.289638
West Bengal,DWT,Dewan Hat,NFR,"Dewan, West Bengal",89.6653098,26.3029681
Bihar,FNO,FUNGO HALT,ECR,"Fungo, Bihar",86.6044763025,25.6187302859
Uttar Pradesh,FRD,FARHEDI,NR,"Moradabad- Chandausi Rd, Uttar Pradesh",78.7937161591,28.711716968
Assam,GKJ,GOLAKGANJ,NFR,"Golokganj, Assam",89.83064999999999,26.108359
Uttar Pradesh,FTC,Fatehpur Chursi,NR,"State Highway 38, Uttar Pradesh",80.26179,26.843511
Uttar Pradesh,GNGL,Gangauli,NER,"Jaunpur, Uttar Pradesh",82.86309299999999,25.668107000000003
Karnataka,GKK,GOKAK ROAD,SWR,"Belagavi, Karnataka",74.738839,16.205164
Uttar Pradesh,GRRG,GURLI RAMGARHWA,NER,"Ghughli Bazar, Uttar Pradesh",83.771432,27.185738999999998
Andhra Pradesh,FKB,FAKHRABAD,SCR,"Basara, Andhra Pradesh",77.974481,18.824644
Maharashtra,GPR,GHORPURI,CR,"Pune, Maharashtra",73.893448392,18.5278209233
Karnataka,GHL,GOLHALLI,SWR,"State Highway 74, Karnataka",77.413983,13.148289
Rajasthan,FSW,Fateh Singhwala,NWR,"Sri Ganganagar, Rajasthan",74.029894,29.91997899999999
Uttar Pradesh,DYK,DUDHIA KHURD,NER,"State Highway 21, Uttar Pradesh",80.19780499999999,28.46474
Rajasthan,GND,Govindgarh Malikpur,NWR,"Govindgarh, Rajasthan",75.64500100000001,27.240582
Maharashtra,GNO,GOREGAON ROAD,KR,"Raigad, Maharashtra",73.30253,18.162498
Maharashtra,DWV,DIWANKHAVATI,KR,"Maharashtra, Maharashtra",73.418174,17.855413000000002
West Bengal,GMDN,GIRIMAIDAN,SER,"Kharagpur, West Bengal",87.306151,22.340478
Punjab,GSB,GARNA SAHIB,NR,"National Highway 1A, Punjab",75.65349208250001,31.7805618081
West Bengal,GKL,GOKULPUR,SER,"Midnapore, West Bengal",87.293716,22.375923
West Bengal,GLMA,GULMA,NFR,"National Highway 31, West Bengal",88.403784,26.802802
Gujarat,EN,ISAND,WR,"Khodiyar, Gujarat",72.484975,23.294039
Uttar Pradesh,DXN,DUDDHINAGAR,ECR,"Sonebhadra, Uttar Pradesh",83.21679153630001,24.2090318514
Madhya Pradesh,GAJB,GAJARA BAHARA,WCR,"Gajarbahara, Madhya Pradesh",82.31176099999999,24.05344
Himachal Pradesh,GMM,Gumman,NR,"Parwanoo, Himachal Pradesh",76.97194,30.842438
Maharashtra,GBRI,Gobarwahi,SECR,"State Highway 251, Maharashtra",79.723237,21.514747
Chhattisgarh,DRZ,Dalli Rajhara,SECR,"Dalli Rajhara, Chhattisgarh",81.067973,20.586729
Gujarat,GRHM,Gir Hadmatiya,WR,"Jambur, Gujarat",70.687208,20.988488
Orissa,GRKN,Gorakhnath,ECoR,"Jagatsinghpur, Orissa",86.260098,20.308158000000002
West Bengal,BGL,Bagula,ER,"Bagula, West Bengal",88.64640372000001,23.335464709999997
Punjab,GHS,Guru Harsahai,NR,"Panjeke, Punjab",74.399987,30.715001
Bihar,GEB,Garh Baruari,ECR,"Garh Baruari, Bihar",86.605596,26.019349
Chhattisgarh,GAD,Gevra Road,SECR,"Korba, Chhattisgarh",82.64566,22.348523999999998
Uttar Pradesh,GHRI,Ghori Halt,NR,"sharda nehar, Uttar Pradesh",80.503293,27.373959
Uttar Pradesh,GJMB,Ganjmuradabad,NR,"Sharda Nehar, Uttar Pradesh",80.177008,26.987889000000003
Uttar Pradesh,GAJU,Gaju Halt,NR,"State Highway 25, Uttar Pradesh",80.37297299999999,27.204231
Andhra Pradesh,GNN,GANGINENI,SCR,"Yerrupalem, Andhra Pradesh",80.498954,16.781754
Uttarakhand,HRW,HARRAWALA,NR,"Dehradun, Uttarakhand",78.097705,30.260892
Himachal Pradesh,NGRS,NAGROTA SURIYAM,NR,"State Highway 22, Himachal Pradesh",76.09101,32.051899
Karnataka,HLN,Hole Narsipur,SWR,"Hassan District, Karnataka",76.24646,12.786494999999999
Maharashtra,HGL,HARANGUL,CR,"State Highway 77, Maharashtra",76.48091199999999,18.385198
Karnataka,HBL,HOMBAL,SWR,"Belavaniki, Karnataka",75.576122,15.520135999999999
Madhya Pradesh,HD,HARDA,WCR,"Harda, Madhya Pradesh",77.10084,22.338414
Assam,HTL,HATIKHALI,NFR,"North Cachar Hills, Assam",93.09084800000001,25.611069999999998
Madhya Pradesh,JAO,JAORA,WR,"Jaora, Madhya Pradesh",75.11563199999999,23.627772999999998
Rajasthan,HMK,HINDUMALKOTE,NR,"National Highway 15, Rajasthan",73.925834,30.147102999999998
Punjab,GUNS,GHUNAS,NR,"Ghunas Railway Station, Punjab",75.420592,30.320113000000003
Uttar Pradesh,HA,HARGAON,NER,"Hargaon, Uttar Pradesh",80.728229,27.769192
Rajasthan,HMG,HAMIRGARH,NWR,"Hamirgarh, Rajasthan",74.616939,25.187264
Karnataka,HGI,HAGARI,SCR,"National Highway 63, Karnataka",77.0517473206,15.1512387259
Gujarat,HPRD,HAPA ROAD,WR,"National Highway 8, Gujarat",72.938107,23.540458
Kerala,PTB,PATTAMBI,SR,"Pattambi, Kerala",76.1813366473,10.8019329802
Haryana,PBJM,Pabnawa Jasmahinder Halt,NR,"Haryana, Haryana",76.6527179736,29.895695706599998
Karnataka,HDD,HADDINAGUNDU,SCR,"National Highway 63, Karnataka",76.979148,15.153264
Rajasthan,JMS,JAMSAR,?,"Bikaner, Rajasthan",73.398985,28.24751
Assam,GLPT,GOALPARA TOWN,NFR,"Goalpara Town Rail Station, Assam",90.62065899999999,26.126534999999997
Karnataka,HBS,HEBSUR,SWR,"Hebsur, Karnataka",75.283878,15.42206
Andhra Pradesh,GUK,GUNTAKONDURU,SCR,"P.P.Road, Andhra Pradesh",81.077533,16.45715
Rajasthan,JAL,JAWALI,NWR,"Rania, Rajasthan",73.39687099999999,25.462722
Uttar Pradesh,HZN,Hazrat Nagar Halt,NR,"Hazrat Nagar, Uttar Pradesh",78.665909,28.633331000000002
Jharkhand,HLD,Haludpukur,SER,"State Highway 50, Jharkhand",86.2607646,22.7428208
Uttar Pradesh,GSGJ,Ghausganj,NR,"Ghausganj, Uttar Pradesh",80.2918266571,27.135126874500003
Madhya Pradesh,JMV,Jambara,CR,"Amla, Madhya Pradesh",78.251975,21.943048
Karnataka,HAS,Hassan Junction,SWR,"Hassan, Karnataka",76.117359,13.003182
West Bengal,HHR,Hridaypur,ER,"Madhyamgram, West Bengal",88.470282,22.711098
Maharashtra,HER,Her,SCR,"Latur, Maharashtra",76.97130647339999,18.4269033932
Karnataka,JRKT,JADARAMA KUNTE,SWR,"National Highway 13, Karnataka",75.83866138549999,16.2842670722
Punjab,JGW,JOGIWALA,NR,"State Highway 19, Punjab",75.067432,31.093842
Uttarakhand,IKK,IKKAR,NR,"Haridwar, Uttarakhand",78.099997,29.891989
Rajasthan,JCH,JETHA CHANDAN,NWR,"Chandan, Rajasthan",71.308307,26.999949
Uttarakhand,QSR,KANSRAO,NR,"Dehradun, Uttarakhand",78.1417954028,30.0785698608
Haryana,JSKA,JATAULA SAMPHKA,NR,"Hailley Mandi, Haryana",76.799492,28.372602
Rajasthan,JWS,JHARWASAA,NWR,"Jharwasa, Rajasthan",74.7074,26.210097
Himachal Pradesh,JMKR,JAWLMUKHI ROAD,NR,"Jwalamukhi, Himachal Pradesh",76.226427,32.015744000000005
Himachal Pradesh,KAWL,KANDWAL HALT,NR,"Pathankot, Himachal Pradesh",75.76982299999999,32.282959
Maharashtra,KAYR,KAYAR,?,"State Highway 233, Maharashtra",78.907292,19.90643
Madhya Pradesh,JTW,JAITWAR,WCR,"Jaitwar, Madhya Pradesh",80.863876,24.740226
Maharashtra,JUK,JAULKA,SCR,"Washim, Maharashtra",77.0759090985,20.2854429153
Madhya Pradesh,JKE,JUKEHI,WCR,"Jukehi, Madhya Pradesh",80.432389,23.986873000000003
Himachal Pradesh,KANO,Kanoh,NR,"Sadhupul, Himachal Pradesh",77.11800600000001,30.992082999999997
Haryana,JIND,JIND JN,NR,"Jind, Haryana",76.28961699999999,29.328875999999998
Gujarat,JDH,JAM JODHPUR JN,WR,"Jamjodhpur, Gujarat",70.03138700000001,21.906659
Assam,JKB,Jakhalabandha,NFR,"Jakhalabandha, Assam",92.991109,26.563801
West Bengal,JVT,JIVANTI HALT,ER,"State Highway 11, West Bengal",88.192446,24.080516999999997
Assam,JMK,JAMUNAMUKH,NFR,"National Highway 36, Assam",92.741306,26.108194
Rajasthan,KDL,Kankroli,NWR,"Rajsamand, Rajasthan",73.909586,25.049118999999997
Uttar Pradesh,JRQ,JHAROKHAS,ECR,"National Highway 75, Uttar Pradesh",83.164150647,24.1796156953
Uttar Pradesh,JEA,Nakaha Jungle,NER,"Gorakhpur, Uttar Pradesh",83.360755,26.803135
Madhya Pradesh,JOBA,JOBA,WCR,"Madhya Pradesh, Madhya Pradesh",81.762682,24.096599
Bihar,JMN,JAMUAWAN,?,"Jamuawan, Bihar",85.292477,24.81523
Orissa,JRLI,Jaroli,?,"Juruli, Orissa",85.419294,21.952769
Haryana,JSS,JASIA,?,"National Highway 71A, Haryana",76.649455,29.005748999999998
Maharashtra,KASU,KASU,CR,"Maharashtra, Maharashtra",73.079446,18.64059
Tamil Nadu,KAL,Kallai,SR,"Kallal, Tamil Nadu",78.670312,9.977293
Karnataka,KAWR,KARWAR,KR,"Karwar, Karnataka",74.183139,14.821387
Bihar,IPR,Islampur,ECR,"Islampur, Bihar",85.2173007153,25.138577101499997
Chhattisgarh,JDB,JAGDALPUR,ECoR,"Jagdalpur, Chhattisgarh",82.013757,19.066004
Karnataka,CGKP,CHANDAGIRIKOPAL,SWR,"State Highway 7, Karnataka",76.716049,12.478701999999998
Rajasthan,JWB,JAWAI BANDH,NWR,"Pali, Rajasthan",73.14732500000001,25.114043000000002
Punjab,JJJ,Jaijon Doaba,NR,"Jaijon Doaba, Punjab",76.134971,31.349656
West Bengal,JJG,JiaGanj,ER,"Police Station Rd, West Bengal",88.27698,24.244268
,NGRI,New Garia,,,88.397713,22.4727
Tamil Nadu,HSRA,Hosur,SWR,"Hosur, Tamil Nadu",77.822839,12.717606
Rajasthan,KBK,Khamil Ghat,NWR,"State Highway 61, Rajasthan",73.864884,25.626813000000002
Gujarat,JCN,Junichavand,WR,"Junichavand, Gujarat",70.683667,21.385151
Gujarat,KANS,Kansiya Nes,WR,"State Highway 111, Gujarat",70.64004200000001,21.244101999999998
Andhra Pradesh,KDM,KESAMUDRAM,SCR,"Kesamudram, Andhra Pradesh",79.89647099999999,17.686252
Maharashtra,CNHL,CHINK HILL,CR,"State Highway 77, Maharashtra",75.45468500000001,18.099269000000003
Uttar Pradesh,KD,KUNDARKHI,NR,"Kundarki, Uttar Pradesh",78.7880650638,28.680444428799998
Andhra Pradesh,COA,Kakinada Port,SCR,"Kakinada, Andhra Pradesh",82.240057,16.955204000000002
West Bengal,JRLE,JANGIPUR ROAD,ER,"Raghunathganj, West Bengal",88.04076,24.459515
Uttar Pradesh,CKTD,CHITRAKUTDHAM KARWI,NCR,"Chitrakoot Karvi, Uttar Pradesh",80.922775,25.217610999999998
Andhra Pradesh,KCM,Kalasumudram,SCR,"Chennai - Anantpur Rd, Andhra Pradesh",78.099683,14.21716
Madhya Pradesh,KDK,KOHDAD,CR,"State Highway 15, Madhya Pradesh",76.36547849,21.7026228941
Karnataka,CHU,Champion,SWR,"KGF, Karnataka",78.262564,12.936251
Gujarat,CJR,CHAMARAJ,WR,"State Highway 17, Gujarat",71.555883,22.735539
Punjab,CJL,CHAJLI,NR,"Jakhal Rd, Punjab",75.81228634829999,30.042985535099998
Maharashtra,KEK,KARKHELI,SCR,"Biloli, Maharashtra",77.73819999999999,18.944571
,CNPR,CHAINPUR,ECR,,85.582933,23.729821
Gujarat,KDI,KUNDLI,WR,"State Highway 38, Gujarat",71.68394941769999,22.2788440574
Punjab,CIA,CHHEHARTA,NR,"Amritsar, Punjab",74.794278,31.621878000000002
Goa,CNO,CANCONA,KR,"Ph:-0832-2643331., Goa",74.039454,15.006905999999999
Assam,CJA,CHONGAJAN,NFR,"local Rd, Assam",93.818104,26.062329
Karnataka,CLR,CASTLE ROCK,SWR,"National Highway 4A, Karnataka",74.334484,15.397879
Karnataka,KDO,KADAKOLA,SWR,"Mysore District, Karnataka",76.663729,12.190406999999999
Assam,JPZ,JOGIGHOPA,NFR,"National Highway 31B, Assam",90.576384,26.241537
West Bengal,KGN,Kurseong,NFR,"Kurseong, West Bengal",88.277001,26.877401000000003
,CKMI,Chhotaki Masaudhi Halt,?,,85.0317514441,25.330397498299998
Rajasthan,KAWT,Kanwat,NWR,"Kanwat, Rajasthan",75.67626636840001,27.5895214437
Madhya Pradesh,CNN,Chintaman Ganes,WR,"Ujjain, Madhya Pradesh",75.741029,23.145849
Assam,CMA,Cinnamara,NFR,"Cinnamora, Assam",94.169432,26.715526999999998
Andhra Pradesh,CMW,Chima Pahad,SCR,"Khammam, Andhra Pradesh",80.463656,17.516012
Uttar Pradesh,CHTT,Chitta Halt,NCR,"Chitta Halt, Uttar Pradesh",77.53707700000001,17.823439
Haryana,CKD,Charkhi Dadri,NWR,"Dist. Bhiwani, Haryana",76.279921,28.600799
Uttar Pradesh,CKSR,Chak Safaura Halt,NER,"Mighauna, Uttar Pradesh",79.842478,28.211203
Uttar Pradesh,CHWT,Chhaprawat,NR,"SH 18, Uttar Pradesh",77.79989095580001,28.541970328
Karnataka,KDBA,Kodimbala Halt,SWR,"Panja Kadaba Rd, Karnataka",75.476631,12.718252
Uttar Pradesh,KEMR,KEMRI,NER,"MDR 33W, Uttar Pradesh",79.19779600000001,28.809864
Rajasthan,KHTX,KHED TEMPLE HALT,NWR,"Tilwara, Rajasthan",72.109226,25.886233999999998
Uttar Pradesh,CPU,CHOPAN,ECR,"Chopan, Uttar Pradesh",83.025843,24.51403
Gujarat,DAC,DAHINSARA JN,WR,"SH 24, Gujarat",70.618291,22.955606999999997
Maharashtra,PTZ,Patsul,SCR,"MSH24, Maharashtra",77.038231,21.0022
Uttar Pradesh,KJA,KHAJURHAT,NR,"Bikapur, Uttar Pradesh",82.126813,26.525308
Uttar Pradesh,DBD,DEOBAND,NR,"Deoband, Uttar Pradesh",77.67087339999999,29.680031500000002
Rajasthan,CRG,CHURAMAN NAGRI,WCR,"SH 33, Rajasthan",77.61766999999999,27.40119
Rajasthan,COR,CHITTAURGARH,WR,"Chittorgarh, Rajasthan",74.623687,24.874340999999998
Andhra Pradesh,CVB,CAVALRY BARRCKS,SCR,"Secunderabad, Andhra Pradesh",78.518694,17.494734
Uttar Pradesh,CUK,CHURK,NCR,"State Highway 14, Uttar Pradesh",83.1032006,24.6496787
Rajasthan,KIN,Kapasan,NWR,"Kapasan, Rajasthan",74.312762,24.86221
Uttar Pradesh,KHRY,KHAIRAHI,NCR,"State Highway 5, Uttar Pradesh",82.9857744763,24.8020366077
Maharashtra,DAB,DHARMABAD,SCR,"Degaon, Maharashtra",77.8493415012,18.888260310099998
Maharashtra,CRD,MUMBAI CURREY ROAD,CR,"Mumbai, Maharashtra",72.83265999999999,18.9937
Bihar,CTHT,CHATAR HALT,ECR,"Chatar, Bihar",85.495374,24.842143999999998
Kerala,KLAD,KALANAD HALT,SR,"Kasaragod, Kerala",74.998515,12.467679
Gujarat,DAS,DHASA JN,WR,"Dhasa, Gujarat",71.51800800000001,21.782545
Gujarat,KHD,KHODIYAR,WR,"Sarkhej Gandhinagar Hwy, Gujarat",72.548244,23.156554
Gujarat,CTRL,CHHATRAL,WR,"State Highway 133, Gujarat",72.46851799999999,23.26246
Rajasthan,CTKT,Choti Khatu,NWR,"Degana, Rajasthan",74.35722999999999,27.155534
Madhya Pradesh,KKD,Kalkund,WR,"Mhow, Madhya Pradesh",75.85927000000001,22.47801
Madhya Pradesh,CRE,Charghat Piparia,SECR,"Guwarighat, Madhya Pradesh",79.929889,23.044097
West Bengal,D,Deula,ER,"National Highway 117, West Bengal",88.28148300000001,22.214924
Gujarat,KJV,Khijadiya Junction,WR,"Amreli, Gujarat",71.275556,21.740875
Gujarat,DARI,Dhari Junction,WR,"Dhari, Gujarat",71.027594,21.326767
West Bengal,DEA,Diara,ER,"State Highway 2, West Bengal",88.280471,22.798157
Madhya Pradesh,CRN,Charegaon,SECR,"State Highway 11, Madhya Pradesh",80.1401154919,22.042038383999998
Gujarat,CTL,Chital,WR,"SH 34, Gujarat",71.218128,21.745689
,DPUR,Dadpur,,,83.250076,19.972516
Jharkhand,KHRI,Kharkhari,SER,"National Highway 32, Jharkhand",86.234894,23.760124
Maharashtra,KFH,Katphal,CR,"Baramati, Maharashtra",74.59603216999999,18.23255147
Tamil Nadu,KJPD,Kurinjipadi,SR,"Kurinjippadi, Tamil Nadu",79.595999,11.572583
Rajasthan,KLH,Khemli,NWR,"Khemli, Rajasthan",73.84238599999999,24.690834
Haryana,KLNK,Kalanaur Kalan,NWR,"Kalanaur, Haryana",76.389612,28.8349236
Punjab,DDK,Dhindsa,NR,"Dhindsa, Punjab",74.738503,30.895838
Andhra Pradesh,KMT,KHAMMAM,SCR,"Khammam, Andhra Pradesh",80.138491,17.249347
Madhya Pradesh,KTHA,KHUTAHA,WCR,"MDR 11, Madhya Pradesh",80.86085,24.802248
Gujarat,DGJ,DUNGAR JN,WR,"Dungar, Gujarat",71.55322600000001,21.078274
Madhya Pradesh,KMA,KAIMA,WCR,"Satna, Madhya Pradesh",80.845912,24.611085
Maharashtra,KNRG,KANHARGAON NAKA,SCR,"Washim, Maharashtra",77.1462260938,19.9439708108
Tamil Nadu,KMLM,Kelamangalam,SWR,"Krishnagiri, Tamil Nadu",77.865703,12.616200000000001
West Bengal,KTLR,KANTHALIYA ROAD,ER,"Khagraghat - Chowrigacha, West Bengal",88.179001,23.991771
Maharashtra,KRPR,KAREPUR,SCR,"State Highway 168, Maharashtra",76.681135,18.589152000000002
Madhya Pradesh,KNW,KHANDWA,CR,"Khandwa, Madhya Pradesh",76.353227,21.823596
Punjab,KNG,Kathunangal,NR,"National Highway 15, Punjab",75.015194,31.7287
West Bengal,DH,Diamond Harbour,ER,"Diamond Harbour, West Bengal",88.18991600000001,22.191902
Haryana,DHY,DHARODI,NR,"MDR 111, Haryana",76.0559746887,29.6399235976
Rajasthan,KNAR,KHANPUR AHIR,NWR,"MDR 61, Rajasthan",76.589847,27.911754000000002
Maharashtra,KOP,C SHAHU M RAJ KOLHAPUR TERM,CR,"Kolhapur, Maharashtra",74.237695,16.70257
Rajasthan,KOLI,KESHOLI,WCR,"Baren, Rajasthan",76.790369,24.727194
Maharashtra,DGPP,DHENGLI PP GOAN,SCR,"Satuna, Maharashtra",76.49169,19.406622
Chhattisgarh,KTHD,Kothari Road,SECR,"Kothari, Chhattisgarh",82.70858000000001,22.156964000000002
Gujarat,KMBL,KHAMBHALIYA,WR,"Khambhalia, Gujarat",69.657344,22.217513
Chhattisgarh,KRDL,Kirandul,ECoR,"Kirandul, Chhattisgarh",81.25813099999999,18.757486
Gujarat,KNLS,KANALAS JN,WR,"Jamnagar, Gujarat",69.896549,22.319955
Kerala,KODN,KODUMUNDA,SR,"Thrithala, Kerala",76.1428790756,10.816930512899999
Haryana,KSDE,KARSINDHU,NR,"Panipat, Haryana",76.731866,29.392008
Bihar,KSC,KASHI CHAK,ECR,"Nalanda, Bihar",85.718754,25.070798999999997
,DGNH,DERGAON HALT,?,,85.75131900000001,25.088974
Uttar Pradesh,KRYA,KURRAIYA,NER,"Chauhan Rd, Uttar Pradesh",80.24421199999999,28.416819
Gujarat,KRJD,KARJODA,NWR,"Chhapi, Gujarat",72.45567100000001,24.218469000000002
Uttar Pradesh,KPKI,QASIMPUR KHERI,NR,"State Highway 57, Uttar Pradesh",77.28593,29.182769999999998
Chhattisgarh,KMSD,Kumar Sadra,ECoR,"National Highway 16, Chhattisgarh",81.671506,18.912986
Uttar Pradesh,KPE,Kauwapur,NER,"MDR 10E, Uttar Pradesh",82.2979015082,27.5158216097
Gujarat,KSUA,Kashipura,WR,"State Highway 59, Gujarat",73.170262,23.120701
Andhra Pradesh,KRA,Karepalli,SCR,"Karepally, Andhra Pradesh",80.27186499999999,17.511408000000003
Gujarat,KTRD,Katosan Road,WR,"State Highway 216, Gujarat",72.246237,23.409181
West Bengal,DHK,Dhakuria,ER,"Kolkata, West Bengal",88.371504,22.51554
Haryana,KNL,Kalanwali,NWR,"Kalanwali, Haryana",74.97985,29.835057
Haryana,LHU,Loharu,NWR,"Bhiwani Distt., Haryana",75.801613,28.427051
Rajasthan,DNHK,DHINDHORA HKMKD,WCR,"Dhindhora, Rajasthan",77.103482,26.803925
Karnataka,LKY,LAKHMAPUR,SWR,"Muttalageri, Karnataka",75.627712,15.870282
Uttar Pradesh,LPW,Loharpurwa,NER,"Loharpurwa, Uttar Pradesh",83.268484,27.082641
Himachal Pradesh,LNS,LUNSU HALT,NR,"Lunsu, Himachal Pradesh",76.1797,32.018944
Uttar Pradesh,LER,Lehra,NER,"Lehra Railway Station Rd, Uttar Pradesh",83.23414199999999,27.161243
Rajasthan,MKRA,MAKRERA,NWR,"Kharwa, Rajasthan",74.5333715979,26.310925310800002
Maharashtra,LHN,LACHYAN,SWR,"Solapur, Maharashtra",75.9717014606,17.2795737583
Maharashtra,LAUL,LAUL,CR,"State Highway 161, Maharashtra",75.3950100488,18.0338728828
Bihar,KVC,KAPARPURA,ECR,"National Highway 28, Bihar",85.309233,26.179892000000002
Delhi NCT,LDCY,LODI COLONY,NR,"Najafkhan Rd, Delhi NCT",77.216548,28.579455000000003
Rajasthan,MDPA,MANDPIYA,NWR,"National Highway 79, Rajasthan",74.63571300000001,25.261369
Madhya Pradesh,KTE,KATNI,WCR,"Katni, Madhya Pradesh",80.400543,23.833385
Madhya Pradesh,KY,KARELI,WCR,"Kareli, Madhya Pradesh",79.066765,22.932344
Andhra Pradesh,LMD,LINGANENIDODDI,SCR,"Rayalaseema Region, Andhra Pradesh",77.703397,15.399929
Maharashtra,KXX,KATA ROAD,SCR,"Washim, Maharashtra",77.11088000000001,20.187338999999998
Madhya Pradesh,KURJ,KHAJURAHO,NCR,"National Highway 75, Madhya Pradesh",79.8900217,24.7969839
Karnataka,LKT,HULKOTI,SWR,"National Highway 63, Karnataka",75.531958,15.434667000000001
Jharkhand,LAD,Lohardaga,SER,"National Highway 75, Jharkhand",84.70733,23.445967
Karnataka,KVS,KALSUR,SWR,"haveri, Karnataka",75.40095653559999,14.888042065499999
West Bengal,KZPR,KAZIPARA,ER,"Khagraghat - Chowrigacha, West Bengal",88.188491,23.909854000000003
Assam,LMG,LUMDING JN,NFR,"Lumding. Ph:-03674-263366, Assam",93.17660000000001,25.750035999999998
Rajasthan,LR,LADPURA,NWR,"Ajmer, Rajasthan",74.728726,26.504385
Punjab,KZX,KHUDDA KORALA,NR,"Khuda, Punjab",75.647484,31.729693
Rajasthan,MHJ,MAHAJAN,NWR,"Mahajan, Rajasthan",73.85366599999999,28.793007
Rajasthan,LKS,LUNKARANSAR,NWR,"Lukhransar, Rajasthan",73.743155,28.493395
,MJBT,MAJBAT,,,92.287814,26.784587
Rajasthan,LUNI,LUNI JN,NWR,"Luni, Rajasthan",73.003175,26.001255999999998
Uttar Pradesh,KTRR,Kathara Road,NCR,"Kanpur Nagar, Uttar Pradesh",80.228735,26.310011
Uttar Pradesh,KWW,Kuswa,NCR,"MDR 106W, Uttar Pradesh",78.40369700000001,27.473814
Maharashtra,KUDL,KUDAL,KR,"Kudal, Maharashtra",73.67813000000001,16.017651
Kerala,KUL,KALLAYI,SR,"Calicut, Kerala",75.788884,11.234606999999999
Andhra Pradesh,KVM,Kavutaram,SCR,"Krishna, Andhra Pradesh",81.069608,16.328919999999997
Karnataka,MAD,MADDUR,SWR,"Mandya District, Karnataka",77.049522,12.604742
Punjab,KUPR,Khurdpur,NR,"Adampur, Punjab",75.72317,31.424854
,BDYR,Bidyadabri,,,89.767506,26.271855000000002
Uttar Pradesh,MAH,Madhoganj,NR,"Hardoi, Uttar Pradesh",80.135457,27.117963000000003
Tamil Nadu,LOV,Lovedale,SR,"Ooty, Tamil Nadu",76.704285,11.382403
Bihar,LKQ,Laukaha Bazar,ECR,"Madhubani, Bihar",86.463013,26.543198
Tamil Nadu,KVLR,Karuvalli,SWR,"Salem district, Tamil Nadu",78.027912,11.831114000000001
Rajasthan,LSG,Lawa Sardargarh,NWR,"State Highway 56, Rajasthan",73.948453,25.272755999999998
Bihar,MJL,MAJHOWLIA,ECR,"Vikash Village, Bihar",84.619139,26.802772
,JML,Jumnal,,,75.7141335645,16.723002286099998
Rajasthan,MNKB,MIYONKA BARA,NWR,"Samdhari, Rajasthan",72.728511,25.872726999999998
Assam,MBG,MAIBANG,NFR,"North Cachar Hills, Assam",93.13537099999999,25.30497
Andhra Pradesh,MKR,MADDIKERA,SCR,"Guntakal, Andhra Pradesh",77.411496,15.256635000000001
Tamil Nadu,MC,MANDAPAM CAMP,SR,"Mandapam, Tamil Nadu",79.134997,9.281533
Maharashtra,LUR,LATUR,CR,"Latur, Maharashtra",76.55604899999999,18.429166
Uttar Pradesh,MJPB,Manjhra Purab,NER,"Manjhra Purab, Uttar Pradesh",81.160402,28.300646
Maharashtra,LTRR,LATUR ROAD,SCR,"SH 3, Maharashtra",76.845289,18.506494
Rajasthan,MKHR,MARWAR KHARA,NWR,"Jodhpur, Rajasthan",72.1300715057,27.060569440800002
Andhra Pradesh,MABD,MAHBUBABAD,SCR,"Mahbubabad, Andhra Pradesh",79.999792,17.597561
Madhya Pradesh,MGG,MANGLIYA GAON,WR,"Mangilya, Madhya Pradesh",75.91805099999999,22.815074
Karnataka,MGL,MANGELA,?,"Mugalolli, Karnataka",75.74938300000001,16.223191
Madhya Pradesh,MDS,MANDASOR,WR,"Mandsaur, Madhya Pradesh",75.07634300000001,24.075937000000003
Rajasthan,MAKH,MOKHAMPURA,NWR,"National Highway 79, Rajasthan",74.68323000000001,26.030315
Uttar Pradesh,MAY,MARIAHU,NR,"Mariahu, Uttar Pradesh",82.598166,25.597006
Haryana,MLDE,MADLAUDA,NR,"Panipat, Haryana",76.809711,29.399824
Andhra Pradesh,MED,MEDCHAL,SCR,"Rangareddy, Andhra Pradesh",78.474557,17.639335
Andhra Pradesh,ME,MASAIPET,SCR,"Medak, Andhra Pradesh",78.4669570667,17.8805365542
Maharashtra,MDVR,MADHAVNAGAR,CR,"Sangli, Maharashtra",74.575493,16.886605
Uttar Pradesh,KDRD,KHULDIL ROAD,ECR,"Obra, Uttar Pradesh",82.86161,24.368371999999997
Rajasthan,MLI,MANGALIYAWAS,NWR,"Mangaliyawas, Rajasthan",74.492705,26.278197000000002
West Bengal,MDT,MADARIHAT,NFR,"National Highway 31C, West Bengal",89.274559021,26.694551388
Bihar,DWDI,Dighwa Dubauli,NER,"Saran, Bihar",84.7432486377,26.2652295458
Gujarat,MHV,MAHUVA JN,WR,"Mahuva, Gujarat",71.756011,21.09412
Uttar Pradesh,MHBZ,Mahtha Bazar,NER,"Mahtha Bazar, Uttar Pradesh",82.957379,27.391561
Uttar Pradesh,MIM,Maniram,NER,"National Highway 29, Uttar Pradesh",83.342407,26.838267
Haryana,MBV,Mirzapur Bachhaud,NWR,"State Highway 26, Haryana",76.198447,28.077937000000002
Maharashtra,MDDG,Malad Gaon,CR,"National Highway 9 Daund, Maharashtra",74.596581,18.36212
Uttar Pradesh,MNJR,Manjhlepur,NR,"State Highway 38, Uttar Pradesh",81.178625,25.994578
Karnataka,MGF,Mandagere,SWR,"Mandya District, Karnataka",76.378905,12.730158
Orissa,GADH,Goaldih,?,"Padmapur, Orissa",85.54626499999999,21.726323
Bihar,MDE,Makhdumpur Gaya,ECR,"Jehanabad, Bihar",84.979105,25.077130999999998
Jharkhand,MHQ,Mahuda,SER,"National Highway 32, Jharkhand",86.27078300000001,23.747481
Jharkhand,MMD,Maheshmunda,ER,"Maheshmunda, Jharkhand",86.38903300000001,24.232416
Assam,MRHT,MORANHAT,NFR,"Sibsagar, Assam",94.9193076,27.1829782
Andhra Pradesh,MTMI,MOTIMARI,SCR,"Motimarri Station, Andhra Pradesh",80.320896,16.956602
Tamil Nadu,MVN,MILAVITTAN,SR,"Thoothukudi, Tamil Nadu",78.087335,8.811577000000002
Delhi NCT,MQC,MUNDKA,NR,"Mundka, Delhi NCT",77.0285688654,28.6884911989
Maharashtra,MRV,MARSUL,SCR,"Purna, Maharashtra",77.09815599999999,19.233398
Tamil Nadu,MY,MALLIYAM,SR,"State Highway 64, Tamil Nadu",79.595866,11.079116
Rajasthan,MOPR,MOHANPURA,NR,"National Highway 15, Rajasthan",73.845031,29.992445
Maharashtra,MSR,MASUR,CR,"Satara, Maharashtra",74.14420899999999,17.404241
Tamil Nadu,MPLM,MARTHIPALAYAM,SR,"Erode - Unjalur - Kodumudi - Karur Rd, Tamil Nadu",78.023359,11.021579000000001
Gujarat,NRD,NARODA,WR,"Ahmedabad, Gujarat",72.658017,23.085662
Uttar Pradesh,MUUA,MAHUAWA KHURD,NER,"State Highway 64, Uttar Pradesh",83.59392199999999,26.854361
Gujarat,MSH,MAHESANA JN,WR,"Mehsana, Gujarat",72.388708,23.602623
Maharashtra,NIIJ,NILAJE,CR,"Nilaje, Maharashtra",73.079908,19.155061999999997
Kerala,MUKE,MUKKALI,SR,"Chombala, Kerala",75.55036199999999,11.68423
Orissa,MVF,MANABAR,ECoR,"Manabar Station, Orissa",82.695903,18.839732
Karnataka,MYS,MYSORE JN,SWR,"JLB Road Mysore, Karnataka",76.646013,12.318946
Andhra Pradesh,MRF,Marpalli,SCR,"Veerlapally, Andhra Pradesh",77.771485,17.54542
Karnataka,MSS,Masarahalli,SWR,"Shimoga, Karnataka",75.735905,13.804192
West Bengal,MPE,Malatipur,ER,"Malotipur Railway Station, West Bengal",88.76282300000001,22.651892
Rajasthan,NPS,Napasar,NWR,"Napasar, Rajasthan",73.56399,27.980942000000002
Tamil Nadu,MZU,Marandahalli,SWR,"Dharmapuri, Tamil Nadu",78.01732899999999,12.388944
Punjab,MXP,Malupota,NR,"Phagwara - Mohali Expy, Punjab",75.965393,31.184014
Uttar Pradesh,MPG,Manpur Nagaria,NER,"State Highway 33, Uttar Pradesh",78.818201,27.908304
Orissa,MTND,Mattagajpur,ECoR,"Mattagajpur, Orissa",85.946128,20.441551999999998
West Bengal,PAW,PANDABESWAR,ER,"Bardhaman, West Bengal",87.277416,23.711965
Madhya Pradesh,MYR,MAIHAR,WCR,"Maihar, Madhya Pradesh",80.763148,24.255485
Uttar Pradesh,NBUE,NIBKARORI,NCR,"Nibkarori, Uttar Pradesh",79.40995965580001,27.3287489158
Maharashtra,PBN,PARBHANI JN,SCR,"Parbhani, Maharashtra",76.774119,19.257460000000002
Maharashtra,PAU,PURNA JN,SCR,"Purna, Maharashtra",77.024985,19.180526999999998
Rajasthan,OSN,OSIYAN,NWR,"Osiyan, Rajasthan",72.899779,26.729223
West Bengal,NGTG,New Gitaldaha,NFR,"New Gitaldaha, West Bengal",89.5868746,26.0707762
Tamil Nadu,PBM,PAMBAN JN,SR,"Pamban, Tamil Nadu",79.213482,9.279729
Rajasthan,ORDI,ORDI,WR,"National Highway 79, Rajasthan",74.6304202759,24.835766629899997
Uttar Pradesh,NM,Naimisharanya,NR,"MDR 74C, Uttar Pradesh",80.484435,27.355137
Tamil Nadu,PALM,PALAIYAM,SR,"Karur, Tamil Nadu",78.129081,10.718615000000002
Gujarat,PHC,PANCHOT,WR,"State Highhway 55, Gujarat",72.339879,23.635161999999998
Maharashtra,NVLN,NAWALGOHAN,SCR,"Hingoli, Maharashtra",77.1232722153,19.7986346861
Kerala,NLE,NILESHWAR,SR,"Nileswaram, Kerala",75.13575,12.255885000000001
Bihar,NWD,NAWADIH,ECR,"Nawada, Bihar",85.54864500000001,24.886758
Punjab,NNGL,Naya Nangal,NR,"Near CAN plant nangal, Punjab",76.35421099999999,31.378961
,JMM,JAIMURTINAGAR F,,,85.066065,26.836932
Kerala,NAU,NADAPURAM ROAD,SR,"Madappallly, Kerala",75.575581,11.639509
Uttar Pradesh,NHF,Nihasta Halt,NR,"State Highway 38, Uttar Pradesh",80.92503500000001,26.212312999999998
Karnataka,PANP,PANDAVAPURA,SWR,"SH 19 Junction Mandya District, Karnataka",76.681387,12.463018
Karnataka,NVU,NAVALUR,SWR,"Dharwad - Hubli Hwy, Karnataka",75.055491,15.415517999999999
Kerala,NYY,NEYYATTINKARA,SR,"Thiruvananthapuram, Kerala",77.08111000000001,8.41041
Haryana,NLQ,Nangal Pathani Halt,NWR,"Nangal Pathani, Haryana",76.496786,28.364489
Karnataka,NRJ,Narimogaru,SWR,"Puttur subrahmanya state highway 100, Karnataka",75.29242739200001,12.7463856826
Jharkhand,NRKP,Narkopi,SER,"Ranchi, Jharkhand",85.0156235815,23.3756204426
Madhya Pradesh,GNS,Ghonsor,SECR,"Ghansor, Madhya Pradesh",79.95091,22.658083
Uttar Pradesh,NNP,Nanpara Junction,NER,"Nanpara, Uttar Pradesh",81.512594,27.859887
Assam,NMGY,Numaligarh,NFR,"NMGY, Assam",93.865713,26.601184
Uttar Pradesh,NPR,Nepalganj Road,NER,"Midwest, Uttar Pradesh",81.60073,28.010872
Madhya Pradesh,NKR,Nimar Kheri,WR,"State Highway 27, Madhya Pradesh",76.150998,22.11119
Uttar Pradesh,NTV,Nautanwa,NER,"Nautanwa, Uttar Pradesh",83.42129700000001,27.42688
Tamil Nadu,NTM,Narthamalai,SR,"Trchy - Pudukottai - Ramanathapuram Rd, Tamil Nadu",78.78913999999999,10.506577
Uttarakhand,PAQ,PADIYA NAQLA,NER,"National Highway 74, Uttarakhand",78.90761,29.085837
Uttar Pradesh,PKNA,PAKHNA,NCR,"Pakhna, Uttar Pradesh",79.304318,27.302522
Tamil Nadu,PO,PARANGIPETTAI,SR,"Parangipettai, Tamil Nadu",79.73604499999999,11.476847000000001
Uttar Pradesh,PPH,PIPRI DIH,NER,"State Highway 67, Uttar Pradesh",83.500574,25.879046
Uttar Pradesh,PPU,PIPARPUR,NR,"State Highway 9, Uttar Pradesh",82.038949,26.137823
Andhra Pradesh,PSLP,PASALAPUDI,SCR,"Putlacheruvu, Andhra Pradesh",81.095153,16.470923000000003
Andhra Pradesh,OTR,MOTURU,SCR,"Coastal Andhra Region, Andhra Pradesh",81.051142,16.439968999999998
Rajasthan,PDZ,PILIODA,WCR,"SH 1, Rajasthan",76.86438199999999,26.606366
Rajasthan,PJK,PANJ KOSI,NR,"Diwan Khera, Rajasthan",74.057408,30.137676000000003
Punjab,PKK,PAKKI,NR,"National Highway 15, Punjab",74.35550400000001,30.164759
Andhra Pradesh,NVT,NAVIPET,SCR,"Nizamabad, Andhra Pradesh",78.013194,18.770457
Maharashtra,PGG,PENGANGA,SCR,"Washim, Maharashtra",77.1230451306,19.9603213601
Orissa,PBV,Paliba,ECoR,"Paliba Station, Orissa",82.695712,18.659914999999998
Maharashtra,PDG,PARADGAON,SCR,"Usmanpur, Maharashtra",76.14738700000001,19.629143
Haryana,PPDE,PANDU PINDARA,NR,"Jind, Haryana",76.37130800000001,29.307976
Andhra Pradesh,PCL,Pulicherla,SCR,"Pulicherla Station, Andhra Pradesh",79.040396,13.598983
Uttar Pradesh,BNDA,BANDA JN,NCR,"Banda(05192-224813), Uttar Pradesh",80.336246,25.477677
Punjab,QRP,KILA RAIPUR,NR,"Delhon Pakhowal Rd, Punjab",75.82748600000001,30.759177
Rajasthan,PLCJ,PHALODI JN,NWR,"Phalodi, Rajasthan",72.36686300000001,27.124914
Uttar Pradesh,PDR,Payagpur,NER,"State Highway 30, Uttar Pradesh",81.776186,27.407067
West Bengal,PRDG,PORADANGA HALT,ER,"Lalgola, West Bengal",88.2261646533,24.2602726462
Tamil Nadu,PAS,PASUR,SR,"Namakkal, Tamil Nadu",77.85708699999999,11.236640999999999
West Bengal,PSAE,PURBASTHALI,ER,"Purbasthali, West Bengal",88.323896,23.453302
Assam,PNVT,PANCHARATNA,NFR,"Makri Rail Station, Assam",90.55599600000001,26.158866
Uttar Pradesh,PPW,Pachperwa,NER,"Semari - Bisokhar Rd, Uttar Pradesh",82.657808,27.528038
Assam,PKB,PATHARKHOLA S,NFR,"NH54, Assam",93.1029777271,25.7789313494
Assam,PNT,PANITOLA,NFR,"A T Rd, Assam",95.2499423993,27.4967510918
Tamil Nadu,PNGI,Panangudi,SR,"Madurai - Thondi Rd, Tamil Nadu",78.612621,9.921169
Karnataka,PCH,PACHHAPUR,SWR,"Rustumpur, Karnataka",74.672174,16.093145
Maharashtra,PLV,PALSI,CR,"Wathar-Koregaon Rd, Maharashtra",74.111907,17.812195000000003
Uttar Pradesh,PRSP,PRASADPUR,NER,"Prasadpur, Uttar Pradesh",80.08117200000001,28.54694
Uttar Pradesh,PJ,Peppeganj,NER,"Sahibganj, Uttar Pradesh",83.294438,26.930569
Gujarat,PN,PANSAR,WR,"Palanpur, Gujarat",72.47975,23.307875
Puducherry,PDY,Puducherry,SR,"South Blvd, Puducherry",79.828127,11.925445999999999
Jharkhand,PIS,Piska,SER,"Ranchi, Jharkhand",85.20610187930001,23.3295427441
Orissa,PFU,Padua,ECoR,"Paduwa Station, Orissa",82.687882,18.396744
Andhra Pradesh,NUJ,Nujella,SCR,"Krishna, Andhra Pradesh",81.022402,16.386599
West Bengal,HT,Hotar,ER,"Sherpur Dhamua Rd, West Bengal",88.39900800000001,22.308540999999998
Jharkhand,PRSL,Pandrasali,SER,"National Highway 75, Jharkhand",85.806909,22.63341
Andhra Pradesh,PHM,Patapatnam,ECoR,"Srikakulam District, Andhra Pradesh",84.081469892,18.7407526287
Delhi NCT,PM,PALAM,NR,"Sadh Nagar I, Delhi NCT",77.09295,28.585656
West Bengal,PTAE,PATULI,ER,"State Highway 6, West Bengal",88.25171385990001,23.5475854116
,BKIT,BINKADAKATTI,,,75.5954738599,15.4367140478
Maharashtra,PVR,PANDHARPUR,CR,"Pandharpur Ph:02186-223227, Maharashtra",75.319283,17.66849
Rajasthan,ROS,RAJOSI,NWR,"MDR 79, Rajasthan",74.671814,26.312897
Gujarat,RJT,RAJKOT JN,WR,"Rajkot, Gujarat",70.803446,22.312206
Madhya Pradesh,INDB,INDORE JN BG,WR,"Indore, Madhya Pradesh",75.868429,22.71757
Karnataka,RGI,RAMGIRI,SWR,"Shivani Rd, Karnataka",76.1254542236,13.9501446899
Karnataka,RBG,RAYBAG,SWR,"Belagavi, Karnataka",74.80682566349999,16.483374512
Rajasthan,SBNR,SHRI VIJAINAGAR,NWR,"Vijaynagar, Rajasthan",73.523389,29.240494
Madhya Pradesh,PNHR,PANIHAR,WCR,"Gwalior, Madhya Pradesh",78.014931,26.099221
,KRBR,KERKHABARI,,,90.625041,26.300344
Rajasthan,PVZ,Parvezpur,NWR,"damkora, Rajasthan",75.728178,28.510828
Uttar Pradesh,PP,PURANPUR,NER,"Puranpur, Uttar Pradesh",80.150951,28.514911
Rajasthan,RKZ,RAJKIAWAS,NWR,"Marwar, Rajasthan",73.52353600000001,25.75038
Karnataka,RMGM,RAMANAGARAM,SWR,"Ramanagara, Karnataka",77.283451,12.720096
Gujarat,RKY,KOTHARIYA,WR,"State Highway 122, Gujarat",70.81438200000001,22.176807
Gujarat,RBR,RIBADA,WR,"State Highway 233, Gujarat",70.80095200000001,22.124961
Punjab,CKA,Chak Pakhhewala,NR,"Chimne Wala, Punjab",74.19716,30.434234
Maharashtra,RN,RATNAGIRI,KR,"Ratnagiri 02352228951, Maharashtra",73.356938,17.002793
,MIX,Manipuram Cabin,,,80.45759,16.29953
West Bengal,REJ,Rejinagar,ER,"National Highway 34, West Bengal",88.259255,23.850089999999998
Orissa,RHMA,Rahama,ECoR,"Nathang, Orissa",86.405224,20.298605
Madhya Pradesh,RMPH,Rampahari,NCR,"State Highway 2, Madhya Pradesh",77.357146,26.2365
Uttar Pradesh,RDV,Radha Balampur,NR,"State Highway 13A, Uttar Pradesh",81.107034,26.083856
Haryana,PUW,Patuwas Mehrana,NWR,"Mehrana, Haryana",76.33368800000001,28.557035
Uttar Pradesh,RGU,Ragaul,NCR,"Maudaha, Uttar Pradesh",80.129683,25.686945
Uttar Pradesh,PTYR,Patiyara,NR,"Patiyara, Uttar Pradesh",80.476502,26.627948
Andhra Pradesh,PUMU,Penumarru,SCR,"Koteparu, Andhra Pradesh",80.77586000000001,16.131433
Assam,RNGG,Rangaliting,NFR,"Rangaliting, Assam",93.918286,26.656417
Andhra Pradesh,RYP,RAYANAPAD,SCR,"Rayanapad Station, Andhra Pradesh",80.562937,16.577504
Tamil Nadu,RMD,RAMANATHAPURAM,SR,"Ramanathapuram, Tamil Nadu",78.83686200000001,9.358387
Uttar Pradesh,SFPR,Safipur,NR,"Unnao, Uttar Pradesh",80.35476700000001,26.744343999999998
Rajasthan,RSH,Ratan Shahr,NWR,"Jhunjhunu, Rajasthan",75.52398098632693,28.158119435028283
Madhya Pradesh,JLY,Jhilmili,SECR,"Jhilmili, Madhya Pradesh",79.154333,22.054052000000002
Gujarat,SDD,SINDHAWADAR,WR,"Sindhavadar, Gujarat",70.894135,22.546528000000002
Karnataka,SII,SITIMANI,SWR,"Dam Inspection Rd, Karnataka",75.865598,16.31992
Maharashtra,SHSK,SAHARSRAKUND,SCR,"Nanded, Maharashtra",78.00795299999999,19.402665
Punjab,SFM,SUNAM,NR,"Sunam, Punjab",75.808761,30.130335000000002
Rajasthan,SBLT,SHRI BHADRIYA LATHI,NWR,"Lathi, Rajasthan",71.515941,27.030421
Uttar Pradesh,SBZ,SISWA BAZAR,NER,"Siswa Bazar, Uttar Pradesh",83.7563490747,27.1495669522
Bihar,SGL,SAGAULI JN,ECR,"Sugauli, Bihar",84.73934,26.758187
Rajasthan,SGW,SINGWAL,NWR,"National Highway 79, Rajasthan",74.68275899999999,26.061014999999998
Rajasthan,SDH,SARADHNA,NWR,"Mangaliyawas, Rajasthan",74.5662047516,26.3404260124
Karnataka,SBH,SULEBHAVI,SWR,"Belagavi, Karnataka",74.641724,15.912563
Uttar Pradesh,SDT,SADAT,NER,"Mahpur Sadat Marg, Uttar Pradesh",83.308384,25.673309
Andhra Pradesh,SHAN,SRINIVASA NAGAR,SCR,"Ramanthapur, Andhra Pradesh",78.4619205481,17.9099557799
Andhra Pradesh,SCP,SIRNAPALLI,SCR,"Sirnapalli, Andhra Pradesh",78.271132,18.487478
Uttar Pradesh,RJI,RAJAWARI,NER,"National Highway 29, Uttar Pradesh",83.130772,25.497689
Rajasthan,SEU,SENDRA,NWR,"Sendra, Rajasthan",74.194143,26.077973999999998
Karnataka,SKLR,Sakleshpur,SWR,"Sakleshpur, Karnataka",75.778745,12.945368
Karnataka,SHV,SHIVANI,SWR,"Shivani Rd, Karnataka",76.0582362866,13.8111396742
Gujarat,RWO,RANAVAV,WR,"Ranavav, Gujarat",69.726078,21.698214
Karnataka,SHMI,SHIROOR,KR,"Uttara Kannada, Karnataka",74.59396600000001,13.930712
Karnataka,S,SHRIRANGAPATNA,SWR,"Mandya District, Karnataka",76.678033,12.4247
Bihar,RXL,RAXAUL JN,ECR,"Raxaul, Bihar",84.84456399999999,26.987018000000003
Rajasthan,SDS,Sadulshahr,NWR,"Sadul Shahar, Rajasthan",74.17270445264876,29.902641430417788
Rajasthan,SMPR,Shri Madhopur,NWR,"Sri Madhopur, Rajasthan",75.59829400000001,27.457628
Punjab,SCQ,Sham Chaurasi,NR,"Distt. Hoshiarpur, Punjab",75.76642,31.45851
,NDRT,Nangal Degrota,,,76.067464,28.367897
Jharkhand,SDBH,Sindri Block Hut,ECR,"Pathardih, Jharkhand",86.447091,23.692944
,JWKA,Jandwala Kharta,,,74.0290537952,30.3576339273
Himachal Pradesh,SMLT,SAMLOTI,NR,"National Highway 20, Himachal Pradesh",76.360945,32.098872
Uttar Pradesh,SKGH,SAKTESGARH,NCR,"Saktesgarh Railway Station, Uttar Pradesh",82.821887,24.999741
Maharashtra,SNGR,SANGANAPUR,SCR,"State Highway 148, Maharashtra",76.7364,19.188596
Chhattisgarh,SPDR,SHEOPRASADNAGER,SECR,"National Highway 78, Chhattisgarh",82.78985700000001,23.303628
Uttar Pradesh,SRU,SALEMPUR JN,NER,"Salempur, Uttar Pradesh",83.923271,26.298048
Uttar Pradesh,SNAP,SONA ARJUNPUR,NR,"State Highway 57, Uttar Pradesh",77.4525283289,29.7582805083
Tamil Nadu,SQD,SATTIRAKKUDI,SR,"Ramanathapuram, Tamil Nadu",78.704868,9.400229
Andhra Pradesh,SNKG,SANKARAGUMMANUR HALT,SCR,"National Highway 63, Andhra Pradesh",77.235523,15.167166
Madhya Pradesh,SONI,SONI,NCR,"SH 19, Madhya Pradesh",78.55522599999999,26.527305000000002
West Bengal,SMAE,SAMUDRAGARH,ER,"Samudragarh, West Bengal",88.324967,23.335767
Andhra Pradesh,SFX,SAFILGUDA,SCR,"Secunderabad, Andhra Pradesh",78.53311000000001,17.461671
Maharashtra,SLGH,SHELGOAN H,SCR,"Mudkhed, Maharashtra",77.5883907849,19.080130931400003
Karnataka,SNH,SAUNSHI,SWR,"Saunshi, Karnataka",75.295781,15.206786
Madhya Pradesh,SSGJ,SURSARAIGHAT JH,WCR,"Shidi, Madhya Pradesh",82.124918,24.023428
Andhra Pradesh,PAV,Pedana,SCR,"Pedana, Andhra Pradesh",81.143792,16.252107000000002
Karnataka,SJPM,SUJATA PURAM HALT,SWR,"Nanjangudu, Karnataka",76.675521,12.140253000000001
Maharashtra,STR,SATARA,CR,"SH 58, Maharashtra",74.063727,17.688361
Karnataka,SRVN,Sravanur,SWR,"Sravanur, Karnataka",76.355604,12.743443
Madhya Pradesh,SKU,Sikroda,NCR,"Morena(0753-2226392), Madhya Pradesh",77.73236299999999,26.336915
West Bengal,SLB,SALBONI,SER,"Salbani, West Bengal",87.321899,22.640971
West Bengal,SRJM,SIRJAM,SER,"Purulia District, West Bengal",86.83509699999999,23.403864
Delhi NCT,SSB,SHAKURBASTI,NR,"Pitampura, Delhi NCT",77.1299115857,28.680227328700003
Himachal Pradesh,SML,Shimla,NR,"Shimla, Himachal Pradesh",77.159932,31.102794
,KARO,Khario P.H.,?,,86.192092,23.835655
West Bengal,SN,Sukna,NFR,"Hill Cart Rd, West Bengal",88.363493,26.790887
Karnataka,SMKT,Somankatti,SWR,"State Highway 30, Karnataka",75.632594,15.766715999999999
Uttar Pradesh,SIRA,Sirhi Itara,NCR,"Sirhiltara, Uttar Pradesh",80.21523499999999,26.367008000000002
Uttar Pradesh,SOT,Shohratgarh,NER,"Railway Station, Uttar Pradesh",82.96929300000001,27.374710999999998
Uttar Pradesh,SRMP,Sirsi Mukhdumpr,NR,"Sirsi Mukhdumpr, Uttar Pradesh",78.635169,28.633209
Rajasthan,SURP,Suratpura,NWR,"National Highway 65, Rajasthan",75.406758,28.661958
Maharashtra,PTS,Patansaongi,SECR,"Nagpur, Maharashtra",79.010677,21.344445
Chhattisgarh,SIY,Sirry,SECR,"National Highway 43, Chhattisgarh",81.731233,20.990441
Karnataka,KBPR,Kabakaputtur,SWR,"Puttur, Karnataka",75.2045015,12.7683965
Himachal Pradesh,SWO,Sonwara,NR,"National Highway 22, Himachal Pradesh",77.004229,30.894075
Assam,SRTN,SIBSAGAR TOWN,NFR,"Sibsagar, Assam",94.643517,26.989967999999998
Maharashtra,JMD,Jamdha,CR,"Jamda, Maharashtra",74.98554700000001,20.574085
Gujarat,THAN,THAN JN,WR,"Thangadh, Gujarat",71.20653300000001,22.578960000000002
Tamil Nadu,TIP,TATTAPPARAI,SR,"State Highway 77, Tamil Nadu",78.022486,8.828581
Tamil Nadu,TJ,THANJAVUR,SR,"Thanjavur, Tamil Nadu",79.138296,10.778085
Andhra Pradesh,THPR,TIPPAPUR,SCR,"National Highway 7, Andhra Pradesh",78.3773798279,18.1941221367
Gujarat,SUNR,SURENDRANAGAR,WR,"Surendra Nagar, Gujarat",71.630056,22.7443
Andhra Pradesh,TLMG,TALMADUGU,?,"Sitagondi, Andhra Pradesh",78.3963542407,19.6417758258
Rajasthan,TL,TILONIYA,NWR,"Ajmer, Rajasthan",74.93419399999999,26.652675
Uttar Pradesh,SUNM,SUNAMAI HALT,NR,"Sunamai, Uttar Pradesh",78.22052500000001,28.097372
Rajasthan,THM,THALYAT HAMIRA,NWR,"Hamira, Rajasthan",71.077426,26.992725999999998
Karnataka,TGT,TINAI GHAT,SWR,"National Highway 4A, Karnataka",74.404471,15.449131999999999
Gujarat,SVL,Sevaliya,WR,"Sevaliya, Gujarat",73.344328,22.807897
Tamil Nadu,THX,TOVALAI,SR,"Thovalai, Tamil Nadu",77.5062158319,8.2282578413
Uttar Pradesh,THW,THARWAI,NR,"Tharwai, Uttar Pradesh",81.91469331479999,25.539218856799998
Karnataka,SVNR,SAVANUR,SWR,"State Highway 6, Karnataka",75.4063188531,14.9617089325
Karnataka,STE,Sagarkatte,SWR,"Sagarkatte, Karnataka",76.4788766602,12.423381703999999
Uttar Pradesh,TBTN,THANA BHAWAN TN,NR,"Thana Bhawan, Uttar Pradesh",77.402047,29.581129999999998
Tamil Nadu,TIC,TIMMACHIPURAM,SR,"Karur, Tamil Nadu",78.37531,10.952368
Punjab,TDO,TANDA URMAR,NR,"Urmar Tanda, Punjab",75.637595,31.672179
Uttar Pradesh,SZN,Shahbaznagar,NER,"Shahbaznagar, Uttar Pradesh",79.88703000000001,27.928906
Tamil Nadu,SZV,Sivadi,SWR,"Dharmapuri, Tamil Nadu",78.118844,12.039871999999999
Gujarat,TBA,Timba Road,WR,"National Highway 59, Gujarat",73.385859,22.781628
Uttar Pradesh,SUBR,Subhagpur,NER,"MDR 10E, Uttar Pradesh",82.01764299999999,27.26251
Chhattisgarh,SRBA,Saragbundia,SECR,"Janjgir-Champa, Chhattisgarh",82.732324,22.212297
Chhattisgarh,SZY,Silak Jhori,ECoR,"National Highway 16, Chhattisgarh",81.672904,18.982188
West Bengal,TKP,Takipur,ER,"National Highway 60, West Bengal",87.92059400000001,24.303242
West Bengal,SRJN,Sirajnagar Halt,ER,"Sirajnagar, West Bengal",88.27076000000001,23.818590999999998
West Bengal,SXC,Sondalia,ER,"Sondalia Railway Station, West Bengal",88.58227500000001,22.682186
Chhattisgarh,TBD,Telibandha,SECR,"Telibandha, Chhattisgarh",81.67053,21.235642
Uttar Pradesh,TNUE,TINDAULI,NCR,"Tindauli, Uttar Pradesh",78.92129,27.183053
Tamil Nadu,TRM,TIRUNAGESVARAM,SR,"Ayyavadi, Tamil Nadu",79.428212,10.975208
Rajasthan,TWL,TILWARA,NWR,"Barmer, Rajasthan",72.078131,25.893262
Uttar Pradesh,TTI,TURTIPAR,NER,"Mujouna Gawn, Uttar Pradesh",83.89084100000001,26.16121
Andhra Pradesh,UPW,UPPALAVAI,SCR,"Uppalwai Main Rd, Andhra Pradesh",78.316108,18.424892
Uttar Pradesh,URPR,UGRASENPUR,NR,"Janghai, Uttar Pradesh",82.189171,25.568212
Rajasthan,VBN,VALLABHNAGAR,NWR,"MDR 36A, Rajasthan",74.018709,24.690424
Gujarat,TUWA,Tuwa,WR,"National Highway 59, Gujarat",73.463163,22.800702
Gujarat,UJA,UNJHA,WR,"Unjha, Gujarat",72.381669,23.796456
Andhra Pradesh,VND,VENDRA,SCR,"Mogollu Rd, Andhra Pradesh",81.56909499999999,16.578434
Andhra Pradesh,VP,VIRAPUR,SCR,"Anantapur, Andhra Pradesh",77.131692,15.158976
Karnataka,TVG,TAVARGATTI,SWR,"State Highway 34, Karnataka",74.6628751227,15.414853643999999
Tamil Nadu,TP,TIRUCHIRAPPALLI FORT,SR,"Tiruchirapalli Fort Station Road, Tamil Nadu",78.688891,10.825594
Uttar Pradesh,UNLA,UNAULA,NER,"Gorakhpur, Uttar Pradesh",83.471435,26.788432
,KPB,KHARPOKHRA,ECR,,84.1526926862,27.1425658407
Gujarat,VRL,VERAVAL,WR,"Veraval, Gujarat",70.370689,20.913351
Maharashtra,VEER,VEER,KR,"Lonere - Mangaon 02145270055, Maharashtra",73.3300770068,18.113401793300003
Maharashtra,VBW,VAIBHAVWADI RD,KR,"Sindhudurg, Maharashtra",73.707645,16.512013
Bihar,THA,Tehta,ECR,"Tehta, Bihar",84.98502287230001,25.1130684669
Goa,VEN,VERNA,KR,"South Goa 0832-2754289, Goa",73.912519,15.353587
Uttar Pradesh,TPB,Trilokpur,NER,"Semari - Bisokhar Rd, Uttar Pradesh",82.701077,27.508190000000003
Uttar Pradesh,DBNR,Dibnapur,NER,"Dibnapur, Uttar Pradesh",79.51619,28.524363
Orissa,TMKA,Tomka,ECoR,"Orissa, Orissa",85.975352,21.107333
Uttar Pradesh,UJH,Ujhani,NER,"Ujhani, Uttar Pradesh",79.01491,27.995236
Uttar Pradesh,UBN,Ubarni,NR,"National Highway 24B, Uttar Pradesh",81.163629,26.118214000000002
Maharashtra,TMS,Tumsar Town,SECR,"State Highway 249, Maharashtra",79.741784,21.383833000000003
Andhra Pradesh,TXD,Tyada,ECoR,"Vishakhapatnam, Andhra Pradesh",83.04218999999999,18.217966999999998
Tamil Nadu,UMG,Uttangal Mangalam,SR,"State Highway 10, Tamil Nadu",79.419161,11.535044000000001
Tamil Nadu,MPKT,CHENNAI PARK TOWN,SR,"Chennai, Tamil Nadu",80.27598499999999,13.07995
Andhra Pradesh,WL,WARANGAL,SCR,"Warangal, Andhra Pradesh",79.604929,17.972477
Uttar Pradesh,MRPR,MAU RANIPUR,NCR,"NH 75, Uttar Pradesh",79.136793,25.261270999999997
Gujarat,VVA,VARVALA,WR,"Jamnagar, Gujarat",68.9678414502,22.2995032641
Maharashtra,MGO,MAHISGAON,CR,"State Highway 77, Maharashtra",75.501817,18.111324
Rajasthan,ZW,ZAWAR,NWR,"National Highway 8, Rajasthan",73.731959,24.358621
Bihar,WRS,WARIS ALEGANJ,ECR,"Warisaliganj, Bihar",85.642177,25.015425
Uttar Pradesh,VZPH,Vazeerpur Halt,NER,"Lilhar Mudia Link Rd, Uttar Pradesh",79.86398899999999,28.148542000000003
Gujarat,WTJ,JAM WANTHALI,WR,"Ranuja Village Rd, Gujarat",70.321802,22.429409
Uttarakhand,PRI,PATHRI,NR,"Haridwar, Uttarakhand",78.076506,29.851996
Andhra Pradesh,VPG,VENTRAPRAGADA,SCR,"Krishna, Andhra Pradesh",80.914447,16.473819
Delhi NCT,VVKP,VIVEKANAND PURI HALT,NR,"Sarai Rohilla, Delhi NCT",77.183702,28.664098
,PUS,PHUSRO,ECR,,86.01025,23.767488999999998
Goa,VSG,VASCO DA GAMA,SWR,"Mormugao, Goa",73.813425,15.397241000000001
Gujarat,VLTR,Vadali Luter Road,WR,"Vadali Luter, Gujarat",73.135398,23.078738
Madhya Pradesh,LOD,Lekoda,WR,"Ujjain, Madhya Pradesh",75.69849099999999,23.075768
Maharashtra,VJR,VIJAYANAGAR,SWR,"Miraj Road, Maharashtra",74.696289906,16.7778119655
Gujarat,VRR,VIRPUR,WR,"Rajkot, Gujarat",70.707212,21.848343
,OREH,Ore Halt,?,,84.991898,24.915065
Uttar Pradesh,YFP,YUSUFPUR,NER,"MDR 94E, Uttar Pradesh",83.74868400000001,25.639006
Gujarat,VJD,VIJPADI ROAD,WR,"Dolti-Rajula Rd, Gujarat",71.449442,21.17981
Tamil Nadu,MVS,MANAVASI,SR,"Manavasi, Tamil Nadu",78.220496,10.934013
Maharashtra,VINH,VINHERE,KR,"Raigad, Maharashtra",73.38400999999999,17.907649
Karnataka,MRDW,MURDESHWAR,KR,"Murudeshwara, Karnataka",74.50524700000001,14.100277
Karnataka,KUDA,KUNDAPURA,KR,"Basrur, Karnataka",74.728366,13.612909
Kerala,KZE,KANHANGAD,SR,"Kanhangad, Kerala",75.08524799999999,12.320267999999999
Gujarat,NROD,NARI ROAD,WR,"SH 6, Gujarat",72.08143399999999,21.758482
Maharashtra,WDG,Wadegaon,SECR,"Warsa Rd, Maharashtra",79.981617,20.76451
Gujarat,VSW,Visavadar,WR,"Visavadar, Gujarat",70.755622,21.341738000000003
Uttar Pradesh,KSJF,Kasganj Mg,NER,"Kasganj, Uttar Pradesh",78.64517,27.801268
Maharashtra,WND,Wan Road,SCR,"Dhulghat, Maharashtra",76.82043300000001,21.21501
Tamil Nadu,VLU,Vadalur,SR,"Vadalur, Tamil Nadu",79.547974,11.557654999999999
Andhra Pradesh,VLV,Vallivedu,SCR,"Vallivedu, Andhra Pradesh",79.068221,13.528576
Bihar,MANI,Mani Halt,ECR,"Mani, Bihar",84.23126776609999,25.1739936806
Andhra Pradesh,TAA,TADLA PUSAPALLI,SCR,"Mahbubabad, Andhra Pradesh",79.9541837128,17.626312868499998
Karnataka,CHRG,CHORGI,SWR,"Bijapur, Karnataka",75.869711,17.175076999999998
Rajasthan,SRDR,Sardarshahr,NWR,"SH 6, Rajasthan",74.47905756533146,28.439590510764504
Maharashtra,PTU,PARTUR,SCR,"Jalna, Maharashtra",76.212767,19.575715
Uttar Pradesh,AGY,AGORI KHAS,NCR,"State Highway 5, Uttar Pradesh",83.056105,24.59896
Madhya Pradesh,SVPI,SHIVPURI,WCR,"Shivpuri, Madhya Pradesh",77.638246,25.438444
Madhya Pradesh,MUO,MASANGAON,WCR,"Harda, Madhya Pradesh",77.005257,22.272733000000002
West Bengal,KWAE,KATWA,ER,"Katwa, West Bengal",88.124085,23.640315
Gujarat,VNRD,VANI ROAD,WR,"State Highway 17, Gujarat",72.0035287323,23.0950624331
,JAN,JARANGDIH,ECR,,85.92881,23.769553
Maharashtra,BOR,BOISAR,WR,"Boisar, Maharashtra",72.76189900000001,19.7985273
Gujarat,WGI,Waghai,WR,"Waghai, Gujarat",73.50047372281551,20.772638155885446
Maharashtra,BMF,BASMAT,SCR,"Basmath, Maharashtra",77.15177759640001,19.3334723149
Assam,CGF,CHARALI,NFR,"Madhubon to Naoholia Rd, Assam",95.3509509503,27.4496656596
Tamil Nadu,CJ,KANCHIPURAM,SR,"Kanchipuram, Tamil Nadu",79.70314900000001,12.848947
Jammu and Kashmir,CKDL,CHAKDAYALA,NR,"Chhan Rorian, Jammu and Kashmir",75.304858,32.478914
West Bengal,CJN,CHHATNA,SER,"Chhatna, West Bengal",86.975734,23.305386000000002
Maharashtra,SVX,SAVARDA,KR,"Ratnagiri, Maharashtra",73.515528,17.405007
West Bengal,URP,Udairampur,ER,"Udairampur, West Bengal",88.273732,22.100085
Haryana,STD,Satrod,NWR,"Haryana, Haryana",75.82118,29.108936
Orissa,CHHU,Chhanva,SER,"Mayurbhanj, Orissa",86.194643,22.3355771
Kerala,PASA,PARASHSHALA,SR,"Parassala, Kerala",77.16548966,8.3398400051
,KDPA,KHADAPA,ECoR,,82.445719,19.00582
Rajasthan,NMK,Nim Ka Thana,NWR,"Neem Ka Thana, Rajasthan",75.779691,27.741573
,KLAT,Khelpatta,,,77.872524,21.274489000000003
,MUHI,Murhari Halt,,,85.5330143262,25.341408340100003
Madhya Pradesh,SZH,Saonga Halt,SECR,"Saonga, Madhya Pradesh",78.871166,21.520105
West Bengal,DDC,Dum Dum Cantt.,ER,"Dum Dum Cantt, West Bengal",88.411641,22.636349000000003
West Bengal,PLY,Plassey,ER,"Plassey, West Bengal",88.28447,23.777986000000002
Maharashtra,CKX,Chakur,SCR,"MSH3, Maharashtra",76.8840283246,18.4875607596
Rajasthan,PCMK,Pacharmalikpura,NWR,"State Highway 19, Rajasthan",75.389317,27.201471
Madhya Pradesh,BCRD,Barchi Road,CR,"State Highway 26, Madhya Pradesh",78.311632,21.951502
Rajasthan,BUDI,Bundi,WCR,"Bundi, Rajasthan",75.65069899999999,25.407922
Orissa,CJQ,Champajharam,SER,"National Highway 23, Orissa",84.90421199999999,22.101526
Madhya Pradesh,VRG,VIKRAMNAGAR,WR,"Ujjain, Madhya Pradesh",75.817754,23.162187
Karnataka,BYC,BELLARY CANT,SWR,"Bellary, Karnataka",76.89450500000001,15.150286000000001
Punjab,BWF,BUTEWALA,NR,"Village Sadhara Rd, Punjab",74.896803,31.080357
Chhattisgarh,SPY,Sarsonpuri,SECR,"National Highway 43, Chhattisgarh",81.638003,20.780632
Rajasthan,BSDA,BANIYA SANDA DHORA,NWR,"Barmer, Rajasthan",71.668563,25.860229999999998
Assam,BXP,BARPATHAR,NFR,"Railway Station, Assam",93.899672,26.274562
Rajasthan,GRF,GAMBHIRI ROAD,WR,"National Highway 79, Rajasthan",74.671009,24.693873
,BEC,BERACH JN CABIN,,,74.61523199999999,24.896441999999997
,PPNI,PARAS PANI,,,83.04895300000001,24.38141
Rajasthan,NDT,Nathdwara,NWR,"SH 49, Rajasthan",73.909396,24.92025
Uttar Pradesh,JNU,JAUNPUR JN,NR,"Jaunpur, Uttar Pradesh",82.69969599999999,25.762849
Maharashtra,UMRI,UMRI,SCR,"Nanded, Maharashtra",77.642682,19.0418
Uttar Pradesh,BXLL,BILLI,ECR,"Obra, Uttar Pradesh",83.011944,24.453381
West Bengal,BHPA,Bahrupiya Halt,ER,"Bahirpuya, West Bengal",88.349067,22.22962
Bihar,SPP,SHAHPUR PATOREE,ECR,"Samastipur, Bihar",85.5813,25.639425999999997
Punjab,MSSD,Maheshari Sandhuan,NR,"Firozpur Rd, Punjab",74.992929,30.848579
,ASSH,AISHBAGH,,,80.908616,26.836088
Kerala,BDJ,VADAKARA,SR,"Calicut, Kerala",75.5869409,11.593321399999999
Bihar,KADH,Khairadih Halt,ECR,"Khairadih, Bihar",84.054715,25.035047
West Bengal,BXL,BHEDUASOL,SER,"National Highway 60, West Bengal",87.13517327999999,23.1943639299
Rajasthan,AMPR,AMARPURA RATHAN,NWR,"MDR 103, Rajasthan",74.078953,29.483399000000002
Rajasthan,BWA,BHINWALIYA,NWR,"Pindwara, Rajasthan",73.4924808,25.5596627
Rajasthan,JNX,Jagnath Road Halt,NWR,"Jalor, Rajasthan",72.62821,25.270948
Rajasthan,MBSK,Marwar Balia,NWR,"Marwar, Rajasthan",74.545106,27.357827
Uttar Pradesh,BEJ,Beniganj,NR,"Sitapur, Uttar Pradesh",80.440599,27.299916
Andhra Pradesh,BSDR,Bansadhara Halt,ECoR,"Lihuri Rd, Andhra Pradesh",83.822754,18.970276000000002
West Bengal,SPR,Sonarpur Junction,ER,"Kolkata, West Bengal",88.429773,22.443359
Uttar Pradesh,SPB,Sonekpur Halt,NR,"Bilari, Uttar Pradesh",78.69314200000001,28.630277
Maharashtra,PQA,Pipla Halt,SECR,"Pipla, Maharashtra",79.06675999999999,21.312575
Bihar,BIRL,Biraul,ECR,"Darbhanga, Bihar",86.233733,25.937062
,GRZ,Gurthuri,NR,,76.177379,29.648169000000003
Punjab,JNT,Jaintipura,?,"National Highway 15, Punjab",75.10219199999999,31.773393000000002
,PQH,Pindkepar Halt,,,80.18200300000001,21.304069
Gujarat,JNZ,Jenal,NWR,"Bhildi, Gujarat",72.0377359918,24.3273122158
Uttar Pradesh,PQN,Pariawan Kalakankar Road,NR,"Pwn Klaknder Rd, Uttar Pradesh",81.368601,25.825794000000002
Jharkhand,JNN,Jamuniatand,ECR,"Jamuniatand, Jharkhand",86.191952,23.75454
Punjab,CKM,Chauki Man,NR,"Chauki Maan, Punjab",75.56567299999999,30.814885999999998
,BEI,Shimoga Bidare,,,75.64768061160001,13.9025358525
Uttar Pradesh,BEM,Budaun,NER,"Badaun, Uttar Pradesh",79.1360237,28.0274922
,METR,Methi Tikur,,,80.418467,26.698845
Maharashtra,BWV,Bhiwapur,SECR,"Bhiwapur, Maharashtra",79.51148736,20.76925671
,SMDC,SAWAI MADHOPUR D CABIN,,,76.375851,26.0356
,APQ,ADITPARA,,,69.6779178894,21.67359117
Uttar Pradesh,MOTA,MOTA,NCR,"Mota, Uttar Pradesh",79.2537294641,27.2889777447
Delhi NCT,SWNR,SEWA NAGAR,NR,"South Extension 1, Delhi NCT",77.22770799999999,28.579299000000002
Gujarat,LO,LOLIYA,WR,"State Highway 1, Gujarat",72.166923,22.512244
,NON,Nonar Halt,,,84.3707734497,25.2864711772
Gujarat,HLB,HADALA BHAL,WR,"Limbadi to Hadala Rd, Gujarat",72.13179600000001,22.487223
Rajasthan,RLR,RAILA ROAD,NWR,"Raila, Rajasthan",74.596325,25.630348
,EDA,ITWAN DUNDAILA,,,80.84270550779999,24.939958728
,PDJ,PHIDING,,,93.14983,25.221835000000002
Delhi NCT,SMDP,SHAHABAD MOHAMADPUR,NR,"Dwarka, Delhi NCT",77.071838,28.560927
Rajasthan,KTOA,KOTANA,NWR,"Kotana, Rajasthan",73.72634199999999,23.916929999999997
,TJM,TURINJAPURAM,,,79.090728,12.336963
Tamil Nadu,KYV,KOYILVENNI,SR,"Kovilvenni, Tamil Nadu",79.368646,10.776294
Haryana,ROHN,ROHEDNAGAR HALT,NR,"Delhi-Rohtak Corridor, Haryana",76.8140929907,28.7611280103
Tamil Nadu,SPL,SUNDARAPERUMAL KOVIL,SR,"Thanjavur, Tamil Nadu",79.30063,10.941722
,NOY,NOYAL,,,77.93176899999999,11.060239
,KCYN,KACHHIYANA HALT,,,85.98011055180001,25.1331170814
,LW,LORWADA,,,72.08968,24.217193
Andhra Pradesh,EDD,EDDULADODDI,SCR,"Pyapili, Andhra Pradesh",77.589906,15.329698
Karnataka,RLP,HARLAPUR,SWR,"National Highway 63, Karnataka",75.799259,15.434833000000001
,GRH,GHORASAHAN,,,85.12762727,26.82028731
Uttar Pradesh,NOH,Nigohi,NER,"Nigohi, Uttar Pradesh",79.8785035535,28.0989194076
Uttar Pradesh,AIH,ALAWALPUR I PUR,NR,"Alawalpur, Uttar Pradesh",77.27163889890001,29.0477960432
Assam,DPU,DIPHU,NFR,"Diphu, Assam",93.438384,25.83725
West Bengal,MPRD,Mathurapur Road,ER,"State Highway 3, West Bengal",88.390923,22.140587
Assam,DLDE,DALDALI,NFR,"Diphu, Assam",93.51715200000001,25.820221
Karnataka,LD,LONDA JN,SWR,"Londa, Karnataka",74.496982,15.450273
Uttar Pradesh,BYH,BHITI,NER,"Handia, Uttar Pradesh",82.261348,25.333548
,DPO,DAMANPUR,,,89.53636700000001,26.53866
West Bengal,HLR,Halisahar,ER,"Kanchrapara, West Bengal",88.436792,22.921498999999997
,TJW,Tejpurwa Halt,,,84.819703,25.940085
Karnataka,HLE,Heelalige,SWR,"Chandapura -Dommasandra Road Bengaluru, Karnataka",77.710974,12.813180000000001
Madhya Pradesh,DPW,Dhapewara,SECR,"State Highway 11, Madhya Pradesh",80.1913272595,21.872721159199997
Tamil Nadu,SMDT,Semmandappatti,SWR,"Salem, Tamil Nadu",78.0260572961,11.7955548355
Rajasthan,BAWA,Balwara,NWR,"State Highway 38, Rajasthan",72.5545000909,25.5031445488
Jharkhand,RKJE,Rakhitpur,ECR,"Jairampur More to Baliapur, Jharkhand",86.490871,23.725742
Madhya Pradesh,LMU,Limarua,SECR,"Chiraidongri, Madhya Pradesh",80.349702,22.524250000000002
,KLLF,Kalol Jn,,,72.50348000000001,23.244426
,LB,Lain Bazar,,,84.2806012268,26.429190879300002
Karnataka,KNYR,Kaniuru Halt,SWR,"Kaniyoor, Karnataka",75.365526,12.717207
,APP,Ambapendarpur Halt,,,85.5297094055,25.2669627882
Gujarat,KADI,Kadi,WR,"Kadi, Gujarat",72.326105,23.292133
Assam,APU,Anipur,NFR,"Anipur, Assam",92.43452699999999,24.545735999999998
Rajasthan,APJ,Amarpur Jorasi,NWR,"Narnaul, Rajasthan",76.07610899999999,28.02178
,APK,Aruppukkottai,,,78.10189147,9.524631680999999
,API,Akkaraippatti,,,77.92262799379999,10.3998079865
Madhya Pradesh,KTKH,Kotlakheri,WR,"East Nimar, Madhya Pradesh",76.173654,22.078204
,KXZ,KESARIYA ROAD,,,71.814406,22.908845999999997
,SABD,SALABAD,,,77.310319,26.984965
,KURN,KHUKRANA,,,76.924226,29.400184
,KXR,KURIA,,,85.005407,26.468217
,KLKH,Kalladaka,,,75.05984199999999,12.845834
,BTYA,Bhatariya,,,72.274465,23.438252
Uttar Pradesh,RJK,RAJA KA SAHASPUR,NR,"Bilari, Uttar Pradesh",78.780097,28.626216
Madhya Pradesh,KTMA,KOTMA,SECR,"Kotma, Madhya Pradesh",81.979022,23.202833000000002
,BSBN,BHUSAWAL B CABIN,,,75.822458,21.049919000000003
,PSRY,PASHWASHRAYA,,,88.40378299999999,26.763435
Punjab,CKLA,Chak Banwala,NR,"Chimne Wala, Punjab",74.133437,30.423043
,JIGT,JIRIGHAT,,,93.08687905000001,24.8100917
Gujarat,KADR,Kadiyadra,WR,"State Highway 10, Gujarat",73.057502,23.885219
Uttar Pradesh,TJD,TAJPUR DEHMA,NER,"Gosalpur Rd, Uttar Pradesh",83.92969,25.728138
Karnataka,CLI,CHALGERI,SWR,"Chalageri, Karnataka",75.73529039,14.5614031141
,JGBR,JOGESHWAR BIHAR,,,85.6267,23.746057
Karnataka,SDVL,SOLDEVANAHALLI,SWR,"Bengaluru, Karnataka",77.490385,13.091395
,LOL,LOLIEM,,,74.08778,14.939155
,KMMD,Kirmiti Mendha,,,79.774173,20.593933
,KRPC,KHARIA-PIPRA HALT,,,82.724227,18.807373000000002
,BLRE,BELSIRI,,,92.51446299999999,26.800480999999998
,DRQ,DHARMINIYA,,,84.793439,26.865524999999998
Punjab,DRE,DHOGRI,NR,"Dhogri, Punjab",75.635791,31.40278
Andhra Pradesh,KKLR,KAIKOLUR,SCR,"Kaikalur, Andhra Pradesh",81.21831599999999,16.551026
Gujarat,KYSD,KAIYAL SEDHAVI,WR,"State Highway 217, Gujarat",72.428861,23.427144
Karnataka,KLYH,Kallur Yedahli,SWR,"Kallur Yedahli, Karnataka",76.497258,12.421123999999999
,KYSB,KAIYAL SEDHAVI,,,72.428531,23.426814
Uttar Pradesh,DHE,Dodhi,NER,"Dodhi, Uttar Pradesh",82.998947,25.604879
Uttar Pradesh,BRDV,Baradev,NR,"State Highway 38, Uttar Pradesh",80.4119287744,26.7017793648
Madhya Pradesh,TKLN,Tarrakalan,NCR,"Tarrakalan, Madhya Pradesh",76.901807,25.971659
Uttar Pradesh,MKHI,Makhi,NR,"Unnao, Uttar Pradesh",80.46113700000001,26.661427
Andhra Pradesh,CLU,Chilakalapudi,SCR,"Machilipatnam, Andhra Pradesh",81.162137,16.202721
,BRDH,Bardhana Halt,,,78.799478,22.136014999999997
,PSV,Parsneu,,,74.378783,28.037882999999997
,HNZM,Delhi Hazrat Nizamuddin,,,77.253929,28.58701
Maharashtra,TKLB,Takli Bhansali,SECR,"National Highway 69, Maharashtra",78.983053,21.361133
Maharashtra,PSX,Patansaongi Town Halt,SECR,"Patansaongi, Maharashtra",79.025915,21.335452
Maharashtra,BCT,Mumbai Central,WR,"Mumbai, Maharashtra",72.819383,18.970667
,PDF,PADAMPUR,,,70.836786,23.519468000000003
West Bengal,TDH,Tindharia,NFR,"National Highway 55, West Bengal",88.332848,26.851551
Uttar Pradesh,KZA,KHADA,NER,"Khadda Katai Bharpurva Bandh, Uttar Pradesh",83.868376,27.182926
,RGBD,RAMGANGA,,,79.37463899999999,28.297728
,QBW,QUBARWALA,,,74.417372,30.175886000000002
,PPRH,PIPARAHAN HALT,,,85.246908,26.224332999999998
,DET,DET,,,74.641128,25.01154
,ACN,ADHICHCHANUR,,,79.182478,12.05415
Himachal Pradesh,KPLR,KOPARLAHAR,NR,"National Highway 88, Himachal Pradesh",76.25044299999999,32.05191
,MU,MAKANSAR,,,70.90609338009999,22.7603546992
Uttarakhand,RKSH,RISHIKESH,NR,"Rishikesh, Uttarakhand",78.287498,30.107173
,NZG,NAZARBAG,,,70.855228,22.814612
,MPF,MUIRPUR ROAD,,,83.094386,24.206087
,AVC,AMRAVATHI COLONY,,,75.854093,14.498218999999999
Madhya Pradesh,KLRS,KOLARAS,WCR,"Shivpuri, Madhya Pradesh",77.590411,25.224926
Gujarat,CSMA,Chanasma Junction,WR,"Chanasma, Gujarat",72.11188299999999,23.710492
Karnataka,CGKR,CHANDAGIRIKOPAL,?,"State Highway 7, Karnataka",76.730177,12.485166999999999
,BDJR,BHADORA JAGIR,,,77.41188299999999,24.786919
Karnataka,KAG,KODAGANUR,SWR,"State Highway 47, Karnataka",76.033542879,14.3305086886
,BMRN,BHIMRANA,,,68.992445,22.389889
,CAPA,Chhapra Jn,,,84.724365,25.787896
,NDPL,NDPL,,,78.520612,15.456312
Rajasthan,BAR,BAR,NWR,"Haripur, Rajasthan",74.113189,26.063048
,KJGY,Khanalampura Gy,,,77.58350800000001,29.929192999999998
Gujarat,RLA,RAJULA JN,WR,"Baraf Tana, Gujarat",71.479251,21.103699
,TKND,Trivikramdeo Nagar,,,84.7089663623,26.3019109091
,DVGM,DEVGAM,,,71.59185599999999,23.938342
,SNBR,SONUABARY,,,92.310137,26.172784
,HRSN,HARISINGA,,,91.985001,26.72438
,SPGN,SRIPURIA GAON,,,95.3515292572,27.4659128037
,TNJR,TAJ NAGAR,,,76.82424935060001,28.3853476007
,LIM,SONALIUM,,,74.292427,15.309987
,PPRN,PIPRAN,,,73.928281,29.265794999999997
,GPPR,GOPALPUR,,,70.1030164429,23.083595579100002
,BMNL,BAMANWALI HALT,,,73.555273,28.361736
,UDKN,UDAYPUR KHURD,,,80.178413,28.486234
Gujarat,JUL,JHULASAN,WR,"Mehsana, Gujarat",72.471355,23.326699
,KGVE,Konagavalli Halt,,,75.496473584,14.024984822
Uttar Pradesh,DOT,Dhakia Tiwari,NER,"Dhakia Tiwari, Uttar Pradesh",79.88587199999999,28.028812000000002
,BHTH,Bhairopatti Halt,,,86.90718700000001,25.894911
,MTWN,Mitewani,,,79.712797,21.424028
Gujarat,KVNJ,Kapadvanj,WR,"Kapadvanj, Gujarat",73.078323,23.01905
,NCN,Nachinda Ph,,,87.75496600000001,21.881341
,VINA,Vina,,,72.903227,22.764138999999997
,LIJ,Lakshmiganj,,,83.788161,26.927786
,KULH,Kulha-Halt,,,80.656456,26.369411
,KTKS,Kantakosh Halt,,,87.673891665,25.333656684799998
West Bengal,STB,Shantipur,ER,"National Highway 34, West Bengal",88.435028,23.262660999999998
,NCE,Nalacheruvu East,,,78.1854899005,13.988212499000001
,DSN,Darsana,,,88.795843,23.523411
,TKMG,Tikamgarh,,,78.8406655457,24.7672962666
,NKPU,Nekpur,,,85.338857,24.995699000000002
,KGVL,Kadagaravalli,,,75.696016,12.83778
,MDPJ,Madanapur Halt,,,78.189939,19.549184
,PATR,Paramjeevar Tarajeevar,,,85.448635,26.256947
,NLNR,NULEMURU HALT,,,76.12580920779999,14.007537361799999
Uttarakhand,LKU,LAL KUAN,NER,"Lalkuan, Uttarakhand",79.517641,29.071574
,KAJG,KARANJGAON,,,74.9240362146,19.9493826187
Maharashtra,MRX,MURUD,CR,"State Highway 162, Maharashtra",76.251585,18.380482
,SKAR,SAKARIYA,,,80.90078,24.607481
,NLL,NALLI,,,77.92223899999999,9.269174
,PDGM,PUDUNAGARAM,,,76.684608,10.683752
,KLVD,KALAVAD,,,69.8083238586,21.8996981538
Haryana,JHL,JAKHAL JN,NR,"Jakhal, Haryana",75.8245009833,29.8018131127
Andhra Pradesh,MCLA,Macherla,SCR,"Macherla, Andhra Pradesh",79.4382772,16.4695102
,MEG,MELENG,,,94.305982,26.794394999999998
,WWA,VAVANIYA,,,70.61468985409999,23.0072062075
,DEIT,Dehit,,,75.85015269780001,25.300468743099998
,TMGN,Thamla Mogana,,,73.93477800000001,24.875571
,AMRI,ANAJ MANDI,,,76.605319,28.187504999999998
,BMPT,Banni Mahamman,,,84.778666,25.891285
Uttar Pradesh,TKA,TEHARKA,NCR,"National Highway 75, Uttar Pradesh",78.917318,25.300234
,CKHS,Chikhale,,,73.152541,18.97295
,DSBC,DELHI SHAHDARA BLOCK CABIN,,,77.30022000000001,28.677356999999997
,SDPN,SINDPAN,,,75.03158,24.164576
Himachal Pradesh,AHJU,AHJU,NR,"National Highway 20, Himachal Pradesh",76.690156,32.02843
,LLKN,LAL KALAN,,,76.101493,30.827548999999998
Andhra Pradesh,BOZ,BOLARUM BAZAR,SCR,"Secunderabad, Andhra Pradesh",78.5159651358,17.517847537100003
Maharashtra,SVN,SIVUNGAON,SCR,"Nanded, Maharashtra",77.54447048829999,19.1086533083
,PNSD,PANGARSHINDE HALT,,,77.24009,19.526469000000002
,RJJN,RAJAJAN HALT,,,85.6709042426,25.6149631854
,UMNF,Ambliyasan Jn,,,72.422431,23.446636
,PPTA,PATLIPUTRA,,,85.068505,25.621426
,LKBR,LAKSHMI BAI NAGAR,,,75.85816200000001,22.741887
Rajasthan,DBLA,Dabla,NWR,"National Highway 79, Rajasthan",75.9464005609,27.888685430000002
,VPDA,VIDYAPATIDHAM,,,85.80243268800001,25.602064857400002
,GTLW,GUNTAKAL WEST,,,77.3426508783,15.167523391300001
,SVDK,S M V D KATRA,,,74.935736,32.982814
,RPAN,RANGAPARA NORTH,,,92.682658,26.8215934
Kerala,VEK,VELLARAKKAD,SR,"Vellarakkad Railway Station, Kerala",75.653412,11.4723
Assam,CGON,CHAYGAON,NFR,"National Highway 37, Assam",91.3952511639,26.064069106999998
,GNAN,Gonda Jn,,,81.97761799999999,27.153922
,DIE,Demai,,,73.210181,23.159049
,PTKC,PATHANKOT CANTT,,,75.636044,32.2593
,EC31,Kharuara Halt,,,85.5436173315,25.4316280874
,PWA,Powai,,,95.646229,27.35353
Maharashtra,NAB,Nagbhir Junction,SECR,"Nagbhir, Maharashtra",79.700138,20.579811999999997
,NAK,Naksalbari,,,88.20223499999999,26.682578
,UDPR,Udaipura,,,78.65148636960001,24.775688911699998
,KNWF,Khandwa Jn,,,76.353537,21.823905999999997
,SVS,Srinivaspur,,,78.206169,13.328283
West Bengal,NMDR,Nimdanri,ER,"Madhyampur Station Rd, West Bengal",88.905624,22.608628
Uttar Pradesh,KCU,Kachhiaa,NER,"Badaun, Uttar Pradesh",78.88310899999999,27.973382
,MHPR,Mahiyarpur,,,87.613385199,25.411453041399998
,BTCN,Balaghat,,,80.1994253,21.8111685
,MHPE,Mhope,,,73.19412,18.943255
,JLRF,Jetalsar Jn,,,70.57412,21.729584
,SDPH,Sardar Patel Halt,,,85.424114,25.050378
,IMBG,Imlibigha Halt,,,85.53137103520001,25.3007943293
,XKA,Kamta,,,85.27774552000001,25.336573948
,MKZ,Mahkepar Road,,,79.67892,21.632916
Tripura,SKAP,SK Para,NFR,"National Highway 44, Tripura",91.94712,23.971989
,MMCC,MOOR MARKET,,,80.275222,13.084876000000001
,DKR,Dekpura Halt,,,85.52942276,25.2611531167
,KRHT,KHARAHAT,,,94.74965900000001,27.070551000000002
Uttar Pradesh,JDW,JARAUDA NARA,NR,"MuzaffarNagar, Uttar Pradesh",77.705438,29.42673
,MAYR,Mayar,,,75.86074699999999,29.100107
,VKM,VENKATESAPURAM,,,79.442293656,11.9307785279
,SXQ,SUAHERI,,,78.19083099999999,29.436815999999997
Tamil Nadu,PPVL,PIRAPPANVALASAI,SR,"Pirappan Valasai, Tamil Nadu",79.043777,9.299159000000001
,NARA,NARA HALT,,,76.759969657,29.390441641
Uttar Pradesh,KER,KIRIHRAPUR,NER,"Kirihrapur, Uttar Pradesh",83.73706466189999,26.045500525999998
,PLVR,PALAM VIHAR HALT,,,77.0327645691,28.515463592299998
Punjab,GGKR,GOVINDGARH KHOKHAR,NR,"Govindgarh, Punjab",75.80832813660001,29.992439273899997
Andhra Pradesh,PLVA,PALLEVADA,SCR,"Pallevada, Andhra Pradesh",81.2878959662,16.576700082699997
,NDIM,NANDAIGRAM HALT,,,88.31706186039999,23.311548007099997
Karnataka,MGD,MUGAD,SWR,"State Highway 34, Karnataka",74.915401,15.46241
West Bengal,TBAE,TRIBENI,ER,"Tribeni, West Bengal",88.398096,22.990357999999997
Tamil Nadu,URL,UNJALUR,SR,"Unjalur, Tamil Nadu",77.875839,11.127976
,BMM,BHASKARPARA,,,71.90540899999999,22.988208
,DKW,DHANAKWADA,,,71.823472,24.146307
Tamil Nadu,IVL,ILAVELANGAL,SR,"Ottanatham - Maniyachi Rd, Tamil Nadu",77.87235,8.937878
Punjab,GZS,GIANI ZAIL SINGH SANDHWAN,NR,"Distt Faridkot, Punjab",74.801905,30.613851
,SHB,Shahibag,,,72.600949,23.035546
Madhya Pradesh,BMC,Bhimalgondi,SECR,"State Highway 19, Madhya Pradesh",78.914582,21.740994
,TBR,Taiabpur,,,88.154497,26.392839
,BSWD,BHEMSWADI,,,71.357286,21.485727
,TKTB,THAKURBARI,,,92.699488,26.797642000000003
Uttar Pradesh,RMC,Ram Chaura Road,NR,"National Highway 24B, Uttar Pradesh",81.686954,25.609488
,GHLU,Ghallu,,,74.1078213831,30.2566065213
Rajasthan,BMN,BHIMANA,NWR,"Abu Road, Rajasthan",72.886302,24.595571
,PRDH,PIR DULHE SHAH HALT,,,73.155686,25.873873
Himachal Pradesh,KEJ,Kathleeghat,NR,"Shoghi, Himachal Pradesh",77.103224,31.021478000000002
,MRDG,Maradanga,,,89.55668499999999,26.301078
,MRDA,Maroda,,,79.660732,20.095174
,LUA,Laluri Khera,,,79.74624299999999,28.607969
,KEMP,Kempalsad,,,79.263378,21.087653
,SGUD,Siliguri,,,88.414033,26.723574
,CHNH,Channi Halt,,,73.01665499389999,27.890151968
,KTGO,Kotgaon,,,79.674577,20.625413
,PAAL,Pala,,,78.0183333807,21.3760800242
,SXV,Suku,,,82.726431,18.715021
,NARD,Naika Road,,,85.2923767371,25.4485799037
,RAKD,Radha Kund,,,77.523598,27.537943
,BHMA,Baghmara Halt,,,87.6174634106,25.365523628400002
,ZPR,Zorawar Pura Halt,,,73.44881699999999,29.762905
Madhya Pradesh,OM,Omkareshwar Road,WR,"SH 27, Madhya Pradesh",76.04654,22.215082
,AGTR,Agauthar Halt,,,84.8437572205,26.008145546599998
,NES,Natesar,,,85.2718057104,24.963884576399998
,KNLE,Kanale,,,74.9593667969,14.2250994053
Maharashtra,BRMT,Baramati,CR,"Baramati, Maharashtra",74.5781969,18.1536772
,MHKT,MOHKHUTI,,,94.80821,27.106537
,GNGR,GUNGRANA,,,75.82596,30.714577
,MCO,MOTIHARI COURT,,,84.90543100000001,26.62564
,MXM,MINATCHIPURAM,,,76.87534699999999,10.629748000000001
,OPN,ONNUPURAM HALT,,,79.17972008790001,12.711563669599999
,GDH,Gidnahali,,,77.82513399999999,13.406514
,KUKA,Khui Khera,,,74.0778039648,30.305205841499998
,BNJN,BINJANA,,,75.98680179930001,22.9311978995
,GDW,Gadhwala,,,73.454923,27.970288
,MCL,MADIMANGALAM,,,79.1862,12.598975000000001
,BUGN,BHURJIHA BARAGN,,,80.726312,27.638101
,LKJN,LINK JN. CABIN,,,81.841869,25.356832
,JHH,JHALRA HALT,,,78.17640399999999,29.420302
,KTES,KATNI SOUTH,,,80.401113,23.824725
,KGH,Kotegangur,,,75.5206561768,13.9821624414
,CLKN,CHUCHELA KALAN,,,78.272803,29.014595999999997
Karnataka,GDI,GUDGERI,SWR,"Gudgeri, Karnataka",75.3596044824,15.1249217339
,DLPR,DAYALPUR,,,81.8894849231,25.6322106511
,CKRD,CHAKMAKRAND,,,85.2740297845,25.6975316046
,BHCH,BLOCK CABIN CHAKKI BANK,,,75.651062146,32.2419748422
West Bengal,KNSN,KARNA SUBARNA,ER,"Khagraghat - Chowrigacha, West Bengal",88.176458,24.035537
,APCH,ALIPURDUAR COLLEGE,,,89.5274862292,26.5016791611
,CRZ,CARANZOL,,,74.3061977655,15.3607491302
Rajasthan,KNSR,KANASAR,NWR,"Lalgarh, Rajasthan",73.324726,28.145913
,HSDA,Hansdiha,,,87.0849798193,24.6141943022
,GUSB,GHUMASAN BG,,,72.449413,23.378259
,MXZ,Mohdara Halt,,,79.34702300000001,20.960497
,OHAN,OHANCABIN,,,81.017247,25.102455000000003
,BIE,BHISTENHATTI,,,74.705805,15.41363
Tamil Nadu,AWT,Alwar Tirunagri,SR,"Thoothukudi, Tamil Nadu",77.941809,8.602296
,MUDI,Mududi,,,76.2332042139,13.151294369
,BUGY,Bugia Halt,,,73.608155,29.38048
Uttar Pradesh,IGTA,Ingohta,NCR,"National Highway 86, Uttar Pradesh",80.126678,25.758384
,GNGT,Gangatolia,,,79.986339,22.392169
,DHOA,Dhaulpur,,,77.905659,26.697202
,SHER,Sher,,,84.628290531,26.3516649204
,BICI,Barkichampi,,,84.709751,23.483611
,JBPN,Jabalpur Jn (Ng),,,79.950772,23.164248
,SLQ,Salona Assam,,,92.961877,26.448981
Maharashtra,DGT,Dhulghat,SCR,"Amlakhurd, Maharashtra",76.74963299999999,21.296281999999998
,DGY,Dighori Buzurg,,,79.230454,21.107513
,PH,Panoh,,,76.19991700000001,31.551327999999998
,MCY,Machriawan,,,85.29441999630001,25.4624795686
,KIK,Karaikal,,,79.839712,10.925606
,KIF,Kuri,,,76.8173945569,9.035098526
Orissa,PSJ,Patasahi,SER,"National Highway 23, Orissa",84.923705,22.020127
,JLT,Jhamat Halt,,,83.340382,27.200025999999998
Andhra Pradesh,CKN,CHINTA KANI,SCR,"Chinta Kani Station, Andhra Pradesh",80.201337,17.126458999999997
Jharkhand,CBSA,Chaibasa,SER,"National Highway 75, Jharkhand",85.812342,22.560494000000002
,KKR,KHAKHRALA ROAD,,,70.722232,22.897133
,SPPA,SHERPUR DHIPURA,,,85.8481621063,25.5999397486
,DNWF,Dangarwa,,,72.441313,23.401545
,PSS,PADSALI,,,75.38808359379999,18.0060618945
West Bengal,CHRA,CHHARRA,SER,"Purulia, West Bengal",86.42299399999999,23.375747
Maharashtra,PKNS,POKHARNI NARASIMHA,SCR,"Pokharni Nrsnha, Maharashtra",76.7316388525,19.118747261
,BHAS,BHOJRAS,,,74.63427990000001,25.7882166
Maharashtra,HNL,HINGOLI DECCAN,SCR,"Hingoli, Maharashtra",77.146758,19.726357
,ALAL,ALAL,,,75.72420699999999,30.378176
,KARR,KHARAR,,,76.6360518042,30.7263803992
,BHAL,BHATIEL,,,72.834624,22.477066
,AGM,AGARAM SIBBANDI,,,79.11334699999999,12.414388
,ASAR,ASRA HALT,,,77.29144328,29.249760774200002
Himachal Pradesh,CTZ,CHAUNTRA BHATERH,NR,"Chauntra Bhater, Himachal Pradesh",76.74671000000001,32.005534999999995
,MUY,MUGAIYUR,,,79.30532600000001,11.976522
Kerala,PAY,PAYYANUR,SR,"Kannur District, Kerala",75.195107,12.092248
Madhya Pradesh,KRLR,KARAILA ROAD JN,ECR,"Main Road Singrauli-Jayant, Madhya Pradesh",82.719311,24.261080999999997
Maharashtra,DAV,DEVALGAON AVCHAR,SCR,"Parbhani, Maharashtra",76.60520100000001,19.322430999999998
,NMY,NOONMATI,,,91.806851,26.180382
,VNEC,Vijayawada North East,,,80.630413,16.532028
Assam,CKW,CHALKHOA,NFR,"Dibrugarh, Assam",94.9592046722,27.4656628037
,MNDV,MANDAWARIYA,,,74.890472,26.621071999999998
,JLG,JULGAON DECCAN,,,77.790475,19.384261
,TKPY,TURAKAPALLI,,,77.6285053778,15.0927135285
,DAH,DEHARE,,,74.6741555884,19.2418554705
,ULG,UDALGURI,,,92.094329,26.744291
,NMM,NEW MISAMARI,,,92.57545400000001,26.810166
,MSMI,MISAMARI,,,92.595773,26.811265
Maharashtra,AMBR,Ambika Rohina,SCR,"Ambika Devi Rd, Maharashtra",76.9437206531,18.442254377900003
Uttar Pradesh,ORC,ORCHHA,NCR,"National Highway 75, Uttar Pradesh",78.644228,25.401119
,NTVT,NETHRAVATHI,,,74.856475,12.844375000000001
,HNEO,Hathbandh,,,81.8457729333,21.6319185846
Rajasthan,BSSL,Basi Beriasal,WCR,"Bassi, Rajasthan",74.764318,25.024084
,CIP,Chichpalli,,,79.443249,19.966168
West Bengal,SNTD,Santaldih,SER,"Purulia, West Bengal",86.48312299999999,23.596660999999997
,SNTN,Santinagar Halt,,,88.6377553125,23.292974228200002
Rajasthan,SNTH,Sonthaliya,NWR,"National Highway 11, Rajasthan",75.531666,27.400358
,DPNR,Deepnagar Halt,,,85.48327400000001,25.140667
,GKV,Gottihalli Halt,,,78.155685,13.260622
Jharkhand,JAMA,Jama,ER,"Jama, Jharkhand",87.14492,24.345509
,HIVR,Hiwarkheda,,,78.112944,21.431848000000002
,PETA,Pandetola,,,87.0603205811,24.7415365882
Uttar Pradesh,BWP,Bhawanipur Kalan,NER,"Bhawanipur Kalan, Uttar Pradesh",82.161102,27.415623
,LSE,Laseri,,,75.47962399999999,28.713124
Gujarat,KKV,Kunkavav Junction,WR,"SH 104, Gujarat",70.975052,21.653448
West Bengal,LOK,Loknath,ER,"Loknath Railway Station, West Bengal",88.03392099999999,22.871717999999998
Bihar,CKH,Chakand,ECR,"Chakand, Bihar",84.9954942,24.8901416
Uttarakhand,CKK,Chakarpur,NER,"National Highway 125, Uttarakhand",80.002313,28.951978
Assam,DCA,DAMCHARA,NFR,"Diakkawn Rd, Assam",92.749675,25.012661
,MOX,MORAN,,,94.88840400000001,27.147109999999998
Himachal Pradesh,BRMR,BHARMAR,NR,"State Highway 22, Himachal Pradesh",75.954299,32.167399
Andhra Pradesh,CVV,CHERUVU MADHAVARAM,SCR,"Cheruvu Madhavaram Station, Andhra Pradesh",80.518783,16.746018
Karnataka,WDL,WANDAL,SWR,"Dam Inspection Rd, Karnataka",75.86371000000001,16.416601
,WDN,VADGAON NILA,,,76.643889,18.929059
Madhya Pradesh,MOJ,MOHANA,WCR,"Mohana, Madhya Pradesh",77.83395499999999,25.980207999999998
Maharashtra,KMV,KARMAD,SCR,"Aurangabad, Maharashtra",75.5378981451,19.872663603099998
Rajasthan,DRS,DHARESHWAR,NWR,"Sojat Road, Rajasthan",73.667743,25.777583999999997
,KNJJ,KANNJARA HALT,,,77.2102291101,19.6039649812
,BAGD,BAGWADA,,,72.916866,20.43948
,MRYA,MERIYANA,,,71.415981,21.201567
Rajasthan,RDRA,RAMDEVRA,NWR,"Ramdevra, Rajasthan",71.929837,27.006279
Rajasthan,SGNR,SHRI GANGANAGAR,NWR,"Sri Ganganagar, Rajasthan",73.87141700000001,29.931792
,GKPE,GORAKHPUR EAST,,,83.387390437,26.7587697881
,KPCM,KUWARCHINTAWA,,,84.942114,26.51743
Gujarat,SAPR,SARANGPUR ROAD,WR,"State Highway 38, Gujarat",71.748617,22.236682000000002
West Bengal,GPAE,GUPTIPARA,ER,"Guptipara Railway Station, West Bengal",88.4178,23.197355
Uttar Pradesh,WDM,WYNDHAMGANJ,ECR,"Sonebhadra, Uttar Pradesh",83.401605,24.264112
Tamil Nadu,KMD,KODUMUDI,SR,"Kodumudi, Tamil Nadu",77.885771,11.076073000000001
Madhya Pradesh,BUU,BHADANPUR,WCR,"National Highway 7, Madhya Pradesh",80.679777,24.16808
,ETB,ITARSI B CABIN,,,77.709215,22.591346
Tamil Nadu,CVP,KOVILPATTI,SR,"Kovilpatti, Tamil Nadu",77.872848,9.182578
Madhya Pradesh,PAL,PALASNER,WCR,"Harda, Madhya Pradesh",77.050174,22.304246
Rajasthan,RNIS,Ranolishishu,NWR,"National Highway 11, Rajasthan",75.301025,27.517012
Karnataka,GBB,GUBBI,SWR,"Gubbi, Karnataka",76.939264,13.321429
Goa,PERN,PERNEM,KR,"North Goa, Goa",73.81653700000001,15.707894
Rajasthan,NAWN,NAWAN,NWR,"State Highway 7, Rajasthan",74.353285,29.653071999999998
,AEX,Adderi,,,75.157978,14.141045
,JNDO,Jehanabad Court,,,84.98423622680001,25.2012234752
Andhra Pradesh,MCLE,MANCHILI,SCR,"Coastal Andhra Region, Andhra Pradesh",81.613684,16.662928
Karnataka,AEK,Anekal Road,SWR,"Karnataka, Karnataka",77.71072699999999,12.723885
Andhra Pradesh,DCU,Damalcheruvu,SCR,"National Highway 18, Andhra Pradesh",79.05643400000001,13.478885
,GBE,Gayabari,,,88.260998,26.860039999999998
,GKPI,Gate Karepalli,,,80.25510299999999,17.500295
,KNJI,Karanjali,,,88.245999,22.0353
Rajasthan,BAGA,Bhagega,NWR,"State Highway 37B, Rajasthan",75.72088996,27.677209949999998
,BAGJ,Barharagani,,,83.9195740283,26.921354215
,SLPR,Silpaprabesh,,,88.10654500000001,22.058566000000003
,PLNI,Palani,,,77.52118300000001,10.458722
Chandigarh,CNDM,Chandi Mandir,NR,"Panchkula, Chandigarh",76.88683900000001,30.727071000000002
,CNDB,Chandur Bazar,,,77.741807,21.219451
,MMVR,Murga Mahadev Road,,,85.46586180999999,22.06048608
,HSJ,HUSSAIN SAGAR J,,,78.461904,17.426453000000002
,SRBG,Sarobag,,,86.4760352539,25.272851221
,NWBV,NWBV,,,80.62039399999999,16.529876
,JSPR,JASHAPAR,,,69.87358352049999,21.837130552799998
Assam,RUP,Rupahigaon,NFR,"Nagaon, Assam",92.74226717410001,26.4125623913
,RF,RAFALESHWAR,,,70.8969253271,22.7738973454
Maharashtra,SGLA,SANGOLA,CR,"Sangole, Maharashtra",75.187581,17.435563000000002
,BSA,BHAINSA,,,77.673452,27.391523
,BNNR,BHINDAR,,,74.179638,24.528647
,KOX,KACHUJOR,,,87.4650456,23.8426777354
Andhra Pradesh,INK,INTAKANNE,SCR,"Intikanne Station, Andhra Pradesh",79.860507,17.727522
,KZJF,KAZIPET F CABIN,,,79.57727100000001,17.974824
,JDPT,Jagdishpur,,,86.9846195752,25.1482278323
,UBCN,ULHAS BRIDGE CABIN,,,73.069462,19.246247
Uttar Pradesh,RG,RAJGHAT NARORA,NR,"Babrala, Uttar Pradesh",78.353587,28.235655
,SRDH,SARSADH,,,76.731812,29.184058
,IGRL,INGORALA,,,71.6869809839,21.8234176248
Madhya Pradesh,LGCE,LAGARGAWAN,WCR,"Lagargawan, Madhya Pradesh",80.81431,24.464248
Jharkhand,JDPR,Jagdishpur,?,"Giridih, Jharkhand",86.52550400000001,24.273108999999998
,HSM,HAUSNAGAR,,,87.94988,24.646721000000003
Madhya Pradesh,VST,BIJAYSOTA,WCR,"State Highway 10, Madhya Pradesh",81.11095900000001,23.978724
,SKPA,SHRIKALYANPURA,,,76.094182,25.189878
Tamil Nadu,DYS,DALAPATHY SAMUDRAM,SR,"Dhalapathisamudram, Tamil Nadu",77.638091,8.430572
,RGNH,RAGHUNATHGARH,,,73.65157199999999,29.311679
Andhra Pradesh,KVLS,Karakavalasa,ECoR,"Coastal Andhra Region, Andhra Pradesh",82.991426,18.292228
Punjab,SULH,Sulhani,NR,"Machhi Bugra, Punjab",74.865129,30.871949
,QCAB,QCAB,,,84.88480200000001,22.229374
,AJLE,AZIMGANJ JN CABIN,,,88.257363,24.23827
,XCBN,Xcbn,,,83.16958199999999,25.303843
,TWI,Totewahi Halt,,,79.600455,20.014659
Maharashtra,INP,INDAPUR,KR,"Indapur, Maharashtra",73.24465000000001,18.297688
,INJ,INNANJE,,,74.7612195679,13.2555864292
Uttar Pradesh,BJLP,BARAI JALALPUR,NER,"Sitapur National Highway 24, Uttar Pradesh",80.800122,27.449608
,KLGD,KOLLENGODE,,,76.697715,10.626984
,DWJN,DIVA JN. CABIN,,,73.042923,19.188667
,BRWH,BAHERWA HALT,,,82.7922887817,25.251877498200002
,STKW,Sultanpur Kalia,,,76.8692637848,28.4605176414
Orissa,HCNR,Harichandanpur,ECoR,"Rd, Orissa",85.795395,21.328476000000002
,NMUE,Numaishgarh Halt,,,77.8423063,28.407739616900002
Madhya Pradesh,PTP,Patal Pani,WR,"Mhow, Madhya Pradesh",75.797002,22.514232000000003
Punjab,PTA,Patiala,NR,"Patiala, Punjab",76.4041,30.344248999999998
Madhya Pradesh,DRPH,Devri P.H.,SECR,"Kaladehi, Madhya Pradesh",79.836698,22.85663
,NLKT,Nalkata,,,91.999618396,24.0683888436
Andhra Pradesh,PCZ,Pocharam,SCR,"Khammam To Yellanddu Rd, Andhra Pradesh",80.234583,17.486717000000002
West Bengal,BSD,Basuldanga,ER,"National Highway 117, West Bengal",88.23393947000001,22.20374787
,KOM,Kodikkalpalaiym,,,79.64869900000001,10.786311
,TFGN,Tufanganj,,,89.667639,26.303308
,MWAD,Mowad,,,78.451335,21.455554
,COAC,Coac,,,82.238213,16.964553
,KPAW,Kanchrapara Workshop Gate,,,88.445352,22.935794
Assam,NLBR,Nilambazar,NFR,"NH 44, Assam",92.36512599999999,24.743292
,KADL,Kumradol,,,87.075560105,24.695170582
,SKPR,Sikarpur Halt,,,78.946006,21.984896
,MRSH,Morshi,,,77.995446,21.326057
,CHTL,Churaru Takrala,,,76.166445,31.597665
,SUNW,Surendra Nagar (W) Cabin,,,71.636363,22.734875
,SUNE,Sune,,,71.644706,22.753791000000003
,XGN,Gokulnagar,,,85.30219143549999,25.4879748709
Punjab,HSX,Hoshiarpur,NR,"Phagwara Road-Hoshiarpur, Punjab",75.9055848,31.5240737
,TSG,SITAPUR CITY (THOMASGANJ),,,80.69025900000001,27.569887
Uttarakhand,GUB,GULARBHOJ,NER,"Gular Bhoj Railway Station, Uttarakhand",79.30114461,29.11078373
,LRNC,LAKSAR NORTH CABIN,,,78.0113177722,29.7715518226
Gujarat,LDU,Lunidhar,WR,"State Highway 104, Gujarat",71.085551,21.715431000000002
Karnataka,HOH,HONAGANAHALLI,SWR,"National Highway 218, Karnataka",75.732815,16.679401000000002
,SE,SEMLA,,,70.79367,22.039641
,TELI,TELI,,,79.405133,11.933093999999999
Tamil Nadu,ILA,SILSIMAN,SR,"Silaiman Railway station, Tamil Nadu",78.2001819324,9.8674013383
,MMRB,MANMAD B CABIN,,,74.44955586180001,20.231473570600002
,NSN,NASIRPUR HALT,,,77.109242,28.604529
,REP,RESAULI,,,80.4578628,16.3096804
,COP,Kanpur M. G. Goods,,,80.34196899999999,26.45248
,PEM,Peralam Jn,,,79.656384,10.959358
Madhya Pradesh,UDR,AMDARA ROAD,WCR,"Amdara, Madhya Pradesh",80.5779045111,24.099500875799997
Assam,SFR,SAFRAI,NFR,"Suffry Station Chariali, Assam",94.942883,27.029014999999998
West Bengal,BURN,BURNPUR,SER,"CHITRA CINEMA HALL MORE, West Bengal",86.9386234,23.6719137
,KQX,KACHUJOR,,,87.46277400209999,23.841224628400003
,RWTB,ROWTA BAGAN,,,92.21490999999999,26.736799
,CAO,CHAURADANO,,,85.01767731,26.85049224
,RSNA,RASANA HALT,,,72.256353,24.224697000000003
,GRNA,GURHANWA,,,85.215756,26.74758
Uttar Pradesh,PDPR,Purandarpur,NER,"National Highway 29, Uttar Pradesh",83.34747200000001,27.209982
,HJLI,HUGRAJULI,,,92.35864099999999,26.805203
,NSO,Nashipur Road,,,88.274766,24.21105
,ULTL,Kulti Link Cabin,,,86.865534,23.734566
,PMDB,PAMIDI,,,77.5990888062,14.9811881952
,DCTL,DOMBIVLI CTL,,,73.08419099999999,19.203604
,KQZ,Kolar,,,78.13204400000001,13.124594
,SVTN,SHIVATHAN,,,74.518905,15.477666
,GMI,Gond Umri,,,80.082136,21.003133000000002
,BMGN,BAMUNI GAON,,,91.282876,26.01201
Andhra Pradesh,BQU,Bhattiprolu,SCR,"Bhattiprolu, Andhra Pradesh",80.787953,16.105632000000004
,CMGR,Chikkamanglur,,,75.7887762634,13.3038846483
,BURA,Bahuara,,,84.7834807544,25.8968700235
West Bengal,BHKA,Bahira Kalibari,ER,"Bahira Kalibari Railway Station, West Bengal",88.563588,22.685772
,GNRD,Genoli Road,,,75.152338,25.203127000000002
,BYPA,Baiyyappanahalli,,,77.651853,12.991200000000001
,VGDC,Viramgam D Cabin,,,72.042828,23.137395
,URML,Upramal,,,75.276627,25.247947
,NEYT,Ntpc Exchange Yard Talcher,,,85.20809999999999,20.919626
,JRRI,Jrri,,,83.17854700000001,25.308243
West Bengal,NCPM,Nishchindapur Market Halt,ER,"National Highway 117, West Bengal",88.21710499999999,21.987443000000003
,BRSA,Barwa Kalan,,,83.408343,27.391265999999998
,JWK,Jawaharpur Kamsan,,,78.588278,27.52481
,TMZJ,Tmzj,,,87.933497,22.246668
,HUN,Hunsenahalli,,,77.94645,13.399832
,DYW,Diyawan Halt,,,85.2839236682,25.3817289022
,GHB,Gahri Bhagi,,,74.944234,30.116782999999998
,JREA,Jhareda,,,77.032106,27.476347999999998
,JSL,JASSOWAL HALT,,,75.831803,30.799159
,KOWN,KHOWANG,,,94.895843,27.299563
,IDGH,INDARGARH,,,77.73819999999999,25.775115
,BROR,BERORE,,,73.300793,29.200034
,MWZ,MAHISHADAHARI,,,87.649654,23.916311
,CHAH,CHAILAHA HALT,,,84.89464732670001,26.6748122335
Maharashtra,LHD,LOHOGAD,SCR,"Akola, Maharashtra",77.07850599999999,20.467176
Jammu and Kashmir,GHGL,GHAGWAL,NR,"Vijaypur Jammu, Jammu and Kashmir",75.213604,32.504286
Madhya Pradesh,ADTL,ADHARTAL,WCR,"Jabalpur, Madhya Pradesh",79.972274,23.227389
,SISN,SISAUNA,,,78.28054900000001,29.216155
,JSI,JASALI,,,71.914081,24.169914000000002
,NWN,Nanwan,,,76.014318,28.371336999999997
,PRWA,PARWAKHURD HALT,,,77.764414,19.365201
,KWC,KUNDWA CHAINPUR,,,85.183119,26.771884
Bihar,KSMB,KASTLA KASMABAD,ECR,"Kastla Kasmabad, Bihar",85.79836399999999,25.114943999999998
,DKJR,DHEKIAJILI ROAD,,,92.452548,26.809213999999997
,AADR,Amb Andora,,,76.110391,31.670727
Uttar Pradesh,BHHZ,BEHTA HAZIPUR HALT,NR,"Behta Hazipur, Uttar Pradesh",77.304041,28.719730000000002
Karnataka,BYNR,MOOKAMBIKA ROAD,KR,"Baindur, Karnataka",74.63279,13.87259
Uttar Pradesh,KWH,KACHHWA ROAD,NER,"Kachhwa, Uttar Pradesh",82.706617,25.250465000000002
,IBH4,IBH4,,,82.431192,22.029943999999997
,IBH5,IBH5,,,82.620084,22.019762
,IBH6,IBH6,,,82.73791700000001,22.021243000000002
,IBH3,IBH3,,,82.892472,22.016209999999997
,BRMO,BERMO,ECR,,85.955893,23.772498
,IBH1,IBH1,,,83.625911,21.861847
,IBH2,IBH2,,,83.794136,21.87477
,IBHG,Ibhg,,,81.98842900000001,21.775184
,NGHW,Nageshwadi Halt,,,76.91610235659999,18.4615191344
,SISM,Singuli Shyam,,,75.00444200000001,25.186362
,SSGR,Sisai Gulabrai,,,83.776865,26.282385
Rajasthan,MWR,Mahansar,NWR,"Ramgarh, Rajasthan",75.031292,28.199841000000003
,MGDR,Magardharra Ph,,,80.12555929080001,21.9661929569
,FGH,Fatehgarh Haryana,,,76.243784,28.647921
,DASF,Dhasa Jn,,,71.517978,21.782515
,KAMR,Khurrampur,,,85.2213155725,25.1687228764
Uttar Pradesh,SHTS,Sambhal Hatim Sarai,NR,"Chandausi, Uttar Pradesh",78.568241,28.596912
,BECN,Bikaner East,,,73.368894,27.972495
Tamil Nadu,PKM,Periyanaikanpalayam,SR,"Periyanaickenpalayam, Tamil Nadu",76.948477,11.144776
,IBHE,Ibhe,,,81.815212,21.600830000000002
,SRJK,Suraj Kunda,,,81.20291900000001,26.142698000000003
,IBHF,Ibhf,,,81.89613299999999,21.682533000000003
,IBHC,Ibhc,,,81.741998,21.38637
,PKRH,Parsa Kerwan Halt,,,84.8273760669,26.053610138099998
,TOR,Titur,,,79.288957,21.059452
,TOI,Tamkuhi Road,,,84.228415,26.721823999999998
,BFF,Barabhati,,,80.06084100000001,20.862984
,MROA,Mora,,,77.612747,27.516762
,SGDV,Soma Guddu,,,76.633302,14.288569
Madhya Pradesh,KWB,Kaniwara,SECR,"Kanhiwada, Madhya Pradesh",79.73291400000001,22.218261000000002
,DJHR,Deojhar,,,85.47699312,22.08071726
,DEPI,Deenapatti,,,86.937159,25.89498
,IBHA,Ibha,,,81.384639,21.206629
,DKJB,Dornakal Bye Pass,,,80.157907,17.429209999999998
,JUYA,Jodhpuriya,,,74.81465299999999,25.070196
,DUE,Dhuri Jn,,,84.139379776,26.8008621515
,BKRH,Brij Kishor Halt,,,84.69461,26.31374
Assam,SMGR,Samaguri,NFR,"Samaguri, Assam",92.84983299999999,26.416262999999997
Assam,BTDR,Batadrowa Road,NFR,"Mathaouri Rd, Assam",92.538085,26.466939
Gujarat,RTJ,Rantej,WR,"State Highway 19, Gujarat",72.153828,23.471537
,NRKG,NARKATIAGANJ JN,,,84.46403500000001,27.105025
West Bengal,KGLE,KHAGRAGHAT ROAD,ER,"Khagraghat, West Bengal",88.22648099999999,24.106842
,BDK,BEDAG,,,74.756723,16.823512
,PRK,PARKHAM,,,77.711657,27.299256
,DWL,DHUWALA,,,74.5819742755,25.487150094300002
,BYO,BAYALUVADDIGERI,,,76.533248,15.230476
,RJMA,RAJOMAJRA,,,75.79810400000001,30.375339
Maharashtra,LNT,LINGTI,?,"State Highway 234, Maharashtra",78.901334,19.86677
,BYE,BANSI BOHERA,,,74.38867400000001,24.363232999999997
,PPS,PIPILIYA ROAD,,,70.67825500000001,22.930873000000002
,SQZ,VANCHANGIRI,,,79.6671534143,17.9512834252
,KLMJ,Kalhe Majra,,,76.21149321899999,30.3358409881
,KMHT,KARMAHAT,,,85.5410748871,23.712696086799998
,KLMD,Kollumangudi,,,79.65593299999999,10.980702
,BDA,VADODARA C CABIN,,,73.17783,22.318357
,GAGA,Galgalia,,,88.11348526,26.52752005
,NAKD,NAIK DIH,,,83.466008,25.847026
,KSIH,Khodseoni,,,80.1127146875,21.1558479072
,POY,POLLACHI JN,,,77.001342,10.653079
,BRIH,Bairi Halt,,,84.2113217236,25.158611596700002
,SDLK,SUNDLAK,,,76.455842,25.121481000000003
Haryana,ISM,ISMAILA HARYANA,NR,"National Highway 10, Haryana",76.74656300000001,28.796977000000002
,PPK,Pachpokharia,,,84.981145,26.894084
,KYG,KIDIYANAGA,,,70.768891,23.47934
,VBU,VEMBUR,,,78.0723825452,10.5893388627
,NNM,Nannilam,,,79.6509052,10.8837044
,KYO,KHANDIKAR,,,91.642769,26.463321
,BATM,Batala Sugar Mills,,,75.228493,31.856906
,HIS,Hisua,,,85.417826,24.859600999999998
,LLD,Lalavadi,,,78.189646,21.930346999999998
,IDS,Ishardaspur,,,81.253954,25.947848999999998
,CGE,Charghat Pipari,,,79.922584,23.037538
,DLCB,Durg Link Cabin,,,81.300896,21.197156
,SRSO,Sarsoo,,,85.35368317140001,24.9197820804
,DGPI,Durgapuri,,,76.809686,25.865541
,IDT,Sidlaghatta,,,77.86536472,13.39218973
,BYQ,Bahai,,,81.01527999999999,26.122334
,SPBG,Sipra Bridge,,,75.757499,23.173483
,BWO,Buramara,,,86.650295,22.107567000000003
,PRNT,Periyanagathunai,,,77.9110166815,12.559346408400001
,IFFC,Iffco Cabin,,,72.52010800000001,23.212087
,TKG,Thakurganj,,,88.129704,26.426933
,MTRA,Matigara,,,88.384065,26.716817
Madhya Pradesh,BRKH,Bisapur Kalan Halt,SECR,"State Highway 19, Madhya Pradesh",78.923701,21.914681
,SUPR,Surajpur,,,76.888897,30.782451000000002
,HMB,Harebetta,,,75.593582,12.794145
,SSU,Sasa Musa,,,84.357082,26.527558
,BGDI,Bagadia Ph,,,86.586249,20.279033000000002
,POT,Pothia,,,88.179429,26.310567000000002
,POU,Padrauna,,,83.982606,26.897709199999998
Rajasthan,HAN,HINDAUN CITY,WCR,"Karauli, Rajasthan",77.03168600000001,26.756164000000002
Himachal Pradesh,MGRP,MEGH RAJ PURA,NR,"State Highway 22, Himachal Pradesh",76.07141899999999,32.079397
,GPSA,Ghatparsia Halt,,,79.0528523303,22.0597389624
Madhya Pradesh,GHAI,GHATIGAON,WCR,"Ghatigaon, Madhya Pradesh",77.92678000000001,26.054864000000002
,SBIC,SABARMATI BRIDGE,,,72.58875599999999,23.067094
,DSX,DESANG,,,94.686324,27.056054999999997
,SUC,Sunak,,,73.209986,23.604089
,CKKD,CHARKHERA KHURD,,,76.642615,21.938836
Kerala,AMPA,AMBALAPUZHA,SR,"ph 0477-2272620, Kerala",76.363817,9.386059
,SBID,SABARMATI D CABIN,,,72.57027500000001,23.101488
,SUI,Sui,,,76.0614295142,28.8992313011
,MHWL,MACHROWAR,,,75.636644,31.516333
,KTLN,KHAT LABANA,,,73.8612473071,30.0390118497
Rajasthan,SUJH,Sujangarh,NWR,"Sujangarh, Rajasthan",74.463659,27.708763
,NTDM,NITYANAND DHAM,,,75.057507,23.414967
Andhra Pradesh,TEK,Tekkali Halt,ECoR,"Tekkali, Andhra Pradesh",84.231178,18.605282
,SLBS,SALSALA BARI,,,89.594991,26.486646999999998
,BTDF,BOTAD JN,,,71.6653966,22.182670599999998
,SBIS,SABARMATI SOUTH,,,72.56375499999999,23.083452
,GJT,Gannaghatta,,,78.146705,13.244119000000001
,DQV,DAULA KOT BHAI,,,74.703438,30.206149
,LHK,LAIHRA KHANA,,,75.1389845972,30.2258549701
,DNU,Dalsanur,,,78.171853,13.274642
,GKHT,GRAM KHARIKA,,,85.3879062933,25.6720446969
Andhra Pradesh,RKO,RAMAKRISHNAPURAM GATE,SCR,"Secunderabad, Andhra Pradesh",78.52847299999999,17.476299
,MWG,Mindala,,,79.71680900000001,20.515625999999997
,DSAP,DELHI SHAHDARA A PANEL,,,77.31954,28.673349
,SNCA,SONACHARA,,,91.143131,25.984617
,RKL,Ramkola,,,83.836714,26.90674
,RKK,Ratangarh Kanakwal,,,74.966758,29.922760999999998
,DLGS,Duklangia,,,94.273103,26.692531
,KTLP,Katalpur Halt,,,84.7728427332,26.229288579
,SETB,Sessa,,,94.85767,27.32406
Bihar,AUI,Aurahi,ECR,"Purnia, Bihar",87.135054,25.823021
,AUN,Aurang Nagar,,,75.974542,29.043935
,BNLS,Bangi Nihal Singh,,,74.95528499999999,30.008326
Uttar Pradesh,HAR,Hamirpur Road,NCR,"Hamirpur, Uttar Pradesh",80.190689,26.016513
,WTP,Water Pipe,,,73.290406,19.009064
,SLHI,Shilhauri Halt,,,84.8337491992,25.9530212347
West Bengal,RTG,Rangtong,NFR,"Hill Cart Rd, West Bengal",88.342388,26.836122
,BLLT,Ballupete,,,75.908903,12.969667999999999
,RTU,Ratan Sarai,,,84.573582,26.373540000000002
Haryana,SDRA,Sudharana,NWR,"Sudharana, Haryana",76.425807,28.453681
Andhra Pradesh,BVRM,Bhimavaram Junction,SCR,"Bhimavaram, Andhra Pradesh",81.538335,16.543097
Orissa,NKW,Nilakantheswar,ECoR,"Orissa, Orissa",85.798221,21.426066
Madhya Pradesh,SKY,Shikara,SECR,"Shikara - Dhooma Rd, Madhya Pradesh",79.858161,22.798847000000002
,DJB,DIJAOBRA,,,93.093936,25.5507
Karnataka,BLR,BALGANUR,SWR,"Gadag, Karnataka",75.60251865000001,15.59262851
,MSHW,MUSHARWA HALT,,,84.48696237120001,27.0516270621
,CHIT,CHITHARI HALT,,,79.89076200000001,25.228309
,BRGP,BAJRANGPURA,,,71.7400647568,22.8387443721
Madhya Pradesh,BRGT,BHERAGHAT,WCR,"Bheraghat, Madhya Pradesh",79.7978789,23.1697663
,SWU,SANAURA,,,75.64132599999999,31.579622
Madhya Pradesh,MHDA,MAHDEIYA,ECR,"Singrauli, Madhya Pradesh",82.588309,24.210039
,BRGJ,BARGAON GUJAR,,,76.3562287756,21.7849180856
,DHWS,DHOSAWAS,,,75.051031,23.383691
,VDK,VADAKANNIKAPURM,,,76.686919,10.641667
,KHNR,KACHNARA,,,75.101024,23.808778
,MMDA,MUTHALAMADA,,,76.77172300000001,10.626386
,DV,DHUVA,,,70.9335792004,22.7223787434
,FRG,Faringapete Halt,,,74.957082,12.875341
,CASA,CHHANSARA,,,71.276337,23.767566
Gujarat,SNLR,SANTALPUR,WR,"Santalpur, Gujarat",71.181545,23.759161000000002
,SIA,SHIVLANKHA,,,70.620232,23.380465
,SNMR,Soniyana Mewar,,,73.971244,25.080389
,MSHM,MAHESANA,,,72.38875601560001,23.606146717799998
Uttar Pradesh,SWW,Shahanagar Timarua,NCR,"Shahnagar, Uttar Pradesh",78.25971,27.416456999999998
,NKV,NAKARDEI,,,84.89193900000001,26.948956
,MMDL,MOHINI MANDAL(H,,,85.389062,26.678676999999997
,GVR,GORESUAR,,,91.72046680000001,26.526055630000002
,SRRB,SHORANUR B CABIN,,,76.271,10.759868
,KBY,KHOIRABARI,,,91.840413,26.626143000000003
,PCAB,PCAB,,,84.912165,22.237662
,TNL,TANGLA,,,91.912274,26.658355
,SWT,Shivwala Tehu,,,78.224585,27.382935
,NGPB,Nagpur (Se),,,79.088256,21.145332
,PLHL,PALLAHALLI HALT,,,76.6601677197,12.4115632692
,NJPS,New Jalpaiguri,,,88.442721,26.682355
,BARS,Barsana,,,77.15025299999999,27.443262999999998
Madhya Pradesh,LKMN,Lokmanya Nagar,WR,"Indore, Madhya Pradesh",75.847166,22.691279
,MSHF,Mahesana,,,72.38937,23.603326
,TVTN,Thambawati Nagri,,,74.68691899999999,24.958315
,SPYA,Sipaya,,,84.326498,26.564981
,JUBS,Jubbasahani,,,85.369793,26.17489
,LSGS,Lavan Satyagraha Smarak P.H,,,87.850571,22.096296
,HPLB,Hatpuraini,,,86.9845895752,25.1553455368
West Bengal,CHT,Champahati,ER,"Baruipur-Champahati Rd, West Bengal",88.493624,22.402193
,MMDP,Mohamadpur,,,85.41562499999999,24.877385999999998
,NEHL,Nethranahalli H,,,76.71037,14.674986
,KBS,Kusmuda Block Station,,,82.680149,22.342991
,SVGL,Shrivagilu,,,75.584174,12.755498000000001
,GVP,Gate Vanampalli,,,77.892616,17.448472
,GOX,GOBINDPUR DUGLI,,,83.791513,26.085299
Madhya Pradesh,KAKN,Kaimarkalan,NCR,"Kaimarkalan, Madhya Pradesh",77.22272699999999,26.176561
,BLV,Bhelwa,,,84.77836099999999,26.994131
,BLF,Balajan,,,89.887371,26.09571
,APRD,Ashapurna Devi,,,87.638201,21.727401
,KNVH,Kanivehalli,,,75.8986612061,13.327121199099999
,SEPN,SEPON,,,94.85643400000001,27.117144
Madhya Pradesh,HBG,HOWBAGH JABALPUR,WCR,"Jabalpur, Madhya Pradesh",79.932199,23.156295999999998
,BHBT,BLOCK HUT BASANTPUR,,,75.059067,32.559965
,JMBL,JAMBHALI HALT,,,77.59293500000001,19.167016
,TNNH,TAPASWINARAYAN NAGAR HALT,,,85.445955,26.631615
,STDB,SITAFALMANDI B,,,78.52024899999999,17.428299000000003
,AYD,AYANDUR,,,79.34081,11.966731999999999
Madhya Pradesh,AJKI,AJITKHERI,WR,"Devas, Madhya Pradesh",76.045323,23.040004
,MSDG,MASOBA DONGARGAON,,,75.136269,17.265553999999998
,HXR,HANSAPORE,,,72.925984,20.906867
,MDUN,Madhura Nagar,,,80.6476081836,16.5253522399
,DDS,DUDH SAGAR,,,74.306568,15.31821
,KFN,KANOR,,,74.266275,24.459564
Tamil Nadu,CQS,CAPPER QUARRY,SR,"Cuddalore Township, Tamil Nadu",79.75366600000001,11.694558
Tamil Nadu,AYN,AIYANAPURAM,SR,"Chinnakankeyampatti, Tamil Nadu",78.929033,10.788547000000001
Rajasthan,FTH,FATUHI,NR,"National Highway 15, Rajasthan",73.871319,30.056984
,BDUA,BASUDEOPUR CHANDAIL HALT,,,85.5426915326,25.6487380699
,KLVR,Kolvihir,,,77.854259,21.26585
,HBQ,HUBLI EAST CAB,,,75.155355,15.348063
,MITA,MITHA,,,71.672422,24.082494
,BNWS,BHANWASA,,,75.2170497089,26.8333020399
,BUBR,BHUTAKIA BHIMSA,,,70.908462,23.533540000000002
Rajasthan,GEK,GEGAL AKHRI,NWR,"Kishangarh, Rajasthan",74.775574,26.540366000000002
Uttar Pradesh,SLWR,SILAWAR,NR,"State Highway 57, Uttar Pradesh",77.345001,29.505405
,LJKR,LAJKURA CABIN,,,83.888267,21.809025000000002
West Bengal,MDN,MIDNAPORE,SER,"Medinipur, West Bengal",87.307379,22.42498
West Bengal,MYX,METYAL SOHAR,SER,"West Bengal, West Bengal",86.748784,23.482582
,JGF,JOGIDIH,,,83.052288244,24.2769136737
Madhya Pradesh,PWK,PIPARIYA KALAN,WCR,"State Highway 11, Madhya Pradesh",80.73642199999999,23.859295
Himachal Pradesh,KMTI,Kumarhatti,NR,"Kumarhatti, Himachal Pradesh",77.05598099999999,30.889186
Delhi NCT,KRTN,KIRTI NAGAR,NR,"Kirti Nagar, Delhi NCT",77.145074025,28.6469294838
,TCH,Tiruchchuli,,,78.19753187,9.537360695
,ADRE,ADRA EAST CABIN,,,86.69287100000001,23.492772000000002
,KLSP,Kushal Pura,,,75.764732,28.484266
,TERH,Terha Halt,,,84.8493670618,25.995645525199997
Uttar Pradesh,LVR,Lokvidyapith Nagar,NER,"National Highway 29, Uttar Pradesh",83.306841,27.154414
,LVK,Lakkavarapukota,,,83.14744900000001,18.018465
,JGP,Jalalpur,,,84.311942,26.586308000000002
,BNWD,Bhandewadi Halt,,,79.159229,21.141189
,HEN,Heria Ph,,,87.79556600000001,21.974916
Madhya Pradesh,KDHI,Kaladehi,SECR,"National Highway 7, Madhya Pradesh",79.83489,22.879170000000002
,ICBN,Icbn,,,83.156976,25.296734999999998
,JBCN,Joda Block Cabin,,,85.43383,22.024168000000003
,PPTN,Piprithan,,,88.124798,26.484618
,SKLI,Sukli,,,79.683653,21.677859
,ANGM,Aungari Dham,,,85.2261571069,25.1913324416
West Bengal,KATI,Kanthi P Halt,?,"Kanthi, West Bengal",87.734128,21.788742999999997
Tamil Nadu,NTS,Nattrasankottai,SR,"Madurai - Thondi Rd, Tamil Nadu",78.54142999999999,9.880423
,KDHN,Kandharan Halt,,,75.45245,28.594924
,BWBN,Bewar Bhojan,,,75.5683413623,28.5476822027
,GNDM,Gunrajpur Dhama,,,84.8211345959,26.069449321900002
,KBKN,Khabra Kalan,,,75.412296,29.322476
,KRKM,Khara-Kameri,,,73.929025,25.427702
,JES,Jaitsar,,,73.65228900000001,29.342839
,GGG,Gangagarh Halt,,,78.739109,27.850344000000003
,MDLM,MUNDALARAM,,,75.102087,23.687953
Uttar Pradesh,KTDD,KATAIYA DANDI,NCR,"Kataiya, Uttar Pradesh",81.3984808771,25.149062471199997
,KNRI,KUNURI,,,87.6115177704,23.9163057543
,KHW,KHERODA,,,74.06853600000001,24.570580999999997
Rajasthan,AJIT,AJIT,NWR,"State Highway 68, Rajasthan",72.67795462,25.860076969999998
,BKAC,BARKAKANA AVOIDING CABIN,,,85.46359199999999,23.640520000000002
Himachal Pradesh,CMMG,CHAMUNDA MARG,NR,"Chamunda Marg, Himachal Pradesh",76.421027,32.110941000000004
,X108,Aman Lodge,,,73.27608000000001,18.997761
Himachal Pradesh,BLDL,BALLE-DA-PIR-LA,NR,"Balle da pir larath, Himachal Pradesh",75.932732,32.215731
West Bengal,GURN,Gurudas Nagar,ER,"Diamond Harbour Rd, West Bengal",88.214928,22.199323
Gujarat,SOA,SANOSRA,WR,"State Highway 25, Gujarat",71.7894786566,21.748110299
,BGRR,BAGARPUR HALT,,,78.278043,29.079065999999997
Punjab,FZR,FIROZPUR CANT,NR,"Firozpur, Punjab",74.61843900000001,30.942486
,LMGF,LUMDING JN,,,93.17674000000001,25.750176
,MDJN,Madar Jn,,,74.686507,26.464294
,TZH,TAKAZHI,,,76.408316,9.3702
Maharashtra,BVI,BORIVALI,WR,"Mumbai, Maharashtra",72.85641199999999,19.228739
,PNTR,PENNATHUR HALT,,,79.1235368176,12.849960168399999
,GM,GARMADI,,,71.13394,23.72788
Tamil Nadu,MBU,MELPATTAM BAKKAM,SR,"Pattampakkam, Tamil Nadu",79.622949,11.784898
,BANR,Bhaner,,,72.9756196179,22.879185725
Tamil Nadu,CUD,TIRUPPAPPULIYUR,SR,"Cuddalore, Tamil Nadu",79.753441,11.748845000000001
,KWBR,KATWAR BAZAAR,,,82.448864,25.562644
,NXH,NIDAGHATTA,,,77.0880662097,12.6253503
West Bengal,LCAE,LALBAGH COURT ROAD,ER,"Lalbagh Court Road, West Bengal",88.246307,24.173693
,DKGN,DEKARGAON,,,92.763075,26.681165999999997
,KBGB,Komagata Maru Budge Budge,,,88.19442228000001,22.49283248
Karnataka,BTJL,BHATKAL,KR,"Bhatkal, Karnataka",74.5655589,13.98866
West Bengal,BGRA,BAGHNAPARA,ER,"Kalna-Memari Rd, West Bengal",88.329724,23.242082
,MGTD,MEGHPUR TITODI,,,69.451972,22.138132
,LMGS,LUMDING SOUTH,,,93.163576,25.757118
,DMWP,Dmw Patiala Halt,,,76.42154342159999,30.361156358899997
,CSY,COSSYE,,,87.2896485193,22.4068330073
Uttar Pradesh,DDNA,Dudhaunda,NER,"Aunrihar, Uttar Pradesh",83.084478,25.573305
,MNGR,Mohan Nagar,,,73.523178,29.45876
,DALF,DALI GANJ,,,80.927742,26.875644
,KMPS,Kumara Patnam Bg Sdg,,,75.780127,14.527464
,MABG,MATANA BUZURG,,,75.8671171741,23.1138506265
Madhya Pradesh,IKD,Ikdori,NCR,"State Highway 2, Madhya Pradesh",76.940934,26.037543
Madhya Pradesh,BLDK,Balauda Takun,WR,"State Highway 27, Madhya Pradesh",75.755456,22.877384
,KRMP,Kumaripur Halt,,,87.6057220984,25.4375440848
,GSRM,Gauri Sriram,,,84.1867607922,26.7699800293
,BBRA,Bbra,,,81.53283,16.549141
,JNRD,Junagarh Road,,,82.946083,19.874057
West Bengal,KSBP,Keshabpur,SER,"Haldia Mechada via Tamluk, West Bengal",87.948672,22.221674
,BVZ,Naloi Barwa,,,75.62385717000001,28.96314483
,JNRI,Jalandari,,,75.342247,25.286385000000003
,TDPM,Todikkapulam Halt,SR,,76.268569,11.153243999999999
,KHR,Khairee Halt,,,79.860374,22.343556
Assam,LLBR,Lalabazar,?,"Kalachera Rd, Assam",92.610161,24.561850000000003
Andhra Pradesh,SSPD,Sadashivapet Road,SCR,"Sadashivapet, Andhra Pradesh",77.8728203638,17.4835646427
,CWDA,Chuhriwala Dhanna,,,74.13556886469999,30.212074913600002
,PADL,Padil,,,74.894329,12.874231
,JMKL,JAMUNIA KALAN,,,74.8886623096,24.413060577899998
,PJPI,PRAJAPATI HALT,,,84.50216300000001,26.815895
,KGIH,KALGURKI HALT,,,75.775752,16.585003999999998
,BDVR,Bodavara,,,83.112494,18.175095
,BEHT,BIHAT HALT,,,86.0334555469,25.4497699558
,KNKP,KONDIKOPPA,,,75.469303,15.431087999999999
,MRPM,MATHURAPUR MOR HALT,,,78.4222417542,29.6609552552
,CCBG,Chicholi Buzurg,,,79.912753,20.613113
,SHHT,SINGHAUL HALT,,,86.0966802881,25.4350086438
,SDPT,SEDARAMPATTU,,,79.202726,12.672036
,ADX,ADAPUR,,,84.941759,26.924721
,BKTB,BINDUKURI,,,92.734685,26.709021999999997
,KDBR,KHADKI BAZAR,,,77.832038,19.406761
,DHWN,Dhaniyawan,,,85.2874685571,25.421986000100002
,STNR,Sitalnagar,,,74.245042,28.04419
,GMK,GULMA KHOLA,,,88.43738,26.83822
,NTWL,Netawal,,,74.45849,24.861017
,NKBR,Narkatia Bazar,,,84.38246,26.488339
,BRL,BARWALA ROAD,,,70.714894,22.902131
,NPTY,NIMPURA THROUGH YARD,,,87.26505300000001,22.325255000000002
,GMX,GURMURA,,,83.0477742334,24.3548979309
,THSA,THANISANDRA,,,77.6355093567,13.0578558367
,GOG,GHORGHAT,,,86.58456,25.27073
,KNKD,Kankanadi,,,74.88113670000001,12.866703
Nagaland,RXR,RANGAPAHAR,NFR,"Bridge, Nagaland",93.707766,25.854971000000003
,OBAC,OBRA-A-CABIN,,,82.988313,24.446331
Gujarat,RDHP,RADHANPUR,WR,"Patan, Gujarat",71.58559399999999,23.84693
,STNC,Sitarampur Link Cabin,,,86.885648,23.745854
,MSBR,MUSAHIBPUR,,,75.60945677000001,31.9834478985
,BSPD,BIASPIND,,,75.632658,31.459179
,CHAF,Chaf Halt,,,84.0939686646,26.8285100187
,DBK,Darbari,,,73.10053242309999,27.9655265319
,IBHH,Ibhh,,,82.057491,21.846442
,JDNM,JAGUDAN,,,72.401679,23.521871
,IBHD,Ibhd,,,81.763465,21.443752
West Bengal,DBT,Dakshin Barasat,ER,"Barasat, West Bengal",88.45228599999999,22.226102
,JULF,Jhulasan,,,72.471105,23.326449
,BWIP,Bhawanipatna,,,83.15839799999999,19.93393
,KJR,Kalajhari,,,85.838015,20.369711
,JDNF,Jagudan,,,72.401879,23.522071
,BEHJ,Behj,,,77.396587,27.481951
,GRCP,G. Ramchandrapur,,,83.33018200000001,19.990686
,GLKN,Gugalwa Kirtan,,,75.576076,28.545807
,KCLA,Kenchanalu Halt,,,75.28544676759999,14.017783668700002
,TNPR,Tejnarayanpur,,,87.71098052250001,25.339562331299998
Gujarat,TORA,Torniya,WR,"Torniya, Gujarat",70.497006,21.450802
Maharashtra,BRVR,Borvihir,CR,"Dhule, Maharashtra",74.8417412,20.7843263
Madhya Pradesh,TPNI,Tuiya Pani,SECR,"Pindrai, Madhya Pradesh",80.010141,22.560295999999997
,VRK,Virkudi,,,79.648304,10.817963
,BHRH,Bhuyar Halt,,,79.579542,20.712948
,MTBG,Matia Barghat Halt,,,83.75710400000001,26.941536
,SMPC,Shambhupura C Cabin,,,74.63844900000001,24.792781
Andhra Pradesh,GHPU,Gandhipuram Halt,SCR,"Gandhi Nagar, Andhra Pradesh",80.31352000000001,17.495052
,STLB,Sitalpur Bengal,,,87.672822,21.774098
West Bengal,HPL,Haripal,ER,"State Highway 2, West Bengal",88.11853982,22.8311582
,WLGN,Walgaon,,,77.71074,21.020729000000003
,ADQ,Adhikari,,,88.16988226000001,26.57689211
,DKCH,DAKACHA,,,75.951951,22.859111000000002
,KNB,KANIYAMBADI,,,79.12441763240001,12.809316794699999
,NGON,NAUGAON,,,78.12035800000001,26.130622
,VLCA,VELLALCHERUVU H,,,79.891216,16.132576
Maharashtra,SEI,SHENDRI,CR,"State Highway 77, Maharashtra",75.552627,18.130093
,KHDH,Karahdih Halt,,,85.432679,25.068848
,GRMT,GUR MARKET,,,74.264117,16.701278000000002
,MTDI,MALTEKDI,,,77.33435399999999,19.1674
Madhya Pradesh,GPC,GHATPINDRAI,WCR,"Ghatpindra, Madhya Pradesh",79.26630999999999,22.952676
Uttar Pradesh,VPO,BHUPIA MAU,NR,"Dandupur, Uttar Pradesh",81.970286,25.875223000000002
,BNOD,Benoda,,,78.180007,21.449662999999997
Assam,LXA,LAKSWA,NFR,"Kukurachowa Gaon Rd, Assam",94.8439823962,27.004637018300002
,VPY,VYASARPADI,,,80.256817,13.108535
,SMRL,SAMRALA,,,76.18245499999999,30.824281
,ITMA,ITARSI MARSHALING YARD,,,77.75944219360001,22.6063459486
,CHUA,Chourai,,,79.246686,22.057632
,SCV,Sukhchain,,,74.99009799999999,29.767847
,KUCH,KUCHAVARAM HALT,,,78.4572240295,17.732096310200003
,JUNX,JUNONA HALT,,,77.1618431097,19.476361933099998
,PBQ,Pathardih Bazar,,,86.431257,23.682542
Maharashtra,KLV,KELVA ROAD,WR,"Thane, Maharashtra",72.79082100000001,19.624601000000002
Madhya Pradesh,KNC,KANCHANPUR ROAD,WCR,"Jabalpur, Madhya Pradesh",81.660307,24.065548000000003
,LCNC,LUCKNOW CITY,,,80.91798399999999,26.859254
,CLDB,CHANDLODIYA (B),,,72.543267,23.094443000000002
,JRWN,Jirwan,,,76.501037,21.681178
,GNST,GANDHI SMRITI,,,72.921021,20.920848
,KHDB,KHODIYAR,,,72.54803399999999,23.156344
,WAT,WALTAIR,,,83.29008089999999,17.7223773
,AMGA,AMJONGA,,,90.8529670435,25.9816211386
,JITE,JITE,,,73.119827,18.842284
,PUWA,Pauwara Halt,,,81.332987,21.098924
,TPV,Tinpheria,,,84.292251,26.618891
,MADP,MADHAPUR ROAD,,,69.716415,23.242661000000002
,EC28,PURA HALT,,,85.23955500000001,24.815024
Madhya Pradesh,HRG,Hirdagarh,CR,"Dongar Parasia, Madhya Pradesh",78.517436,22.142795
,MADM,Matradham Halt,,,79.45140099999999,22.048253
Madhya Pradesh,SASR,Sausar,SECR,"Sausar, Madhya Pradesh",78.80252499999999,21.658885
,KUCE,Kuchai,,,86.695652,22.013657
West Bengal,GOF,Ghutiari Sharif,ER,"Ghutiari Shariff, West Bengal",88.552115,22.367665
,BJMA,Burj Mohar,,,74.2058883679,30.185034097
,BTSI,Batasi,,,88.175047,26.606703
,KNU,Kanjh,,,72.1484284265,23.2982849059
,UJJN,Ujjain Jn,,,75.781443,23.178193999999998
,NRF,Neralakatte Halt,,,75.125978,12.816740000000001
,SWMD,Sawai Madhopur D,,,76.362376,26.023661999999998
,BELT,Bela Halt,,,86.99825916260001,25.0382570525
,GZA,Gurujalas,,,79.639066,16.548406999999997
,BRRI,Birari,,,78.50699749019999,24.7313106127
,BRRZ,Barara Buzurg,,,81.08413800000001,26.052652
,BPGR,Benipurgram Halt,,,85.481349,26.317241
,SHWL,SAHUWALA,,,73.812967,29.355217
,PRSN,PARSA NAGAR,,,84.68692399999999,26.776378
Uttarakhand,ATMO,AITHAL,NR,"Haridwar, Uttarakhand",78.0436230264,29.8079295893
Maharashtra,AGDL,AGRAN DHULGAON,CR,"Jath Rd, Maharashtra",74.924993,16.966118
,GAHT,Ghusia Halt,,,84.2479039038,25.1919497817
,TRK,TIRUKOILUR,,,79.22381373900001,11.976052306
,SXA,SAGPHATA,,,76.392141,21.574033
,RSRI,RAISHREE,,,77.591872,25.362076000000002
Gujarat,JO,JO JAGABOR,NWR,"Jo Jagabor, Gujarat",73.45304499999999,23.739452999999997
,SXD,SIDULI,,,87.21232632290001,23.6493523213
Assam,MGE,MIGRENDISA,NFR,"Migrendisa, Assam",93.06155700000001,25.171242
,DHBI,DHABAULI HALT,,,85.3421818591,25.6820902631
,SXO,SRIKONA,,,92.71007999999999,24.837109
,VLNK,VELANKANNI,,,79.846763,10.687498999999999
,TBU,THARBAN,,,77.671001,19.268289
,DMBR,DUMRI BIHAR,ECR,,85.766204,23.807394000000002
West Bengal,AHN,AHIRAN,ER,"National Highway 34, West Bengal",88.04112500000001,24.517687000000002
Madhya Pradesh,SGAM,SAREIGRAM,WCR,"Sidhi, Madhya Pradesh",82.205614,24.039636
,RPWN,Rambhawan Halt,,,85.239275033,25.2547478737
,KZPE,KAZIPARA HALT,,,88.188311,23.909674000000003
,HTA,Hatighisa,,,88.242284,26.687630000000002
,NGV,NAGLAVI,,,74.908742,15.454853
West Bengal,MIAN,MIANGRAM,ER,"Bazarsau, West Bengal",88.17146,23.853212000000003
,CNY,KOLANALLI,,,77.861414,11.173276999999999
,KPM,KUMARAPURAM,,,77.833638,9.088507
,SGAC,SOGARIYA CABIN,,,75.90022099999999,25.230055
Tamil Nadu,PYV,PAZHAYA SEEVARAM,SR,"Palayasivaram, Tamil Nadu",79.8777,12.777131
,CNM,CHENGMARI,,,89.004024,26.863246999999998
,NGC,NEW GUWAHATI,,,91.792236,26.181703
Uttar Pradesh,AHQ,AHERA HALT,NR,"Tatiri, Uttar Pradesh",77.27862400000001,28.926420999999998
Andhra Pradesh,STVA,SATYAVADA,SCR,"Coastal Andhra Region, Andhra Pradesh",81.66986,16.799851999999998
,GIT,GHORPURI TRANSH,,,73.8987694873,18.5259235991
,TRJ,Tariasujan,,,84.270833,26.653609000000003
,ODC,Oddam Hatram,,,77.7465317596,10.4855987634
Uttar Pradesh,HDT,HARDATTPUR,NER,"National Highway 2, Uttar Pradesh",82.9075993964,25.276911474
West Bengal,RDP,Radhikapur,NFR,"State Highway 10A, West Bengal",88.448153,25.643573999999997
,NPH,Nurpura,,,77.852085,26.709463000000003
,NABN,Nagbhir Jn (Ng),,,79.700558,20.580232
,KRRH,Kharuara Halt,,,85.54376733149999,25.4317780874
,DXU,Duhru,,,80.176723,26.083606
Chhattisgarh,GIZ,Gidam,ECoR,"National Highway 16, Chhattisgarh",81.409001,18.934852
Bihar,GIF,Gani Dham Halt,ER,"Gani Dham, Bihar",86.9862695435,25.1634535646
,MVKR,Mahawan Khor Halt,,,83.2768154944,26.975829172700003
,JTT,Jumapatti,,,73.308384,19.004154000000003
,JTN,Jotana,,,72.29427,23.459001999999998
West Bengal,MGT,Magra Hat,ER,"Magra Hat, West Bengal",88.37271299999999,22.242111
,MNX,Manganallur,,,79.6498049,11.024209599999999
,CTPR,Chinta Parru Ha,,,81.70660500000001,16.534799
West Bengal,KMZA,Kankra Mirzanagar,ER,"Mirzanagar, West Bengal",88.721428,22.658005
,KRGN,Kargaon Halt,,,79.41345000000001,20.801363000000002
,PUSA,Pusla,,,78.354883,21.493095999999998
,CMY,Chintamani,,,78.05456539999999,13.410991099999999
,SGYW,Singriawan,,,85.28453529789999,25.4095173407
,DZL,Dhana Ladanpur,,,76.1667579382,28.7502173348
,MAHD,Mohadi Praganel,,,79.726457,21.294083
,ANM,ANAIMALAI ROAD,,,76.935071,10.624894
,TNI,TANDARAI,,,79.1470127649,12.1180073562
,BGAR,BANGARI,,,84.921285,26.538089
Uttar Pradesh,TKRP,Tikauli Rawatpur,NR,"Tikauli Rawatpur Railway Station, Uttar Pradesh",80.613163,26.399047
,NVD,NAVALGUND RD,,,75.354461,15.434894
Uttar Pradesh,LUSA,LUSA,NCR,"State Highway 5, Uttar Pradesh",82.843318,24.876545999999998
Madhya Pradesh,CAER,CHHANERA,WCR,"Chhanera, Madhya Pradesh",76.707775,21.963965
Uttarakhand,KTW,KOTDWARA,NR,"Kotdwara, Uttarakhand",78.52116372309999,29.742927896
,BNGM,BANGURGRAM HALT,,,74.34824731079999,26.1401115488
,LAC,LACHHIPURA,,,74.65329374689999,26.3236717828
,BMHT,Baraw More,,,84.06203632569999,25.0437938949
Uttar Pradesh,RNRD,RANIPUR ROAD,NCR,"Mau Ranipur, Uttar Pradesh",79.055869,25.270917999999998
,SIRL,Shirala,,,77.726017,21.123835999999997
,TRSR,TARSAI,,,69.84803099999999,21.764673
,LAA,LAKHPAT,,,71.028821,23.597666
,GKX,Ghai Kalan,,,75.10891500000001,30.822828
,GKT,Gankhera Halt,,,80.191891,21.389118
Assam,BRNR,BARUANAGAR,NFR,"Moran to Naharkatiya Rd, Assam",95.23363789119999,27.143953401599997
,ANQ,AMNAPUR,,,74.459554,17.049464999999998
Tamil Nadu,NTT,NATHAPETTAI,SR,"Nathapettai - Kaliyanoor Rd, Tamil Nadu",79.75614999999999,12.824069
,NKU,NAKARDEI,,,84.89166900000001,26.948686
,RRNH,RAMRUPNAGAR,,,85.162249,26.790374
,PRWS,PATTABIRAM WEST,,,80.051876,13.120184
West Bengal,BAHW,Bahir Khanda,ER,"State Highway 2, West Bengal",88.071068,22.851949
,HHP,HARHAR FATEHPUR,,,77.38734198969999,29.5622491051
,SRKR,Salar Khurd,,,84.273451449,26.447388357799998
,UAR,UNAWA AITHOR,,,72.38511899999999,23.759404
Tamil Nadu,VRLR,VIRANI ALUR,SR,"Kanyakumari, Tamil Nadu",77.3686992383,8.1946448621
,HKNT,Hiwarkheda,,,78.067716,21.40605
,GZKA,Gzka,,,76.655091,27.607734
,VRLF,Veraval Mg,,,70.370599,20.913261
,MSWA,Masaniwala,,,73.59038699999999,29.399942999999997
Madhya Pradesh,KPDH,Kapurdha Halt,SECR,"SH 26, Madhya Pradesh",79.304203,22.053903000000002
,MKBH,Manwala Kot Bakhtu,,,74.95205,30.040498999999997
,GRKA,Gurha Kemla,,,76.25524899999999,28.313585999999997
West Bengal,GSGB,Gosaingram,ER,"Murshidabad District, West Bengal",88.211777,24.248003
,VZR,Bhanjpur,,,86.73407,21.95074
,TAKL,Takal,,,76.542513,21.649222
,NRSD,New Runnisaidpur Halt,,,85.515932,26.385382
Karnataka,CBP,Chik Ballapur,SWR,"Chik Ballapur, Karnataka",77.7325398,13.4313153
,PRUR,Prithwirajpur,,,73.757001,29.956914
,NKK,Narikkudi,,,78.33712799999999,9.607657999999999
,NKN,Nyoli Kalan,,,75.633124,29.189764
,PPDI,Pipradih,,,86.9944876282,24.9936652146
,BLHI,Bisalehalli,,,75.9666857568,13.4826117961
,DSHI,Doddasiddavanha,,,76.48848000000001,14.209931
,BJKN,Bajekan,,,75.099097,29.524297999999998
,DTT,Doddanatta Halt,,,78.13389600000001,13.374454
Tripura,CBZ,Churaibari,NFR,"Churaibari, Tripura",92.24124800000001,24.433621
,MVA,Malaka Vemala,,,78.053936,14.268888
Rajasthan,BIML,Bhimal,NWR,"Rajsamand, Rajasthan",73.92244020000001,24.7524306
,MZB,Mahuli Halt,,,79.315031,21.033307999999998
,WOC,Warud Orange City,,,78.276164,21.458720999999997
,SANH,SANHA HALT,,,86.3684319092,25.4274073054
,IFCO,IFFCO CABIN,,,72.535718,23.179203
Himachal Pradesh,KGRA,KANGRA,NR,"Kangra, Himachal Pradesh",76.26256500000001,32.085157
,MJKN,MAJRI KHADAN,,,79.01907800000001,20.109731
,PMD,PAMIDI,,,77.5990446368,14.980726541100001
Uttarakhand,PRM,PIRUMADARA,NER,"Nainital District, Uttarakhand",79.045744,29.327364
Tamil Nadu,SKK,SIKKAL,SR,"Sikkal, Tamil Nadu",79.790691,10.753121
,RSC,RAMGANGA SOUTH,,,79.369788,28.295969
Maharashtra,PLG,PALGHAR,WR,"Palghar, Maharashtra",72.77248,19.698038
,PPLC,PIMPLA CHAURE HALT,,,77.13253484500001,19.286454997699998
,KLNT,KALINAGAR,,,88.335819,23.365861
Uttar Pradesh,ARJ,AUNRIHAR JN,NER,"Ghazipur, Uttar Pradesh",83.18727200000001,25.54466
,TNDN,THANDONI,,,78.108515,10.93648
Rajasthan,MBT,MARWAR BIRTHI,NWR,"National Highway 15, Rajasthan",72.290171,27.099589
,PLE,PIPLEE,,,71.530851,23.817141
,MTSK,MOTA SURKA,,,71.924583,21.724542
Tamil Nadu,NRK,NARAIKKINAR,SR,"Palayamkottai - Kolathur - Nagalapuram - Aruppukottai Rd, Tamil Nadu",77.841953,8.862518999999999
,GPW,GHAUNSPUR,,,75.6375275745,31.8706261437
Punjab,PTRL,PATHRALA,NWR,"National Highway 64, Punjab",74.74395299999999,30.006625
Jharkhand,PEH,Pathardih Junction,ECR,"Jairampur More to Baliapur, Jharkhand",86.4345602,23.675524600000003
,NIN,Nimkana,,,86.376438,20.295401
,NIT,Naikot,,,83.396612,27.361006
,KAMA,Kamta Halt,,,85.27791552000001,25.336743948
West Bengal,NDKR,Nandakumar P.H.,?,"Haldia Mechada via Tamluk, West Bengal",87.927872196,22.1909239649
,RNU,Ratnapur,,,76.651361,21.474117
Madhya Pradesh,BMZ,Bamour Gaon,NCR,"National Highway 3, Madhya Pradesh",78.0778607251,26.3484669242
Assam,BXG,Bhanga,NFR,"National Highway 44, Assam",92.457351,24.857347
,BORA,Bagdogra,,,88.32445458000001,26.697770440000003
,PTMS,Pattabiram Military,,,80.05975199999999,13.136714000000001
,LHNR,Lakshmanpur Halt,,,82.3397643762,27.5318304825
,LHNA,Lohanda,,,85.27902379519999,25.3541150645
,KLNC,Kullanchavadi,,,79.667563,11.628136
,PGDI,Pagidirai Halt,,,77.60155400000001,15.283
Uttar Pradesh,JPD,Jalalpur Dhai,?,"State Highway 38, Uttar Pradesh",81.13597700000001,26.021201
,BGV,Balegundi,,,75.11856523189999,14.150947457100001
,BGY,Bangriposi,,,86.501362,22.130678
,KMEZ,Kumar Maranga,,,81.94987,19.038845
,BLSR,Belasar,,,73.653205,27.995122
,SHYP,Sakarayapatna,,,75.92847693120001,13.430423881200001
Tripura,JWNR,Jawaharnagar,NFR,"National Highway 44, Tripura",91.895623,23.924910999999998
,RJLK,Rajalukah,,,86.64224200000001,22.125193
Rajasthan,MRWS,Marwar Ranawas,NWR,"State Highway 61, Rajasthan",73.739883,25.669354
Madhya Pradesh,NMH,NIMACH,WR,"MDR 11A, Madhya Pradesh",74.853025,24.459872999999998
Uttar Pradesh,SUIA,SURAINCHA,NER,"Suraincha, Uttar Pradesh",80.830108,27.33652
Tamil Nadu,SGM,SOLGAMPATTI,SR,"Thirunedukulam To Paper Mill Rd, Tamil Nadu",78.858717,10.785689
Uttar Pradesh,DN,DHANARI,NR,"State Highway 39, Uttar Pradesh",78.50959573360001,28.3284610746
Gujarat,JVN,JORAWARNAGAR JN,WR,"Surendra Nagar, Gujarat",71.641594,22.71246
West Bengal,UKLR,Ukilerhat Halt,ER,"National Highway 117, West Bengal",88.230351,21.824712
Tamil Nadu,KOQ,KUTHUR,SR,"Nagappattinam - Trichy - Karur- Coimbatore - Mettupalayam - Ooty - Gundlupet Road(Vandikara Street), Tamil Nadu",79.718883,10.755434000000001
Tamil Nadu,MAV,MARIAMMANKOVIL,SR,"Mariammankoil Railway Station Rd, Tamil Nadu",79.198201,10.773265
Karnataka,BLRR,Belandur Road,SWR,"Bengaluru, Karnataka",77.706939,12.936565
Uttar Pradesh,SRDW,SHRIMAD DWARAKAPURI,NCR,"Shrimad Dwarakapuri, Uttar Pradesh",79.56963800000001,27.364691
Madhya Pradesh,SKBR,SHANKARPUR BHADAURA,WCR,"Madhya Pradesh, Madhya Pradesh",81.93144699999999,24.083218
Madhya Pradesh,SCKR,SALICHAUKA ROAD,WCR,"Gadarwara, Madhya Pradesh",78.67629099999999,22.833649
Rajasthan,GGO,Goram Ghat,NWR,"Pali, Rajasthan",73.849246,25.635531
Delhi NCT,PTNR,PATEL NAGAR,NR,"Najafgarh Road Industrial Area, Delhi NCT",77.15626035310001,28.660009076599998
West Bengal,BGO,BOGRI ROAD,SER,"Bridge over Krishnanagore, West Bengal",87.325732,22.881747
West Bengal,BNKA,Bankim Nagar,ER,"State Highway 11, West Bengal",88.59190873,23.209058770000002
West Bengal,SSPH,Satish Samanta P.H.,?,"Mahishadal Geonkhali Rd, West Bengal",87.987567,22.194485
Uttar Pradesh,RGB,RAMGANGA,NR,"State Highway 33, Uttar Pradesh",79.375029,28.298118
Karnataka,JRU,CHIKJAJUR JN,SWR,"Chikkajajur, Karnataka",76.138705,14.126112
Tamil Nadu,PLI,PETTAIVAYATALAI,SR,"Pettavaithalai, Tamil Nadu",78.495114,10.898665999999999
Andhra Pradesh,AVLI,ARAVALLI,SCR,"West Godavari, Andhra Pradesh",81.599095,16.620491
,KHST,KASHANATTI,,,74.8295941504,15.4642781905
Karnataka,HVL,HONNAVALLI ROAD,SWR,"National Highway 206, Karnataka",76.39004938960001,13.2744988982
Karnataka,SSNH,SREE SARADANAGAR HALT,SWR,"Tiptur, Karnataka",76.454627,13.260739
Uttar Pradesh,CXA,Chandsara,NR,"Chandsara, Uttar Pradesh",77.725745,28.876213999999997
,BTIB,BHATINDA B CABIN,,,74.940231,30.150805
Uttar Pradesh,ANPR,Anpara,ECR,"Sonebhadra, Uttar Pradesh",82.766166,24.217385999999998
Gujarat,CTRD,Chitrawad,WR,"Chitravad And Borvav Railway Station, Gujarat",70.557048,21.101116
Andhra Pradesh,TNGM,TONDALAGOPAVARAM,SCR,"Tondalagopavaram Station, Andhra Pradesh",80.43078299999999,16.86827
,KHSN,KHERA SANDHAN HALT,,,77.72704800000001,27.240587
Punjab,RCF,KAPURTHALA RAIL COACH FACTORY,NR,"kapurthala, Punjab",75.34282,31.326976000000002
Madhya Pradesh,UKR,UDALKACHAR,SECR,"National Highway 78, Madhya Pradesh",82.291923,23.287243
,FAH,FATEHA HALT,,,85.8714580536,25.598419045
Rajasthan,BIWK,BISALWAS KALAN,WR,"MDR 11A, Rajasthan",74.78308399999999,24.500035299999997
Tamil Nadu,TDPR,TIRUPADRIPULYUR,SR,"Cuddalore, Tamil Nadu",79.753349,11.748883
Andhra Pradesh,GOPL,GUNDLA POCHAMPALLI,SCR,"Telangana Region, Andhra Pradesh",78.48785099999999,17.567577
,SNPH,SHANKAPUR HALT,,,78.4021040503,18.0661191061
Tamil Nadu,TMU,TIRUMANTHIKUNAM,SR,"Nagappattinam - Trichy - Karur- Coimbatore - Mettupalayam - Ooty - Gundlupet Road(Vandikara Street), Tamil Nadu",79.534339,10.767733999999999
,PURA,PURA HALT,,,85.239725,24.815193999999998
Bihar,TMA,Tamuria,ECR,"Bihar, Bihar",86.352761,26.245715
Andhra Pradesh,TMB,Temburu,ECoR,"Paralakhemundi, Andhra Pradesh",84.12696299999999,18.633565
,SKBN,SILAKHEDI,,,76.057298,23.093053
Tamil Nadu,SWI,SWAMIMALAI,SR,"Swamimalai, Tamil Nadu",79.32878500000001,10.942234
Madhya Pradesh,RCJ,RANYAL JASMIYA,WR,"Devas, Madhya Pradesh",76.072554,23.161929
Delhi NCT,VVB,VIVEKA VIHAR,NR,"Jhilmil Industrial Area, Delhi NCT",77.31951000000001,28.673319000000003
Madhya Pradesh,BARD,DUVRI KALAN,WCR,"State Highway 9, Madhya Pradesh",81.507968,23.994180999999998
Uttarakhand,GWS,GAUSHALA,NER,"National Highway 121, Uttarakhand",79.009802,29.298626000000002
Assam,NJN,NAOJAN,NFR,"local Rd, Assam",93.846465,26.13131
Andhra Pradesh,CCT,KAKINADA TOWN,SCR,"East Godavari, Andhra Pradesh",82.2329218,16.9670099
Andhra Pradesh,MVP,MOKHASA KALVPDI,SCR,"Putlacheruvu, Andhra Pradesh",81.13029,16.495533000000002
Assam,DBRT,DIBRUGARH TOWN,NFR,"Dibrugarh, Assam",94.9019739417,27.4781132774
Tamil Nadu,NJT,NAGERCOIL TOWN,SR,"Nagercoil, Tamil Nadu",77.4194318207,8.199571810899998
Tamil Nadu,MMH,MAHADANAPURAM,SR,"Nagappattinam - Gundlupet Road(Vandikara Street), Tamil Nadu",78.299178,10.953711
Rajasthan,HWT,HANWANT,NWR,"Basni, Rajasthan",73.005205,26.059514
Madhya Pradesh,GWO,Gwalior NG,NCR,"Gwalior, Madhya Pradesh",78.182282,26.216473
Punjab,KASH,Kulthamabdullashah Halt,NR,"Kulthamabdullashah, Punjab",75.848386,31.203335000000003
Rajasthan,BMSN,Bamsin,NWR,"SH 66, Rajasthan",72.5442353925,25.762982552100002
Bangladesh,DHCA,Dhaca Cantt.,?,"Dhaka, Bangladesh",90.410617,23.815527
,SAKD,Suprakandi,,,92.37868,24.788432999999998
,KRRI,Khairranji,,,80.03937900000001,22.419012000000002
Uttar Pradesh,RCP,Ramachandrapur,NR,"Lucknow Allahabad Rd, Uttar Pradesh",81.267274,25.996484000000002
Uttar Pradesh,GNTR,Gauntra Halt,NR,"Gauntra, Uttar Pradesh",80.21785643429999,27.134445803800002
,NAVI,Navi Amravati,,,77.732428,20.902137
Rajasthan,FAN,Fatehnagar,NWR,"Fatehnagar, Rajasthan",74.09578200000001,24.81828
Gujarat,CCP,Chhuchhapura Junction,WR,"SH 159, Gujarat",73.594519,22.214729000000002
,CIF,Chhapra Kacheri Jn.,,,84.746619,25.786151
,CCO,Chicholi,,,79.702691,21.458741
West Bengal,BHGH,Bhairgachhi,ER,"Ranaghat-Bagula Bypass, West Bengal",88.634016,23.274779
Madhya Pradesh,BHV,Bhoma,SECR,"State Highway 11A, Madhya Pradesh",79.689457,22.171372
Maharashtra,WDLN,WADWAL NAGNATH,SCR,"Wadwal Nagnath, Maharashtra",76.80741,18.538466
,BRHD,BABA RAGHUNI HALT DWARIKA,,,86.5967982178,25.7600467439
Andhra Pradesh,TKBN,TSAKIBANDA,SWR,"Rayalaseema Region, Andhra Pradesh",77.178109,15.163457000000001
Madhya Pradesh,KFY,KARAPGAON,WCR,"National Highway 26, Madhya Pradesh",78.9845402875,22.9155569073
Madhya Pradesh,SXF,SOBHAPUR,WCR,"State Highway 22, Madhya Pradesh",78.29188099999999,22.727429
Karnataka,BNK,BANASANKARAI HA,SWR,"National Highway 206, Karnataka",76.5230602795,13.2656079329
,BXHT,Boxirhat,,,89.751593,26.307287000000002
,MFH,MAHRAULI,,,77.468815,28.663865
,AKNR,ADHYATMIK NAGAR,,,77.49972700000001,28.679874
,DS,DASNA,,,77.528116,28.690718999999998
,PKW,PILKHUA,,,77.668008,28.712335
,KKMB,KASTLA KASAMBAD,,,77.7102953784,28.7210709953
,HPU,HAPUR,,,77.77957599999999,28.739613
,BBO,BABUGARH,,,77.855523,28.747393000000002
,QXR,KUCHESAR ROAD,,,77.913232,28.746651
,SKHR,SIKHERA MB HALT,,,77.9499696448,28.7567148575
,SMBL,SIMBHOOLI,,,77.98347199999999,28.765190999999998
,GMS,GARHMUKTESAR,,,78.07350799999999,28.781743
,GGB,GARHMUKTESAR BR,,,78.1412204187,28.761399945399997
,KHE,KANKATHER,,,78.180192128,28.8013612636
,GJL,GAJRAULA JN,,,78.250784,28.834937999999998
,MHHR,MAHESRA,,,78.330321,28.856392
,KFPR,KAFURPUR,,,78.3593320288,28.8654124385
,AMRO,AMROHA,,,78.474329,28.892688
,KIV,KAIALSA,,,78.5605679086,28.8802519228
,CKLT,CHAK KALI LAIT,,,78.611771,28.874271
,HKP,HAKIMPUR,,,78.65886363950001,28.8794821589
,LDP,LODIPUR BISHANPUR,,,78.7090987616,28.872301720499998
,LPB,LODIPUR BISHANP,,,78.71802799999999,28.869781
,BZR,BISRA,,,84.998591,22.248412000000002
,BUL,BHALULATA,,,85.060382,22.266491
,JRA,JARAIKELA,,,85.113703,22.309555999999997
,MOU,MANOHARPUR,,,85.196894,22.373359
,PST,POSOTIA,,,85.254753,22.447129
,DRWN,DEROWAN P. HALT,,,85.29977799999999,22.487947
,MXW,MAHADEV SAL,,,85.328849,22.510448
,GOL,GOILKERA,,,85.37935200000001,22.505290000000002
,TUX,TUNIA,,,85.426059,22.540308999999997
,SWR,SONUA,,,85.464081,22.576498
,LPH,LOTAPAHAR,,,85.565671,22.617663
,CKP,CHAKRADHARPUR,,,85.62777100000001,22.678979
,BRM,BARABAMBO,,,85.72902995999999,22.70169729
,RKSN,RAJKHARSAWAN JN,,,85.811158,22.733525
,MMV,MAHALI MARUP,,,85.879316,22.757135
,SINI,SINI JN,,,85.94702600000001,22.78946
,BRBS,BIRBANS,,,86.01393866000001,22.79397464
,WADI,WADI,,,76.99154999999999,17.054312
,MPK,CHENNAI PARK,,,80.27285,13.080627
,MSF,CHENNAI FORT,,,80.28293599999999,13.08354
,MSB,CHENNAI BEACH,,,80.291601,13.09034
,RPM,ROYAPURAM,,,80.29315199999999,13.103503
,WST,WASHERMANPET,,,80.28302000000001,13.1092227
,TIM,TIMMANACHERLA,,,77.394077,15.163466000000001
,NKDO,NAKKANADODDI,,,77.47667899999999,15.165309
,PLU,PATAKOTTACHERU,,,77.521795,15.172077
,GY,GOOTY JN,,,77.625823,15.149208
,GYJ,GOOTY JUNCTION CABIN,,,77.650955,15.140041
,JKO,JAKKALACHERUVU,,,77.726953,15.109121
,RLO,RAYALCHERUVU,,,77.82103500000001,15.055957000000001
,VML,VEMULAPADU,,,77.85137900000001,15.022098
,JUR,JUTTURU,,,77.898103,14.978847
,KMQA,KOMALI,,,77.927597,14.936387
,TU,TADIPATRI,,,77.978985,14.907558000000002
,CLPE,CHALLAVARIPALLI,,,78.034438,14.876728
,VRN,VANGANUR,,,78.080906,14.847442
,RLL,REGADIPALLI,,,78.136002,14.813572
,KDP,KONDAPURAM,,,78.193462,14.773549
,MUM,MANGAPATNAM,,,78.2607534143,14.7366964885
,CIN,CHINTAKUNTA,,,78.3238797852,14.7197004131
,MOO,MUDDANURU,,,78.395393,14.688415
,KMH,KALAMALIA,,,78.470174,14.667107
,YA,YERRAGUNTLA,,,78.534003,14.642328000000001
,YGD,YERRAGUDIPAD,,,78.606374,14.618673
,KKM,KAMALAPURAM,,,78.666113,14.591762
,GPY,GANGAYAPLLE,,,78.71746345,14.55411935
,KPU,KRISHNAPURAM,,,78.776559,14.493468
,HX,CUDDAPAH,,,78.829184,14.451690000000001
,KNLP,KANAMALO PALLE,,,78.925335,14.428768999999999
,BKPT,BHAKARAPET,,,78.97007317,14.4093627
,VNM,ONTIMITTA,,,79.016272,14.392459
,MMPL,MANTAPAMPALLE,,,79.078603,14.321639000000001
,NRE,NANDALUR,,,79.105722,14.264922
,HAQ,HASTAVARMU,,,79.1216,14.218403
,RJP,RAZAMPETA,,,79.15274099999999,14.184524999999999
,PMT,PULLAMPET,,,79.205606,14.120622000000001
,RPL,REDDIPALLE,,,79.22553,14.093157999999999
,OBVP,OBULAVARIPALLI,,,79.268221,14.04083
,ANE,ANANTARAJUPET,,,79.30246799999999,13.999592
,KOU,KODURU,,,79.345687,13.948578
,SF,SETTIGUNTA,,,79.382302,13.87431
,BLPE,BALAPALLE,,,79.403557,13.817150999999999
,MRM,MAMANDURU,,,79.458115,13.745895
,PUDI,PUDI,,,79.510307,13.532380999999999
,SVF,SRI VENKATAPERU,,,79.514324,13.511599
,TDK,TADUKU,,,79.526498,13.502044999999999
,PUT,PUTTUR,,,79.552666,13.439642
,VGA,VEPAGUNTA,,,79.559433,13.395013
,EKM,EKAMBARAKUPPAM,,,79.573126,13.318603999999999
,NG,NAGARI,,,79.579647,13.307882
,VKZ,VENKATA NARASIMHA RAJU VARI PETA,,,79.58186500000001,13.270775
,POI,PONPADI,,,79.588814,13.241368
,TRT,TIRUTTANI,,,79.611386,13.179217000000001
,ICP,ICHCHIPUTTUR,,,79.638907,13.132795
,AJJN,ARAKKONAM JN NORTH,,,79.64842900000001,13.086445000000001
,PDI,PALASDARI,,,73.32055,18.88409
,TKW,THAKURVADI,,,73.353331,18.852865
,NNCN,NAGNATH CABIN,,,73.35913113400001,18.854079332599998
,NAGC,NAGARGALI,,,73.36014800000001,18.815609
,MHLC,MONKEY HILL,,,73.36374599999999,18.769161
,KAD,KHANDALA,,,73.377469,18.755087
,LNL,LONAVALA,,,73.407657,18.748883
,MVL,MALAVLI,,,73.48064000000001,18.743833000000002
,KMST,KAMSHET,,,73.552352,18.766938
,KNHE,KANHE,,,73.59401600000001,18.762352
,VDN,VADGAON,,,73.636925,18.742927
,TGN,TALEGAON,,,73.67201399999999,18.734829
,GRWD,GHORAWADI,,,73.69698199999999,18.720585
,SLRW,SHELARWADI,,,73.705901,18.700940000000003
,BGWI,BEGDAEWADI,,,73.708437,18.700263
,BGW,BEGDEWADI,,,73.70903919999999,18.701176
,DEHR,DEHU ROAD,,,73.734169,18.680176
,AKRD,AKURDI,,,73.76424399999999,18.64812
,CCH,CHINCHVAD,,,73.79139199999999,18.638903
,PMP,PIMPRI,,,73.801991,18.622977
,KSWD,KASAR WADI,,,73.8207010529,18.607555174
,DAPD,DAPODI,,,73.83279900000001,18.58005
,KK,KHADKI,,,73.840513,18.563010000000002
,SVJR,SHIVAJINAGAR,,,73.851147,18.531738
,BRB,BORIBIAL,,,74.6488080432,18.4077648636
,MLM,MALTHAN,,,74.7243673877,18.3689511683
,BGVN,BHIGWAN,,,74.77504200000001,18.317256
,JNTR,JINTI ROAD,,,74.87741682800001,18.3249544651
,PRWD,PAREWADI,,,74.952285,18.289799000000002
,WSB,WASHIMBE,,,75.003799,18.284021
,PPJ,POPHLAJ,,,75.117846,18.292242
,JEUR,JEUR,,,75.16247100000001,18.260933
,BLNI,BHALWANI,,,75.199289,18.212962
,KEM,KEM,,,75.2746262701,18.177508793500003
,DHS,DHAVALAS,,,75.3342619214,18.1296817393
,KWV,KURDUVADI,,,75.41711799999999,18.091348
,WDS,WADSINGE,,,75.4887746527,18.066132304299998
,MA,MADHA,,,75.546507,18.029712
,WKA,VAKAV,,,75.579724,17.988187
,AAG,ANGAR,,,75.599875,17.954256
,MKPT,MALIKPETH,,,75.608752,17.899981999999998
,MO,MOHOL,,,75.675995,17.805205
,MVE,MUNDHEWADI,,,75.7065479559,17.7417646618
,PK,PAKNI,,,75.7788740411,17.7248659449
,BALE,BALE,,,75.8450861792,17.676185604199997
,SUR,SOLAPUR JN,,,75.893401,17.664496
,TKWD,TIKEKARWADI,,,75.933458,17.614967
,HG,HOTGI,,,75.989943,17.565668000000002
,TLT,TILATI,,,76.069348,17.503553
,AKOR,AKALKOT ROAD,,,76.13768900000001,17.450243
,NGS,NAGANSUR,,,76.182913,17.429086
,BOT,BOROTI,,,76.2535626,17.395018500000003
,DUD,DUDHANI,,,76.37871,17.362420999999998
,KUI,KULALI,,,76.47059200000001,17.357949
,GDGN,GAUDGAON,,,76.530953,17.335973000000003
,GUR,GANAGAPUR ROAD,,,76.5903,17.340443
,HHD,HUNSIHADGIL,,,76.646807,17.352906
,SVG,SAWALGI,,,76.71113700000001,17.339489999999998
,BBD,BABLAD,,,76.779259,17.337569
,GR,GULBARGA,,,76.82443799999999,17.314372
,HQR,HIRENANDURU,,,76.872212,17.258215
,MR,MARTUR,,,76.902717,17.199686
,SDB,SHAHABAD,,,76.943513,17.121662999999998
,MBQ,MUMBRA,,,73.02326,19.190223
,KLVA,KALVA,,,72.997651,19.196049
,CLA,KURLA JN,,,72.879375,19.065221
,SIN,MUMBAI SION,,,72.864262,19.047725
,MTN,MUMBAI MATUNGA,,,72.84984200000001,19.027347
,DR,MUMBAI DADAR CENTRAL,,,72.842972,19.017179
,VLDI,VITHALWADI,,,73.149051,19.229233999999998
,ULNR,ULHASNAGAR,,,73.163466,19.218215
,ABH,AMBARNATH,,,73.184756,19.210382000000003
,BUD,BADLAPUR,,,73.2390496,19.166388299999998
,VGI,VANGANI,,,73.300967,19.094299
,SHLU,SHELU,,,73.317386,19.062985
,NRL,NERAL,,,73.318955,19.027113
,BVS,BHIVPURI ROAD,,,73.331324,18.970654999999997
,KJT,KARJAT,,,73.320691,18.911157999999997
,MAG,MANGALAGIRI,,,80.564992,16.438256
,NBR,NAMBURU,,,80.49582500000001,16.358721
,PDKN,PEDAKAKANI HALT,,,80.48615482999999,16.34323912
,BDPL,BANDARUPALLE,,,80.36280020000001,16.3655265
,MDPD,MANDAPADU,,,80.320507,16.388651999999997
,SRPM,SIRIPURAM,,,80.295123,16.412602999999997
,LIN,LINGAMGUNTLA,,,80.273943,16.439709
,PKPU,PEDDAKURAPADU,,,80.252989,16.459296
,GPDE,GUDIPUDI,,,80.205304,16.433946000000002
,SAP,SATTENAPALLE,,,80.152704,16.405018
,DUP,DHULIPALLA HALT,,,80.0878237878,16.4244756015
,REM,REDDIGUDEM,,,80.0508149304,16.442327720599998
,BMKD,BELLAMKONDA,,,80.006313,16.46998
,ANPM,ANUPALEM,,,79.962595,16.469897
,STRM,SITARAMAPURAM,,,79.9255021252,16.4747594276
,PGRL,PIDUGURALLA,,,79.876294,16.477787000000003
,KPH,KAMEPALLI,,,79.83223332029999,16.5053044215
,TMLU,TUMMALACHERUVU,,,79.80296299999999,16.527651000000002
,NDKD,NADIKODE,,,79.72356500000001,16.590634
,PDGL,PONDUGULA,,,79.65905031369999,16.6762442519
,VJRD,VAJIRABAD,,,79.6451940808,16.686823777
,VNUP,VISHNUPURAM,,,79.6387859326,16.7045104904
,DMCA,DAMARACHERLA,,,79.630821,16.725861
,KDGL,KONDRAPOL,,,79.6010754456,16.785299045400002
,KDRL,KONDRAPOL,,,79.600292,16.784736
,MRGA,MIRYALAGUDA,,,79.533503,16.860392
,TPPI,TIPPARTHI,,,79.42309800000001,17.006536999999998
,NLDA,NALGONDA,,,79.283436,17.06118
,SRMR,SRIRAMPURAM,,,79.212404903,17.1172617982
,NKPL,NARKETPALLI,,,79.179267,17.199276
,CTYL,CHITYALA,,,79.135713114,17.221960824
,RMNP,RAMANNAPET,,,79.087023,17.282344000000002
,VLG,VANIGONDA,,,79.008505,17.366663
,MMPR,MAMDAPUR,,,78.97793132449999,17.3825749479
,NRDP,NAGIREDDIPALLI,,,78.939987,17.422255
,BMMP,BOMMAYAPALLI,,,78.8612265723,17.484445161900002
,KTCR,KOTHACHERUVU,,,77.76013216189999,14.185769735700001
,BSPL,BASAMPALLE,,,77.74596344999999,14.31123523
,SSPN,SATYA SAI P NILAYAM,,,77.757559,14.160468
,NRYP,NARAYANAPURAM,,,77.696047,14.128972000000001
,SUH,SULEHALLI,,,77.05225732059999,17.0804109748
,HLTS,HALKATTA SHARIEF,,,76.9925675,17.017117292
,TAC,TATICHERLA,,,77.59500059450001,14.7483502106
,LPI,LINGAMPALLI,,,78.31677400000001,17.482874000000002
,KDT,KHADARPET,,,77.5427697052,14.9830781091
,VPL,VENKATAMPALLE,,,77.44160447690001,15.0448535871
,GPU,GULAPALYAMU,,,77.39921,15.087043
,CDNR,CHANDANAGAR,,,78.333575,17.487697
,HFZ,HAFIZPETA,,,78.36265499999999,17.482275
,HTCY,HITECH CITY,,,78.38486099999999,17.4694
,HNMN,HANUMAN STATION,,,77.37687315369999,15.1495189968
,LGD,LALLAGUDA,,,78.525617,17.441464
,MLY,MAULA ALI,,,78.55054100000001,17.44041
,BRBD,BORABANDA,,,78.40786013,17.45922612
,BTNR,BHARTNAGAR,,,78.42819281999999,17.46139991
,FNB,FATEHNAGAR,,,78.4502575745,17.4561957266
,NCHS,NATURE CURE HOSPITAL,,,78.45289083,17.44586316
,BMT,BEGAMPET,,,78.4586266,17.4388739
,SJVP,SANJEEVAIAH PARK,,,78.475688,17.435951
,JET,JAMES STREET,,,78.486911,17.433133
,SC,SECUNDERABAD JN,,,78.50148100000001,17.433146999999998
,NW,NALWAR,,,77.019937,16.936043
,SPHL,SHAMPURHALLI,,,77.03309,16.87535
,TGDE,THANGUNDI,,,77.068276,16.803814
,YG,YADGIR,,,77.13036600000001,16.744396
,LGRE,LINGIRI,,,77.188998,16.670289
,SADP,SAIDAPUR,,,77.2497912268,16.5700011556
,CGTA,CHEGUNTA,,,77.30225045,16.48536136
,KSN,KRISHNA,,,77.328563,16.409324
,YDLP,YADALAPUR,,,77.326596,16.384372
,CK,CHIKSUGAR,,,77.343832,16.336647
,YS,YERMARAS,,,77.34747,16.272482
,RC,RAICHUR,,,77.339165,16.192441000000002
,MRC,MARICHETHAL,,,77.30931799999999,16.111362
,MTU,MATMARI,,,77.302973,16.046723
,HPH,HANUMAPURA,,,77.30620283569999,15.9712913703
,MALM,MANTHRALAYAM RD,,,77.299196,15.949035
,EGU,IRANAGALLU,,,77.26376539,15.89181357
,KO,KOSGI,,,77.23640800000001,15.847871999999999
,KGL,KUPGAL,,,77.219229,15.726256
,ESV,ISIVI,,,77.22981399999999,15.65781
,AD,ADONI,,,77.27485,15.617035
,NRR,NAGARUR,,,77.31318399999999,15.542335
,ASP,ASPARI,,,77.356253,15.454804000000001
,MGV,MOLAGAVALLI,,,77.371821,15.357784
,NMLU,NEMAKALLU,,,77.37277900000001,15.297622
,NLA,NANCHERLA,,,77.36883300000001,15.256053
,GTL,GUNTAKAL JN,,,77.36661099999999,15.17556
,KLU,KALLURU,,,77.581419,14.924474
,GDE,GARLADINNE,,,77.592146,14.827323999999999
,HLKT,HALAKATTA,,,76.99057254760001,17.0207708951
,CT,CHITTAPUR,,,77.09045160000001,17.1197808
,MQR,MALKHAID ROAD,,,77.17396099999999,17.147112
,SEM,SERAM,,,77.28353,17.180683000000002
,KQT,KURGUNTA,,,77.359574,17.191165
,NAW,NAWANDGI,,,77.427908244,17.2170998262
,MVH,MANTATTI,,,77.5094807208,17.2276934669
,TDU,TANDUR,,,77.585037,17.25044
,RMY,RUKMAPUR,,,77.67542399999999,17.27365
,DRR,DHARUR,,,77.75853000000001,17.28952
,MWY,MAILARAM,,,77.809709,17.280412
,GDQ,GODAMGURA,,,77.867119,17.29025
,VKB,VIKARABAD JN,,,77.90940900000001,17.337132
,CTF,CHITGIDDA,,,77.963909,17.391231
,GGD,GULLAGUDA,,,78.03277293640001,17.4169638619
,RPK,RAVALPALLI KALA,,,78.084165,17.439968
,SKP,SHANKARPALLI,,,78.131116,17.450825
,NPL,NAGALAPALLE,,,78.229966,17.460567
,SNF,SANAT NAGAR,,,78.4359471722,17.4616070935
,JBR,JAHANGIRABAD ROAD,,,81.2472830347,26.973936860000002
,RFR,RAFINAGAR,,,81.2820328021,26.994136282600003
,BUR,BINDAURA,,,81.3252031305,27.0210232397
,STPD,SITAFAL MANDI,,,78.520289,17.428339
,ATC,ARTS COLLEGE,,,78.51966499999999,17.418129999999998
,JOO,KACHEGUDA JAMIA OSMANIA,,,78.517784,17.411068999999998
,VAR,VIDYANAGAR,,,78.511657,17.402485
,LGDH,LALAGUDA GATE,,,78.52440299999999,17.440355
,MJF,MALKAJGIRI,,,78.529606,17.448392000000002
,KDGH,KODIGEHALLI,,,77.57597160489999,13.063357741399999
,ATP,ANANTAPUR,,,77.59531199999999,14.686478
,PSPY,PRASANNAYA PALLI,,,77.602106203,14.6311777937
,ZPL,ZANGALAPALLE,,,77.640854,14.591854
,CCA,CHIGICHERLA,,,77.68348800000001,14.517474
,DMM,DHARMAVARAM JN,,,77.717115,14.424368999999999
,NGM,NAGASAMUDRAM,,,77.64246703,14.32166253
,MKJ,MAKKAJIPALLI,,,77.62844748,14.19611832
,PKD,PENUKONDA,,,77.592521,14.099641
,REPI,RANGEPALLI,,,77.578036,14.01783
,CPL,CHAKARLAPALLI,,,77.583123,13.99779
,MLU,MALUGUR,,,77.531591,13.866614
,HUP,HINDUPUR,,,77.500362,13.819144000000001
,DPE,DEVARAPALLE,,,77.512236488,13.723806590299999
,VWA,VIDURASWATTHA,,,77.509785,13.665712999999998
,GBD,GAURIBIDANUR,,,77.512781,13.613081000000001
,SMWA,SOMESHWARA,,,77.513961,13.55657
,TDV,THONDEBHAVI,,,77.51457300000001,13.503502999999998
,MKL,MAKLIDRUG,,,77.50903739809999,13.4095451686
,CHZ,CHARLAPALLI,,,78.605619,17.457672000000002
,GT,GHATKESAR,,,78.678217,17.453116
,BN,BIBINAGAR,,,78.794355,17.470511
,PGDP,PAGIDIPALLI,,,78.820893,17.484713000000003
,BG,BHONGIR,,,78.89847,17.524696
,RAG,RAIGIR,,,78.94120199999999,17.550881
,WP,WANGAPALLI,,,78.983664,17.580557000000002
,ALER,ALER,,,79.04834140000001,17.6459553
,PBP,PEMBARTI,,,79.11616,17.692296000000002
,ZN,JANGAON,,,79.15473399999999,17.725115
,YSPM,YASANTAPUR,,,79.20499763309999,17.736740181200002
,RGP,RAGHUNATHPALLI,,,79.2553036017,17.7564788113
,IPG,IPPUGUDA,,,79.3267055493,17.801311539300002
,GNP,GHANPUR,,,79.3768995,17.8506252
,NSKL,NASKHAL,,,79.426237,17.898101
,ORH,ODDARAHALLI,,,77.541461,13.345829
,DBU,DODBALLAPUR,,,77.55016,13.27894
,RNN,RAJANKUNTI,,,77.564915,13.174150999999998
,YNK,YELHANKA JN,,,77.593069,13.102795
,BRGL,BURGULA HALT,,,78.20522299999999,16.993515
,HBLN,HBL NAGAR,,,78.27355,17.134017
,KOTT,KOTTUR,,,78.28622100000001,17.149739999999998
,NSVP,NPA SHIVARAMPALLI HALT,,,78.4372038177,17.3237142919
,YKA,YAKUTPURA KACHEGUDA,,,78.49171100000001,17.359554
,MLYG,MLYG,,,78.53416999999999,17.455347
,MLYC,MAULA ALI,,,78.548135,17.447219
,OPL,UPPAL,,,79.48098,18.183408
,JMKT,JAMIKUNTA,,,79.476918,18.290021
,BGSF,BISUGIRSHARIF,,,79.483604,18.348122
,PTKP,POTKAPALLI,,,79.4644454974,18.4290619835
,OEA,ODELA,,,79.4497442804,18.456554241099997
,KOLR,KOLNUR,,,79.4199093701,18.496319274500003
,KYOP,KOTTAPALLI,,,79.40385903139999,18.5402681328
,PDPL,PEDDAPALLI,,,79.39208,18.613795999999997
,RGPM,RAGHAVAPURAM,,,79.411187,18.681242
,RDM,RAMGUNDAM,,,79.43509999999999,18.763329
,PPZ,PEDDEMPET,,,79.4268241321,18.802669374
,MCI,MANCHIRYAL,,,79.448848,18.878745000000002
,RVKH,RAVINDRAKHANI,,,79.461396,18.936594000000003
,MMZ,MANDAMARI,,,79.47014800000001,18.971272
,BPA,BELAMPALLI,,,79.4863374,19.053689199999997
,RECH,RECHNI ROAD,,,79.451894,19.140541
,RLW,REPALLIWADA,,,79.430139,19.201953
,ASAF,ASIFABAD ROAD,,,79.416719,19.256682
,RLT,RALAPET,,,79.437787,19.322909
,SKZR,SIRPUR KAGAZNAGAR,,,79.489201,19.345659
,VEM,VEMPALLI,,,79.53458400000001,19.414389
,SRUR,SIRPUR TOWN,,,79.560418,19.479063
,MKDI,MAKUDI,,,79.44826,19.592555
,WIRR,WIRUR,,,79.430571,19.641288000000003
,VHGN,WIHIRGAON,,,79.44081899999999,19.725052
,MAGH,MANIKGARH,,,79.398527,19.787693
,BPQ,BALHARSHAH,,,79.3485858,19.8490173
,GNVR,GONDWANAVISAPUR,,,79.3287230096,19.8826389297
,VSP,WASANAPURA,,,79.327833,19.884978
,BUPH,BABUPETH,,,79.313027,19.923131
,CD,CHANDRAPUR,,,79.300505,19.960126000000002
,VVKN,VIVEKANANDA NAGAR,,,79.259191,19.997086
,CPW,CHOTIPADOLI,,,79.253005,20.000992
,TAE,TADALI,,,79.187503,20.034835
,BUX,BHANDAK,,,79.112528,20.084262
,MJRI,MAJRI JN,,,79.043522,20.139283
,WRR,WARORA,,,79.00994399999999,20.244263
,CKNI,CHIKNI ROAD,,,78.95921700000001,20.325826
,NGI,NAGARI,,,78.889984,20.406983
,YNA,YENOR,,,78.837091,20.508138
,HGT,HINGANGHAT,,,78.83392500000001,20.542631
,WG,WAGHOLI,,,78.767038,20.585085
,SNN,SONEGAON,,,78.709706,20.629319
,BPK,BHUGAON,,,78.6700027,20.6738192
,CHJC,CHITODA,,,78.62974,20.708474
,PQL,PINDLAI,,,79.454715,17.925189
,KZJ,KAZIPET JN,,,79.511025,17.974211
,NSZ,BHOPAL NISHATPURA,,,77.41876900000001,23.278225
,SUW,SUKHISEWANIYAN,,,77.48596599999999,23.34076
,BVB,BHADBHADAGHAT,,,77.535282,23.375165
,DWG,DEWANGANJ,,,77.59286700000001,23.429766
,SMT,SALAMATPUR,,,77.67275,23.461639
,SCI,SANCHI,,,77.735783,23.488096
,BTWN,BETWA CABIN,,,77.787463,23.509200999999997
,BHS,VIDISHA,,,77.8148356,23.5222886
,SORI,SORAI,,,77.848219,23.551699
,SUMR,SUMER,,,77.879427,23.624616
,GLG,GULABHGANJ,,,77.912351,23.684375
,PAI,PABAI,,,77.931259,23.767491
,BAQ,GANJ BASODA,,,77.944826,23.845347
,RKRI,RAO KHEDI,,,77.981122,23.885645
,RKDI,RAUKHERI,,,77.981962,23.886485
,BET,BARETH,,,77.99967978000001,23.91494729
,CLHT,CHULHETA,,,78.018483,23.945912
,KAH,KALHAR,,,78.05717800000001,23.978071
,MABA,MANDI BAMORA,,,78.08243700000001,24.054032
,KIKA,KURWAI KETHORA,,,78.11497800000001,24.117852
,MSV,MUSTARA,,,78.63498,25.496702
,GRM,GARHMAU,,,78.687944,25.506271
,PIC,PARICHA,,,78.73773,25.518402
,PTSC,PARICHAA THERMA,,,78.753962,25.525228
,CGN,CHIRGAON,,,78.805761,25.575053
,NDK,NANKHAS,,,78.872336,25.660949000000002
,MOTH,MOTH,,,78.948673,25.74157
,ERC,ERICH ROAD,,,79.03502499999999,25.820641
,PRN,PARAUNA,,,79.1257213309,25.8668027818
,AIT,AIT,,,79.230436,25.903719000000002
,BHUA,BHUA,,,79.3510848193,25.9455806635
,ORAI,ORAI,,,79.459533963,25.9825370076
,ATA,ATA,,,79.5991430011,26.0445422657
,URG,USARGAON,,,79.680325,26.080448999999998
,KPI,KALPI,,,79.755607,26.119339
,CNH,CHAUNRAH,,,79.782159,26.16506
,PHN,POKHRAYAN,,,79.84088799999999,26.222964
,MLS,MALASA,,,79.907312,26.28889
,LLR,LALPUR,,,79.948516,26.318818
,TLNH,TILAUNCHI,,,80.02677233760001,26.3381999708
,PMN,PAMAN,,,80.08042,26.359934
,RPGU,RASULPURGOGAMAU,,,80.118434,26.376288
,BNAR,BINAUR,,,80.178721,26.402727
,BZM,BHIMSEN,,,80.21814499999999,26.419754
,HLIN,HOLDING LINE,,,80.26021300000001,26.438271
,ASH,AISHBAGH,,,80.90960679930001,26.8373880081
,LC,LUCKNOW CITY,,,80.917866,26.859109
,DAL,DALIGANJ,,,80.927482,26.875384
,BNZ,BADSHAHNAGAR,,,80.9613606,26.8686134
,GTNR,GOMATI NAGAR,,,81.003433,26.860344
,RMBG,RAMGHAT HALT,,,82.2144349255,26.820567771
,KEA,KATRA,,,82.204937,26.842992
,NGB,NAWABGANJ GONDA,,,81.977064,27.153816
,TRE,TIKRI,,,82.070639,27.116135
,YPR,YESVANTPUR JN,,,77.55117399999999,13.022839000000001
,KJM,KRISHNARAJAPURAM,,,77.674016,13.000534
,SGWF,WHITE FIELD SATELLITE,,,77.7614779608,12.9960174083
,WFD,WHITEFIELD,,,77.76130500000001,12.995253
,DKN,DEVANGONTHI,,,77.831087,12.985647
,MLO,MALUR,,,77.940033,12.992108
,BFW,BYATRAYANHALLI,,,77.98850762000001,13.002039739999999
,TCL,TYAKAL,,,78.070518,12.984096000000001
,MZV,MARALAHALLI,,,78.108853,12.988346
,BWT,BANGARAPET,,,78.178188,12.984808
,LOGH,LOTTEGOLLAHALLI,,,77.562257,13.043169
,BYPL,BAIYYAPPANAHALI,,,77.650886,12.990198
,BYPY,BAIYYAPPANAHALLI YARD CABIN,,,77.62557964230001,13.0067311694
,BAND,BANASWADI,,,77.628196,13.00573
,HEB,HEBBAL,,,77.58606,13.042299
,VRDP,VARADAPUR,,,78.1915680487,12.9226601895
,KSM,KAMASAMUDRAM,,,78.200119,12.880706
,BSM,BISANATTAM,,,78.25031624,12.84262771
,GDP,GUDUPULLI,,,78.27491,12.803672
,KPN,KUPPAM,,,78.339549,12.746834
,MAR,MULANUR,,,78.40638899999999,12.661484999999999
,PU,PATCHUR,,,78.4694944,12.586657299999999
,SKPT,SOMANAYAKKANPTI,,,78.54245200000001,12.574922
,BUM,BOMMASAMUDRAM,,,79.176067,13.044566
,RAM,RAMAPURAM,,,79.178793,13.098011999999999
,PYX,PEYANAPALLI,,,79.138282,13.131636
,SIE,SIDDAMPALLI,,,79.137135,13.160644999999999
,CTO,CHITTOOR,,,79.103252,13.219857
,RVSN,RVS NAGAR,,,79.11625703979999,13.2783021967
,PTT,PUTALAPATTU,,,79.098727,13.373419
,PAK,PAKALA JN,,,79.11408,13.451133
,PAM,PANAPAKAM,,,79.210821,13.513241
,MNPT,MUNGILIPATTU,,,79.2410982153,13.5565460528
,KEN,KOTALA,,,79.2872542792,13.6063213389
,CGI,CHANDRAGIRI,,,79.31221500000001,13.61173
,TPW,TIRUPATI WEST HALT,,,79.404624,13.624534
,TPTY,TIRUPATI MAIN,,,79.418968,13.62763
,TCNR,TIRUCHANUR,,,79.455703,13.631300000000001
,RU,RENIGUNTA JN,,,79.50628999999999,13.636261
,YPD,YERPEDU,,,79.578514,13.689108000000001
,RCG,RACHAGUNNARI,,,79.629853,13.714631
,KHT,SRI KALAHASTI,,,79.6830412451,13.7463618318
,AKY,AKKURTI,,,79.6686416895,13.7828960127
,YLK,YELLAKARU,,,79.65057200000001,13.84646
,YAL,YATALURU,,,79.626238,13.893493999999999
,VKI,VENKATAGIRI,,,79.60398699999999,13.943864
,NDZ,NIDIGALLU,,,79.660594,13.988306000000001
,VDD,VENDODU,,,79.72840000000001,14.026947000000002
,KQA,KONDAGUNTA,,,79.79392,14.080027999999999
,LJN,LUCKNOW JN,,,80.91858699999999,26.831967000000002
,AGA,AGRA CITY,,,78.0157752,27.1945731
,RAWS,RAHATWAS,,,77.8327,24.522974
,BRNA,BERAWANYA,,,75.33412200000001,23.465605999999998
,KUH,KHACHROD,,,75.286337,23.442673
,RNH,RUNKHERA,,,75.1888022272,23.413846043299998
,BOD,BANGROD,,,75.1241457,23.3982156
,RTME,RATLAM EAST CABIN,,,75.067019,23.359789999999997
,RTLM,RATLAM JN,,,75.050686,23.340239999999998
,RTM,RATLAM JN,,,75.050826,23.34038
,RTD,RATLAM A CABIN,,,75.042913,23.335631
,DRRN,DR. R K NAGAR,,,75.0060586914,23.310222115
,MRN,MORWANI,,,74.9779687335,23.2764855209
,BILD,BILDI,,,74.91853870000001,23.2255232
,RTI,RAOTI,,,74.87867399999999,23.183572
,BOG,BHAIRONGARH,,,74.7760641077,23.1449211037
,BMI,BAMNIA,,,74.7590158,23.0957635
,AGR,AMARGARH,,,74.747038,23.080689
,PCN,PANCH PIPILA,,,74.737549,23.06329
,BJG,BAJRANGARH,,,74.69499300000001,23.042607
,THDR,THANDLA RD,,,74.666939,23.032708
,MGN,MEGHNAGAR,,,74.539834,22.907459
,NRH,NAHARGARH,,,74.500786,22.873881
,ANAS,ANAS,,,74.421513,22.866009
,BIO,BORDI,,,74.3470986,22.8664871
,DHMA,DHAMARDA,,,74.297046,22.846208
,DHD,DAHOD,,,74.25337400000001,22.843607000000002
,RET,RENTIA,,,74.210847,22.863268
,JKT,JEKOT,,,74.15935400000001,22.865616
,USRA,USRA,,,74.102942,22.842055
,MAM,MANGAL MAHUDI,,,74.058492,22.83578
,LMK,LIMKHEDA,,,73.984515,22.833894
,PPD,PIPLOD JN,,,73.9091,22.819148000000002
,SAT,SANT ROAD,,,73.80040253419999,22.7963945628
,CCL,CHANCHELAV,,,73.71433934,22.795825439999998
,KIZ,KANSUDHI,,,73.64823,22.789343
,GDA,GODHRA JN,,,73.603672,22.776974
,BINA,BINA JN,,,78.1831998,24.170973500000002
,GUNA,GUNA,,,77.314104,24.6405
,MUGA,MAHUGARHA,,,77.24174229549999,24.627745093
,RTA,RUTHIYAI,,,77.175827,24.531922
,VJP,VIJAY PUR,,,77.1624114166,24.493169148
,RGG,RADOGARH,,,77.1547924854,24.435611305000002
,KHRJ,KUMBHRAJ,,,77.079574,24.363097
,RMQ,RAMRI,,,77.051454,24.242752
,CBK,CHACHAURA BINAGANJ,,,77.01660299999999,24.178144
,PCF,PENCHI,,,77.005837,24.138711
,SFZ,SINDURIYA KACHARI,,,76.9259037006,24.0210993429
,BRRG,BIYAVRA RAJGARH,,,76.907007,23.93591
,KNRA,KACHNARIA,,,76.878726,23.883958
,KNWS,KARANWAS,,,76.808926,23.80408
,PFR,PACHOR ROAD,,,76.741609,23.729095
,UDK,UDYAN KHERI,,,76.639447,23.680052
,PQU,PARHANA MAU,,,76.5556067877,23.6266363986
,SFW,SARANGPUR,,,76.4871872211,23.5810641859
,SFF,SUNERA PIRKHERI,,,76.36030299999999,23.474148000000003
,SFY,SHAJAPUR,,,76.297843,23.425074
,CAZ,CHAUHANI,,,76.264491,23.332144
,SYO,SIROLIYA,,,76.225424,23.30556
,MDVK,MAHADEOKHEDI,,,78.193689,24.217392
,SRKI,SEMARKHERI,,,78.177733,24.288941
,KXB,KANJAI,,,78.169132,24.331047
,MNV,MUNGAOLI,,,78.11099,24.402175
,GVB,GUNERU BAMORI,,,78.0625395081,24.4617725676
,PIA,PIPRAIGAON,,,77.964258,24.503643
,RTWS,RAHATWAS,,,77.83266,24.522934000000003
,ORR,ORR,,,77.799315,24.530939
,HPKA,HINOTIA PIPALKHERA,,,77.770415,24.550797000000003
,ASKN,ASHOK NAGAR,,,77.726725,24.58015
,RIKA,RATIKHEDA,,,77.656544,24.59745
,SHDR,SHADHORAGAON,,,77.584671,24.633366
,PIGT,PILIGHAT,,,77.49331000000001,24.660758
,PGA,PAGARA,,,77.44077,24.65577
,MABN,MABAN,,,77.371542,24.641196
,IAA,INDARA JN,,,83.61961099999999,25.987832
,ML,MALHOUR,,,81.0404752448,26.8534491635
,JRR,JUGAUR,,,81.08856127690001,26.881922122
,SFH,SAFEDABAD,,,81.1166012347,26.8978573678
,BBK,BARABANKI JN,,,81.18104,26.935335
,MAU,MAU JN,,,83.564347,25.93948
,PLGH,PALIGARH,,,83.50513000000001,25.959544
,KRT,KHURAHAT,,,83.455442,25.984989000000002
,MMA,MUHAMMADABAD,,,83.376007,26.026235
,SAA,SATHIAON,,,83.28731699999999,26.034194
,SDHA,SIDHARI HALT,,,83.18766740909999,26.0377415583
,RES,RASULL,,,81.2534495215,26.9314225458
,AMH,AZAMGARH,,,83.160614,26.038607
,RKS,SARAI RANI,,,83.12149199999999,26.015838
,PHY,PHARIHA,,,83.0299456195,26.007478447900002
,SJER,SANJARPUR,,,82.97217946560001,26.0173317932
,SMZ,SARAI MIR,,,82.9239538,26.0281419
,KRND,KHORASON ROAD,,,82.867173,26.089745999999998
,SGJ,SAFDARGANJ,,,81.36116,26.914454
,DJD,DIDARGANJ ROAD,,,82.805191,26.092367
,KHJA,KHANJA HALT,,,82.744969,26.088482
,SYK,SAIDKHANPUR,,,81.462176,26.89846
,DYD,DARYABAD,,,81.550114,26.861303
,PTH,PATRANGA,,,81.625869,26.825007
,RZN,RAUZAGAON,,,81.70800700000001,26.785263999999998
,RDL,RUDAULI,,,81.754202,26.762188000000002
,GMU,GAURIYAMAU,,,81.79366,26.757029
,BNM,BARAGAON,,,81.8470278857,26.755374103399998
,DELO,DEORAKOT,,,81.90635800000001,26.754368
,SLW,SOHWAL,,,81.983837,26.753048
,SLRP,SALARPUR,,,82.013173,26.752552
,FD,FAIZABAD JN,,,82.135574,26.768996
,ACND,ACHARYA NARENDRA DEV NAGAR,,,82.156997,26.774576
,AY,AYODHYA,,,82.200604,26.787784
,DRG,DARSHANNAGAR,,,82.2083842694,26.7522286283
,BLG,BILHAR GHAT,,,82.2689979,26.6813068
,ULN,ULNA BHARI,,,82.319243,26.632175
,GGJ,GOSHAINGANJ,,,82.384123,26.569524
,KTHE,KATAHRI,,,82.44776399999999,26.4952
,ABP,AKBARPUR,,,82.539073,26.429818
,JFG,JAFARGANJ,,,82.5823193939,26.360277060599998
,MLPR,MALIPUR,,,82.63130000000001,26.281482
,TLGR,TULSI NAGAR,,,82.651701,26.215063
,BWI,BILWAI,,,82.665181,26.158966
,SHG,SHAHGANJ JN,,,82.679662,26.061399
,PEP,PHEPHNA JN,,,84.05132499999999,25.770309
,SVI,SAGARPALI,,,84.098657,25.758015
,HLP,HALDHARPUR,,,83.67908,25.963348
,RTP,RATANPURA,,,83.744472,25.921924
,RJMP,RAJMALPUR ROAD,,,83.788671,25.892921
,RSR,RASRA,,,83.85785,25.861714
,SNRA,SANWARA,,,83.910076,25.845461
,CHR,CHILKAHAR,,,83.965313,25.82699
,JGKS,JIGNI KHAS,,,84.00627300000001,25.802194
,BUI,BALLIA,,,84.15311999999999,25.76057
,BCD,BANSDIH ROAD,,,84.215238,25.8115832
,CATA,CHHATA ASCHAURA,,,84.253936,25.824617
,STW,SAHATWAR,,,84.295491,25.827831
,ROI,REOTI,,,84.37469,25.833886
,DCP,DAL CHAPRA,,,84.432615,25.82706
,SIP,SURAIMANPUR,,,84.48002199999999,25.80918
,BKLA,BAKULHA,,,84.543411,25.797877
,MHT,MANJHI,,,84.58475899999999,25.828485
,RVG,REVELGANJ GHAT HALT,,,84.6394018433,25.787071962800002
,GTST,GAUTAMSTHAN,,,84.6634794519,25.7868591282
,BJF,BIJNI,,,90.70782700000001,26.497967
,PTLD,PATILADAHA,,,90.78453400000001,26.504091000000003
,SBE,SORBHOG JN,,,90.88828099999999,26.494286000000002
,BPRD,BARPETA ROAD,,,90.9639649,26.5028473
,GSA,GUAGACHHA,,,91.01633199999999,26.501588
,SPQ,SORUPETA,,,91.0760593414,26.4996888512
,PBL,PATHSALA,,,91.176255,26.497475
,NSRH,NIZ-SARIHA HALT,,,91.2211261203,26.4860621389
,TIHU,TIHU,,,91.267699,26.471321
,KTCH,KAITHALKUCHI,,,91.339022,26.450315
,NLV,NALBARI,,,91.440291,26.450629
,GOE,GHOGRAPUR,,,91.539986,26.450741999999998
,RNY,RANGIYA JN,,,91.605929,26.447900999999998
,KDKN,KENDUKANA,,,91.63681,26.374067
,BIZ,BAIHATA,,,91.684343,26.343713
,CGS,CHANGSARI,,,91.693023,26.256204
,AGT,AGTHORI,,,91.686006,26.20089324
,KYQ,KAMAKHYA,,,91.689505,26.156154
,GHY,GUWAHATI,,,91.751851,26.182635
,JPE,JALPAIGURI ROAD,,,88.70945300000001,26.559016999999997
,NQH,NEW DOMOHANI,,,88.786571557,26.569680979
,NMX,NEW MAYNAGURI,,,88.822868,26.578607
,BYXA,BETGARA,,,88.885559,26.612665
,ATM,ALTAGRAM,,,88.946682,26.608131
,DQG,DHUPGURI,,,88.994973,26.573532
,KLGR,KHALAIGRAM,,,89.052194,26.550420000000003
,SXX,SALBARI,,,89.10552673400001,26.5460609943
,FLK,FALAKATA,,,89.19227488279999,26.5383964616
,GMZ,GUMANI HAT,,,89.2392642694,26.4740709229
,GUZ,GUMANI HAT,,,89.2398742694,26.4746809229
,GDX,GHOKSADANGA,,,89.2780105872,26.4228864281
,SJRR,SAJHERPAR,,,89.35227413269999,26.4224452405
,PQZ,PUNDIBARI,,,89.393542,26.413245
,NCB,NEW COOCH BEHAR,,,89.469766,26.353158999999998
,NBS,NEW BANESWAR,,,89.5104217529,26.3950219126
,NOQ,NEW ALIPURDAUR,,,89.541398,26.48572
,SMTA,SAMUKTALA ROAD,,,89.6346837433,26.483337452
,KAMG,KAMAKHYAGURI,,,89.721829,26.484168
,JOQ,JORAI,,,89.8034610461,26.454875498099998
,SRPB,SRIRAMPUR ASSAM,,,89.903914613,26.4269150632
,GOGH,GOSSAIGAON HAT,,,89.9715891956,26.4291071597
,CROA,CHAUTARA,,,90.08572902709999,26.4022417983
,PQK,PRATAP KHATA,,,90.11849600000001,26.386384000000003
,FKM,FAKIRAGRAM JN,,,90.186189,26.365237
,SUF,SESAPANI,,,90.225701,26.386181999999998
,KOJ,KOKRAJHAR,,,90.274125,26.405057
,SLKX,SALAKATI,,,90.357339,26.44577
,BSGN,BASUGAON,,,90.42014999999999,26.460164000000002
,DTX,DANGTAL,,,90.46504900000001,26.465846
,NBQY,NEW BONGAIGAON YARD,,,90.52148600919999,26.4721133248
,NBQ,NEW BONGAIGAON,,,90.53684346440001,26.4758354405
,BNGN,BONGAIGAON,,,90.560548,26.478293
,CPQ,CHAPRAKATA,,,90.6120253168,26.4928550164
,JPR,JAKPUR,,,87.389853,22.362509000000003
,MPD,MADPUR,,,87.44326799999999,22.369694000000003
,SMCK,SHYAM CHAK,,,87.500479,22.363450999999998
,BCK,BALICHAK,,,87.55335416,22.35818589
,DUAN,DUAN,,,87.58821800000001,22.354105
,RDU,RADHAMOHANPUR,,,87.612611,22.356484
,HAUR,HAUR,,,87.655069,22.365254
,KHAI,KHIRAI,,,87.69662799999999,22.374504
,PKU,PANSKURA,,,87.7430237079,22.393102763
,PKEO,PANSKURA EAST OUTER,,,87.773512,22.39974
,NPMR,NARAYAN PAKURIA,,,87.773985,22.399692
,BOP,BHOGPUR,,,87.809079,22.401522
,NDGJ,NANDAHGANJA,,,87.832458,22.404098
,MCA,MECHEDA,,,87.85883,22.414105
,KIG,KOLAGHAT GOODS,,,87.88087399999999,22.435188999999998
,DTE,DEULTI,,,87.914003,22.452857
,GGTA,GHORAGHATA,,,87.94424,22.458315
,BZN,BAGNAN,,,87.97071100000001,22.462515
,KGY,KULGACHIA,,,88.020395,22.472352
,ERSD,ERNAKULAM D CABIN,,,76.306549,9.979712000000001
,TRTR,TRIUPUNITTURA,,,76.352761,9.9501
,KFE,KURIKAD,,,76.37635,9.923276999999999
,MNTT,MULANTURUTTI,,,76.389673,9.901576
,KPTM,KANJIRAMITTAM,,,76.410949,9.862331
,TVC,TRIVANDRUM CENTRAL,,,76.95120999999999,8.486679
,TVP,TRIVANDRUM PETTAI,,,76.931673,8.494524
,PVRD,PIRAVAM ROAD,,,76.454731,9.828669
,VARD,VAIKAM ROAD,,,76.47461100000001,9.777648
,KDTY,KADUTURUTTI HALT,,,76.49260000000001,9.756128
,KRPP,KURUPPANTHARA,,,76.51060899999999,9.734535000000001
,ETM,ETTUMANUR,,,76.545152,9.676196000000001
,KFQ,KUMARANALLUR,,,76.531679,9.617136
,KTYM,KOTTAYAM,,,76.532168,9.594177
,CGV,CHINGAVANAM,,,76.525885,9.537757000000001
,CGY,CHANGANASERI,,,76.54841400000001,9.449881
,TRVL,TIRUVALLA,,,76.580267,9.392148
,CNGR,CHENGANNUR,,,76.608271,9.319504
,CYN,CHERIYANAD,,,76.585087,9.273119000000001
,MVLK,MAVELIKARA,,,76.545692,9.239487
,KYJ,KAYANKULAM JN,,,76.512933,9.182586
,OCR,OCHIRA,,,76.525576,9.132022999999998
,KPY,KARUNAGAPALLI,,,76.54402300000001,9.065268000000001
,STKT,SASTHANKOTTA,,,76.59888294679999,9.0323103106
,MQO,MUNROTURUTTU,,,76.6119083966,8.9949977685
,PRND,PERINAD,,,76.620341,8.947916000000001
,QLN,KOLLAM JN,,,76.59675299999999,8.886586000000001
,IRP,IRAVIPURAM,,,76.623059,8.866947999999999
,MYY,MAYYANAD,,,76.64733100000001,8.837759
,PVU,PARAVUR,,,76.66823799999999,8.815758
,KFI,KAPPIL,,,76.67962999999999,8.779435
,EVA,EDAVAI,,,76.69747699999999,8.762883
,VAK,VARKALA,,,76.722872,8.740732
,AMY,AKATHUMURI,,,76.758792,8.70031
,KVU,KADAKAVUR,,,76.766672,8.679078
,CRY,CHIRAYINKIL,,,76.7853703,8.658337900000001
,PGZ,PERUNGUZHI,,,76.808211,8.631561
,MQU,MURUKKAMPUZHA,,,76.830245,8.613629999999999
,KXP,KANIYAPURAM,,,76.854482,8.587612
,KZK,KAZHAKUTTAM,,,76.872235,8.555848000000001
,VELI,VELI,,,76.8829192029,8.5225364873
,KCVL,KOCHUVELI,,,76.8961,8.509254
,BUW,BURHWAL,,,81.39016,27.087081
,CKG,CHOWKA GHAT,,,81.449932,27.100002
,SPC,SITAPUR CITY,,,80.679695,27.583612
,STRK,SITAPUR KUTCHERY HALT,,,80.6871628082,27.5646029424
,SCC,SITAPUR CANT,,,80.698784,27.559468
,TKUR,TAPPA KHAJURIA,,,80.761641,27.579425
,PSN,PARSENDI,,,80.836816,27.582038
,RAMR,RAMAIPUR HALT,,,80.897107,27.545116
,BVN,BISWAN,,,80.990464292,27.4894825714
,SKLP,SHANKARPUR,,,81.01440500000001,27.447221
,SYU,SARAYAN,,,81.042877,27.396332
,BBPR,BABUPUR,,,81.070314,27.349971
,MMB,MAHMUDABAD AVADH,,,81.114404,27.288294999999998
,MGPA,MUNDA GOPAL ASHRAM,,,81.139283,27.255493
,PPE,PAINTEPUR,,,81.157557,27.230021
,TSF,TAHSIL FATEHPUR,,,81.203969,27.168445000000002
,SDAM,SUNDHIAMAU,,,81.28688016720001,27.121414190200003
,BRTA,BARTARA,,,80.007541,27.837593
,UCH,UNCHAULIA,,,80.068986,27.80926
,LNQ,LAKHNAURIA,,,80.1392638623,27.782774131100002
,JBG,JUNG BAHADURGNJ,,,80.172851,27.768418999999998
,MZN,MAHMUDPUR SARAIYAN,,,80.20962499999999,27.754198000000002
,JKH,JAHANIKHERA,,,80.2393415985,27.743837588199998
,MINJ,MAIKALGANJ,,,80.3378219061,27.7175372166
,NERI,NERI,,,80.393681,27.688832
,LCN,LALPUR CHANDRA,,,80.451791,27.659295999999998
,MAHO,MAHOLI,,,80.47707299999999,27.64872
,UDX,URDAULI,,,80.514006,27.632870999999998
,HMP,HEMPUR,,,80.5626491565,27.6162823291
,KATA,KATILI,,,80.614094,27.616759000000002
,BGDS,BHAGWANPUR DESU,,,85.846025,25.827009999999998
,ARG,ANGAR GHAT,,,85.907174,25.795385
,NRN,NARHAN,,,85.975081,25.746997
,ROA,RUSERA GHAT,,,86.035742,25.746302
,MABB,MABBI HALT,,,86.0634696423,25.7492132968
,NWC,NAYA NAGAR,,,86.111011,25.749917999999997
,KGG,KHAGARIA JN,,,86.46525100000001,25.505891
,MNE,MANSI JN,,,86.554446,25.509398
,CDBN,CHEDHABANNI HALT,,,86.5971965247,25.491823628699997
,BAPN,BARAIPURA HALT,,,86.1373006799,25.7394205815
,HPO,HASANPUR ROAD,,,86.18537099999999,25.714772
,SSRH,SHASAN HALT,,,86.19704200000001,25.685978
,SOPR,SONMA PRANPUR(H,,,86.226371,25.631435999999997
,SLNA,SALAUNA,,,86.260279,25.603476
,IMLI,IMLI,,,86.302557,25.555629
,PRGA,PAHARJAGANGAU,,,86.324828,25.531869
,OLP,OLAPUR,,,86.37012200000001,25.517459
,MSK,MAHES KHUNT,,,86.641818,25.46082
,GAI,GOUCHHARI,,,86.674696,25.438433999999997
,PSR,PASRAHA,,,86.743883,25.403765
,BRKD,BHARATKHAND HALT,,,86.806223,25.400724
,BRKB,BHARATKHAND HALT,,,86.805753,25.400254
,NNR,NARAYANPUR,,,86.85938800000001,25.398348
,THB,THANA BIHPUR JN,,,86.934758,25.393571
,BIGH,BAGRIGRAM HALT,,,86.9852379138,25.391339123
,KHQ,KHARIK,,,87.014958,25.388883
,NNA,NAUGACHIA,,,87.09387,25.385261
,KTRH,KATAREAH,,,87.19483600000001,25.400488
,KUE,KURSELA,,,87.253655,25.440774
,BKHR,BAKHRI,,,87.3353004456,25.4998407393
,BRZR,BARARI BAZAR,,,87.3553198425,25.4900643144
,CRR,KARAGOLA ROAD,,,87.3778270438,25.500006821499998
,SMO,SEMAPUR,,,87.47044100000001,25.524483
,NYT,NAYATOLA,,,87.6025963629,25.5613904376
,DNQ,DANDKHORA,,,87.6422368182,25.5724052479
,GRR,GORPHAR,,,87.67179759090001,25.5854196549
,SI,SONALLI,,,87.7176386707,25.604753957099998
,BHNP,BISHANPUR HALT,,,87.74611696720001,25.614900999
,JAU,JHAUA,,,87.775042724,25.613217456300003
,MENP,MEENAPUR,,,87.8024827136,25.6140514163
,SRI,SALMARI,,,87.8375132959,25.6156715055
,VAY,VAYALAR,,,76.311408,9.741742
,SRTL,SHERTALAI,,,76.325151,9.690992
,TRVZ,TIRUVIZHA,,,76.32628100000001,9.641848
,MAKM,MARARIKULAM,,,76.31801800000001,9.597994
,KAVR,KALAVUR HALT,,,76.318097,9.567254
,TMPY,TUMBOLI,,,76.321857,9.519169999999999
,ALLP,ALLEPPEY,,,76.32247600000001,9.483759
,TPM,TOTIYAPALAYAM,,,77.681926,11.292723
,KMX,KOMATIPALLI,,,83.34104699999999,18.381027
,MQJ,MARADAM HALT,,,83.346343,18.400797
,MOD,MORAMPUDI,,,80.620208194,16.3531150213
,GPI,GAJAPATINAGARAM,,,83.33390200000001,18.293291
,GRBL,GARUDUBILLI,,,83.350493,18.214489999999998
,GTLM,GOTLAM,,,83.39573399999999,18.111319
,LDX,LADDA,,,83.412196,19.102692
,JMPT,JIMIDIPETA,,,83.42234400000001,19.044582000000002
,AOR,ARGORA,,,85.314358,23.347039
,KNRT,KUNERU,,,83.440724,18.966946
,GMDA,GUMADA,,,83.457557,18.889176000000003
,PVPT,PARVATIPURAM TN,,,83.433701,18.783875
,PVP,PARVATIPURAM,,,83.42696600000001,18.770670000000003
,NSX,NARSIPURAM HALT,,,83.406282,18.737614999999998
,SNM,SITANAGARAM,,,83.375524,18.672547
,VBL,BOBBILI,,,83.34572200000001,18.576763999999997
,DNV,DONKINAVALASA,,,83.350942,18.468756
,BLH,BELGHARIA,,,88.389455,22.661900000000003
,AGP,AGARPARA,,,88.384761,22.682505000000003
,SEP,SODPUR,,,88.382193,22.698850999999998
,KDH,KHARDAHA,,,88.37715700000001,22.725065
,TGH,TITAGARH,,,88.37405700000001,22.741680000000002
,BP,BARRACKPORE,,,88.371428,22.7610653
,PTF,PALTA,,,88.369524,22.782449
,IP,ICHHAPUR,,,88.37342,22.799819
,SNR,SHYAMNAGAR,,,88.380423,22.828781
,JGDL,JAGADAL,,,88.39459599999999,22.850814
,KNR,KANKINARA,,,88.40450100000001,22.86517
,NH,NAIHATI JN,,,88.4185,22.888555
,GFAE,GARIFA,,,88.409935,22.908445
,HYG,HOOGHLY GHAT,,,88.3319472,22.5572086
,DNH,DEONAGAR,,,86.16169,23.758691
,DDGA,DUGDA,,,86.16192797000001,23.75873842
,LOT,LOHRA,,,82.93066368230001,25.3156017921
,CHH,CHAUKHANDI,,,82.83483412599999,25.3398947588
,SWPR,SEWAPURI,,,82.76954900000001,25.35077
,KEH,KAPSETI,,,82.717694,25.357848
,PRF,PARSIPUR,,,82.63716199999999,25.37052
,BOY,BHADOHI,,,82.5583597,25.3952636
,MOF,MONDH,,,82.48463699999999,25.427572
,SAW,SURIAWAN,,,82.423665,25.461039999999997
,SQN,SARAI KANSRAI,,,82.34519800000001,25.516633
,JNH,JANGHAI JN,,,82.310962,25.549911
,CPB,KANPUR BRIDGE LEFT BANK,,,80.379316,26.477460999999998
,MGW,MAGARWARA,,,80.428892,26.523705
,ON,UNNAO JN,,,80.486199,26.548354
,SIC,SONIK,,,80.559833,26.586191
,AJ,AJGAIN,,,80.62098800000001,26.61721
,KVX,KUSUMBHI,,,80.6542605011,26.639853447100002
,JTU,JAITIPUR,,,80.68894609920001,26.6635672889
,HRN,HARAUNI,,,80.74800300000001,26.70651
,AMV,LUCKNOW ALAMBAGH,,,80.87313999999999,26.794514000000003
,POF,PIPARSAND,,,80.798664,26.743403999999998
,AMS,AMAUSI,,,80.841544,26.77443
,MKG,MANAK NAGAR,,,80.890615,26.810176
,MLJ,MOHANLALGANJ,,,80.984093,26.687033
,KKAH,KANKAHA,,,81.007582,26.618868
,NHN,NIGOHAN,,,81.045358,26.567225
,SAGR,SHRIRAJNAGAR,,,81.077837,26.522626
,BCN,BACHHRAWAN,,,81.10545649999999,26.4773211
,KVG,KUNEANGANJ,,,81.13642,26.395661
,HCP,HARCHANDPUR,,,81.160841,26.34316
,GANG,GANGAGANJ,,,81.201419,26.291456
,RBL,RAE BARELI JN,,,81.23932,26.232684
,RUM,RUPAMAU,,,81.325346,26.230209
,FTG,FURSATGANJ,,,81.41565100000001,26.244522
,JAIS,JAIS,,,81.51914,26.262162
,KCJ,KASIMPUR,,,81.539941,26.257189
,BANI,BANI,,,81.620936,26.227487999999997
,GNG,GAURIGANJ,,,81.68672600000001,26.20341
,TLKH,TALAKHAJURI,,,81.7361317209,26.1769257746
,AME,AMETHI,,,81.806276,26.153024000000002
,MFL,MISRAULI,,,81.84839619259999,26.114370421700002
,SHJP,SAHAJIPUR HALT,,,81.864192,26.096303
,ANTU,ANTU,,,81.8977879919,26.055162063100003
,JGJ,JAGESHARGANJ,,,81.92886622500001,26.0276401405
,CIL,CHILBILA JN,,,82.004241,25.947331
,PBH,PARTAPGARH JN,,,82.00177799999999,25.913308
,PHV,PIRTHIGANJ,,,82.012834469,25.855539958599998
,DND,DANDUPUR,,,82.040632,25.801595
,GRX,GAURA,,,82.091774,25.749367000000003
,SWS,SUWANSA,,,82.14656199999999,25.698842000000003
,BSE,BADSHAHPUR,,,82.190552,25.652268
,NBP,NIBHAPUR,,,82.24969700000001,25.600347
,MACR,MANGULI CHOWDWAR,,,85.943313,20.529594
,GDBR,GOONDA BIHAR,,,86.08116700000001,23.067871
,JHMR,JHIMRI,,,86.0297573352,23.082344321900003
,HNSL,HASLANG P.H.,,,86.0119228906,23.091614317500003
,LTMD,LATEMDA,,,85.98911700000001,23.098392
,BKKI,BAKARKUDI,,,85.970936,23.095049
,TUL,TIRALDIH,,,85.930834,23.132246
,SSIA,SUISA,,,85.909013,23.196775
,TRAN,TORANG,,,85.858638,23.26814
,ILO,ILLOO,,,85.8587351117,23.291632860900002
,ANVT,ANAND VIHAR TRM,,,77.31521255,28.650503565399998
,WIR,WAIR,,,77.699434,28.347316
,WSC,SHIVARAMPUR,,,78.2071583875,27.244947755000002
,GMH,GAMHARIA,,,86.102793,22.796889
,TELO,TELO,,,86.13389199999999,23.811038
,ADTP,ADITYAPUR,,,86.158954,22.782212
,TATA,TATANAGAR JN,,,86.20056000000001,22.768954
,SLJR,SALGA JHARI,,,86.228747,22.75832
,ASB,ASANBONI,,,86.313908,22.712394
,RHE,RAKHA MINES,,,86.354133,22.674292
,GUD,GALUDIH,,,86.410494,22.648871999999997
,GTS,GHATSILA,,,86.479768,22.58616
,DVM,DALBHUMGARH,,,86.551921,22.506293
,KKPR,KOKPARA,,,86.642797,22.474065
,CKU,CHAKULIA,,,86.721161,22.478149
,KNM,KANIMAHULI,,,86.77839399999999,22.482202
,GII,GIDNI,,,86.853201,22.488471999999998
,KATB,KHATKURA,,,86.93022400000001,22.477455
,BIRP,BIRARAJPUR,,,86.06450201000001,22.8235001
,KND,KANDRA,,,86.047863,22.852966
,BBDA,BARBENDA (RNC DIVISION),,,86.110242,23.420983
,KZU,KUNKI,,,86.067757,22.875933
,GUG,GARH JAIPUR,,,86.142459,23.416141999999997
,MIK,MANIKUL,,,86.066359,22.919528
,CAS,CHAS ROAD,,,86.225425,23.415513
,CNI,CHANDIL JN,,,86.07210900000001,22.956014
,GTD,GOURINATHDHAM,,,86.275105,23.396293999999997
,NIM,NIMDIH,,,86.142118,22.993643
,BRMD,BIRAMDIH,,,86.19920954,23.04578437
,BBM,BARABHUM,,,86.2112372,23.0912864
,URMA,URMA,,,86.253775,23.157777
,KTD,KANTADIH,,,86.29629,23.21838
,TAO,TAMNA,,,86.352313,23.268988
,PRR,PURULIA JN,,,86.37787,23.324911
,JGM,JHARGRAM,,,86.9985316705,22.4549644863
,BNB,BANSTOLA,,,87.062669671,22.420974052600002
,SUA,SARDIHA,,,87.12364500000001,22.380612
,KSO,KHEMASULI,,,87.18486299999999,22.337768
,KKQ,KALAIKUNDA,,,87.24399951,22.32945442
,NMP,NIMPURA,,,87.26468600000001,22.332403
,KIS,KAPILAS ROAD,,,85.993925,20.558554
,SJDR,SRI JHADESHWAR,,,86.0192559912,20.5965342443
,BYY,BYREE,,,86.034947,20.628257
,BRTG,BARITHENGARH,,,86.05967143000001,20.65696901
,DNM,DHANMANDAL,,,86.11228,20.687806
,HDS,HARIDASPUR,,,86.116431,20.725882000000002
,NGMP,NEW GARH MADHOPUR,,,86.07210599999999,20.798857
,JEN,JENAPUR,,,86.06508,20.850842
,BRMI,BRAHMANI PH,,,86.0562098645,20.862952007599997
,JKPR,JAKHAPURA,,,86.06533999999999,20.917821
,JJKR,JAJPUR KEONJHAR ROAD,,,86.132518,20.943544
,KRIH,KORAI HALT,,,86.17599399999999,20.959417000000002
,BTV,BAITARANI ROAD,,,86.23539299999999,20.986995999999998
,DLPT,DULAKHAPATNA,,,86.28087400000001,21.007019
,MZZ,MANJURI ROAD,,,86.319698,21.012135999999998
,KED,KENDUAPADA,,,86.38353099999999,21.030623000000002
,KPLD,KAPALI ROAD,,,86.407911,21.040967000000002
,BUDR,BAUDPUR,,,86.4629040051,21.063446010800003
,BHC,BHADRAKH,,,86.5162305,21.091745799999998
,RNTL,RANITAL,,,86.55647400000001,21.149665
,MKO,MARKONA,,,86.596117,21.195555
,SZZ,SABIRA,,,86.62923699999999,21.236882
,SORO,SORO,,,86.69253900000001,21.291083999999998
,BNBR,BAHANAGA BAZAR,,,86.76172839,21.33613403
,PNPN,PANPANA,,,86.790524,21.358714999999997
,KHF,KHANTAPARA,,,86.822911,21.39628
,NGRD,NILGIRI ROAD,,,86.855469,21.426415000000002
,BLS,BALASORE,,,86.91958199999999,21.500521
,TKPL,TIKIRAPAL HALT,,,86.944638,21.535575
,HIP,HALDIPADA,,,86.996648,21.571438999999998
,ROP,RUPSA JN,,,87.018507,21.621995
,LONI,LONI,,,74.02051399999999,18.491630999999998
,URI,URULI,,,74.13682,18.494237
,PUNE,PUNE JN,,,73.873086,18.529378
,GPRW,GHORPURI WEST,,,73.8917897095,18.531687546900002
,HDP,HADAPSAR,,,73.927844,18.526887000000002
,MJBK,MANJARI BUDRUK,,,73.971424,18.512039
,YT,YEVAT,,,74.2563176276,18.4889359723
,KTT,KHUTBAV,,,74.3154633105,18.4861041325
,KDG,KEDGAON,,,74.3763730994,18.482085398400002
,KDTN,KADETHAN,,,74.42173336430001,18.4778037603
,PAA,PATAS,,,74.4696527191,18.4732663908
,DDAP,DAUND PATAS ROAD,,,74.520934,18.468688
,DD,DAUND JN,,,74.578622,18.463547
,DDAM,DAUND A MMR,,,74.5689755029,18.464752713200003
,DDJA,DAUND GOODS YARD,,,74.5607624341,18.4659368312
,KSTH,KASHTI,,,74.5994004132,18.5252942346
,SGND,SHRIGONDA ROAD,,,74.641466,18.598243
,BWD,BELVANDI,,,74.621981,18.710718
,VPR,VISAPUR,,,74.598861,18.82295
,RNJD,RANJANGAON RD,,,74.60070300000001,18.870972
,SRL,SAROLA,,,74.64829499999999,18.947656000000002
,AKR,AKOLNER,,,74.66906999999999,18.985409
,ANG,AHMADNAGAR,,,74.721882467,19.075519477700002
,NNB,NIMBLAK,,,74.68854097469999,19.1183528756
,VL,VILAD,,,74.675069,19.198579
,VBR,VAMBORI,,,74.684974,19.298579999999998
,RRI,RAHURI,,,74.677702,19.411550000000002
,TKMY,TAKLIMIYA,,,74.679765,19.453844
,PDGN,PADHEGAON,,,74.69233,19.536709000000002
,NPW,NIPANI VADGAON,,,74.70471599999999,19.587951
,BAP,BELAPUR,,,74.6617443079,19.619569311800003
,CIT,CHITALI,,,74.6239138208,19.6913918118
,PB,PUNTAMBA,,,74.621959715,19.762025526800002
,KNGN,KANHEGAON,,,74.57128710079999,19.8172996303
,SNVR,SANVATSAR,,,74.56058409549999,19.8832775017
,KPG,KOPARGAON,,,74.503328,19.902943
,YL,YEOLA,,,74.503246,20.043188999999998
,ANK,ANKAI,,,74.4697560736,20.1510279143
,AAK,ANKAI KILA,,,74.4368553961,20.183180430100002
,SS,SHIRSOLI,,,75.507613,20.932994
,MWD,MHASAVAD,,,75.4584622504,20.870401921
,MYJ,MAHEJI,,,75.424619975,20.7689244313
,RCGT,RICHUGHUTU,,,84.58081,23.659779
,DEMU,DEMU,,,84.52562,23.69708
,LTHR,LATEHAR,,,84.46812,23.725092
,BFQ,BENDI,,,84.416974,23.763612000000002
,KMND,KUMENDI,,,84.352452,23.766868000000002
,HHG,HEHEGARA HALT (E),,,84.258524,23.790124
,CPDR,CHHIPADOHAR,,,84.2023836389,23.8133333478
,BRWD,BARWADIH JN,,,84.11877999999999,23.843836
,MAZ,MANGRA,,,84.111898,23.881768
,KCKI,KECKHI,,,84.146829,23.928362999999997
,CNF,CHIANKI,,,84.11566,23.973902
,DTO,DALTONGANJ,,,84.07484299999999,24.033075
,KFT,KAJRI,,,84.0725284845,24.1067922143
,RHR,RAJHURA,,,84.01554999999999,24.154400000000003
,LBT,LALGARH BIHAR HALT,,,83.979632,24.161147
,TRZ,TOLRA,,,83.923324,24.18584
,GHD,GARWA ROAD,,,83.885116,24.214419
,BCJ,BAGAHABISHUNPUR,,,84.204658,24.811468
,BSYA,BARKISALALYA,,,84.178495,24.773978
,ANH,ANKORAH AKORHA,,,84.169539,24.761166999999997
,NBG,NABENAGAR ROAD,,,84.094044,24.653944
,KYF,KAJRAT NAWADIH,,,84.05014,24.591041
,JPL,JAPLA,,,84.00286600000001,24.538968999999998
,HDN,HAIDARNAGAR,,,83.951049,24.498081
,KVQ,KOSIARA,,,83.908564,24.478657000000002
,MDJ,MUHAMMADGANJ,,,83.869978,24.42644
,SZF,SATBAHINI,,,83.84911,24.386582
,URD,UNTARE ROAD,,,83.834497,24.34094
,KRTA,KARKATA,,,83.837652,24.296038000000003
,SQS,SIGSIGI,,,83.853323,24.260566999999998
,RMT,RAMGARH CANT,,,85.520249,23.617327
,BRKA,BARKAKANA,,,85.469553,23.624159
,MAEL,MAEL,,,85.626042,23.574668000000003
,BHKD,BHURKUNDA,,,85.3721452,23.6375642
,BRKP,BARKIPONA,,,85.64647599999999,23.568766
,PTRU,PATRATU,,,85.30587700000001,23.667024
,GRE,GOLA ROAD,,,85.697139,23.545551
,TKS,TOKISUD,,,85.239282,23.678639
,HRBR,HARUBERA,,,85.76022876969999,23.4999492658
,HNDR,HENDEGIR,,,85.169817,23.697803
,SND,SONDIMRA,,,85.782435799,23.476936582300002
,KOLE,KOLE,,,85.104901,23.695961
,BLNG,BARLANGA,,,85.833473,23.449913
,RAY,RAY,,,85.077816,23.690082
,KLRE,KHALARI,,,85.001627,23.651055
,MGME,MCCLUSKIEGANJ,,,84.940855,23.651781
,MMLN,MAHUAMILAN,,,84.854527,23.662240999999998
,TORI,TORI,,,84.739774,23.680808
,CTQ,CHETAR,,,84.646426,23.682881000000002
,KCAB,K-CABIN BONDAMUNDA,,,84.91385700000001,22.233321
,ACAB,A-CABIN BONDAMUNDA,,,84.945577,22.23969
,LNKC,LINK C-CABIN,,,84.974611,22.267173000000003
,RNC,RANCHI,,,85.33352,23.348811
,NKM,NAMKON,,,85.37667200000001,23.351755
,TIS,TATISILWAI,,,85.435706,23.369844999999998
,GAG,GANGAGHAT,,,85.5070501038,23.3613982411
,KWKC,KHERWA KOCHA,,,85.5948557446,23.360567527599997
,JON,JONHA,,,85.6089136389,23.3589592105
,KITA,KITA,,,85.76424803159999,23.364884802800002
,SLF,SILLI,,,85.82812938660001,23.351563397099998
,MURI,MURI,,,85.8669906885,23.376284371
,THO,TULIN,,,85.902125,23.378363
,JAA,JHALIDA,,,85.97528199999999,23.370005
,BKDR,BEGUN KUDAR,,,86.01258700000001,23.383687
,KSX,KOTSHILA,,,86.079548,23.411691
,DRGU,DAMRU GHUTU,,,86.08981,23.451359999999998
,PNW,PUNDHAG,,,86.08957600000001,23.508909
,RDF,RADHAGAON,,,86.08906499999999,23.59787
,BKCA,BOKARO STEEL CITY A CABIN,,,86.08772599999999,23.649514
,BKSC,BOKARO STEEL CITY,,,86.08501600000001,23.656551
,BKSN,BKSC NORTH CABIN,,,86.078541,23.671356
,TKB,TUPKADIH,,,86.0638904572,23.7136175901
,RJB,RAJABERA,,,86.080936,23.751105
,CRP,CHANDRAPURA,,,86.119775,23.755676
,JNNA,JAMUNIATANR HALT,,,86.1921944211,23.754897530999997
,JMX,JAMUNI,,,86.193727,23.762742
,PLJE,PHULWARTANR,,,86.226577,23.77515
,BDQ,BUDORA,,,86.23544766479999,23.7785572386
,TNO,TUNDU,,,86.252293,23.788733
,SZE,SONARDIH,,,86.265063,23.7915
,TNJE,TENTULLA,,,86.277173,23.790335
,KTH,KATRASGARH,,,86.302399,23.795757000000002
,ANJE,ANGARPATHRA HALT,,,86.319368,23.793062
,SJA,SIJUA,,,86.3297280994,23.7901556866
,BZS,BANSJORA,,,86.354545,23.789931
,BZE,BASERIA,,,86.381653,23.786754
,KDS,KASUNDA JN,,,86.39589356020001,23.7899886114
,BWPB,BHAWANIPUR BIHAR,,,87.8677507141,25.5946164603
,MFA,MAKURIA,,,87.88715343380001,25.6292447936
,BOE,BARSOI JN,,,87.9229421,25.651242200000002
,HDB,HALDIBARI,,,88.78193599999999,26.334952
,KSBI,KASHIABARI,,,88.76856599999999,26.384653999999998
,MDG,MANDAL GHAT,,,88.754758,26.430757
,KDX,KADABARI HAT,,,88.73098599999999,26.476201
,JPG,JALPAIGURI,,,88.723026,26.51816
,MOP,MOHITNAGAR,,,88.669651,26.53055
,BAHN,BABHABGAON HALT,,,87.8098941528,25.4483399037
,KWE,KHURIAL,,,87.82685530639999,25.4911139274
,KMPH,KAMALPUR HALT,,,87.8374616345,25.5183120087
,AZR,AZAMNAGAR ROAD,,,87.8523278357,25.555555642399998
,SJGM,SANJAY GRAM,,,87.890377,25.706241000000002
,SUD,SUDHANI,,,87.87948867189999,25.727853611399997
,AHL,AJHARAIL,,,87.848322,25.781637999999997
,TETA,TELTA,,,87.84221,25.806579
,DLK,DALKOLHA,,,87.83887700000001,25.873416
,SJKL,SURJA KAMAL,,,87.849258,25.935932
,KKA,KANKI,,,87.864524,26.003232999999998
,HWR,HATWAR,,,87.89303199999999,26.044989
,THED,TAUHEED,,,87.9308854236,26.0849205699
,KNE,KISHANGANJ,,,87.949657,26.097746
,PJP,PANJIPARA,,,88.0180577417,26.140165652700002
,GIL,GAISAL,,,88.0895072131,26.1848261159
,GEOR,GUNJARIA,,,88.132222,26.218465000000002
,AUB,ALUABARI ROAD,,,88.18561000000001,26.269681
,DBQ,DHULABARI,,,88.231234,26.361571
,MXJ,MANGURJAN,,,88.256909,26.412488
,TMH,TIN MILE HAT,,,88.279995,26.436601
,DMZ,DUMDANGI,,,88.296508,26.47724
,CAT,CHATTAR HAT,,,88.323376,26.548827
,NJB,NIJBARI,,,88.337505,26.587597
,RNI,RANGAPANI,,,88.37438599999999,26.664263000000002
,NJP,NEW JALPAIGURI,,,88.443391,26.683025
,ABFC,AMBARI FALAKATA,,,88.510593,26.641553000000002
,BLK,BELAKOBA,,,88.583312,26.591441
,RQJ,RANINAGAR JALPAIGIRI,,,88.64829300000001,26.544663
,SMI,SITAMARHI JN,,,85.504707,26.594374000000002
,BHSA,BHISA HALT,,,85.533501,26.576528999999997
,PSZ,PARSAUNI,,,85.574611,26.55631
,BJT,BAJPATTI,,,85.62061299999999,26.546976
,AWPR,AWAPUR,,,85.652916,26.508916000000003
,BCPR,BACHHARPUR HALT,,,85.66252866580001,26.4946286292
,JNR,JANAKPUR ROAD,,,85.70085599999999,26.467914
,CNX,CHANDAUNA HALT,,,85.72316500000001,26.440884
,JGA,JOGIARA,,,85.74673274050001,26.407114392700002
,DBLI,DEBRABANDHAULI HALT,,,85.76995,26.384826
,MRTA,MURAITHA,,,85.786612,26.369764999999997
,KML,KAMTAUL,,,85.808624,26.337348000000002
,TQR,TEKTAR,,,85.846291,26.275833
,MHP,MUHAMMADPUR,,,85.852798,26.236878
,SHEO,SHISHO,,,85.863867,26.206032
,MFP,MUZAFFARPUR JN,,,85.378006,26.122311
,NRPA,NARAYANPUR ANANT,,,85.409122,26.089052
,SLT,SILAUT,,,85.44337800000001,26.048926
,SIHO,SIHO,,,85.50594000000001,26.00841
,DOL,DHOLI,,,85.562495,25.976952
,DUBH,DUBAHA,,,85.617108,25.948784999999997
,VBH,VISHNUPUR BATHUA HALT,,,85.64428754389999,25.931020256700002
,KRBP,KHUDIRAM B PUSA,,,85.672677,25.906434
,KPGM,KARPURIGRAM,,,85.72417800000001,25.869802
,KUQ,KURETHA,,,87.64432343200001,25.4955599448
,SAJH,SAHJA HALT,,,87.67395400000001,25.478182
,PQD,PRANPUR ROAD,,,87.70486823670001,25.4623621243
,LAV,LABHA,,,87.74514032169999,25.439646755400002
,DVJ,DILLI DEWAN GANJ,,,87.778612,25.432721
,MBC,MAHANANDA BGE,,,88.0833990649,25.1883357022
,KMRJ,KUMARGANJ,,,88.065592,25.218816
,SRPU,SRIPUR HALT,,,88.0440169482,25.2570761576
,SM,SAMSI,,,88.00975700000001,25.276197
,MFZ,MALAHAR,,,87.95782,25.303708999999998
,BKRD,BHALUKA ROAD F,,,87.9121276,25.3425716
,MQG,MILANGARH,,,87.8962231482,25.368746039300003
,HCR,HARISCHANDRPUR,,,87.867051,25.403999000000002
,KDPR,KUMEDPUR,,,87.80435766599999,25.4334484028
,KIR,KATIHAR JN,,,87.566409,25.548947
,MIYN,MANIYAN,,,87.6069420667,25.5232741031
,KIRB,KATIHAR CBO MB,,,87.578873,25.552735
,DLF,DALAN,,,87.560853,25.6118
,RWA,RAUTARA,,,87.523472,25.674635000000002
,RNX,RANIPATRA,,,87.514183,25.735576
,PRNA,PURNIA JN,,,87.519124,25.790678
,KUB,KASBA,,,87.529476,25.860675
,GBN,GARH BANAILI,,,87.535041,25.915091
,JAG,JALARGARH,,,87.529496,25.953959
,SATR,SATR HALT,,,87.508427,26.001172999999998
,KSY,KUSIARGAON,,,87.47981800000001,26.057858000000003
,ARQ,ARARIYA COURT,,,87.446912,26.114921000000002
,ARR,ARARIYA,,,87.41199809689999,26.137118266799998
,HOD,HALDITA BIHAR,,,87.35900971560001,26.165935176599998
,SMH,SIMRAHA,,,87.32135753540001,26.1944356285
,GPE,GOGIPOTHIA HALT,,,87.284335,26.250043
,DLZ,DHOLBAJA,,,87.27139700000001,26.2748
,FBG,FORBESGANJ,,,87.262803,26.298901
,BTF,BATHNAHA,,,87.237767,26.341854
,JBN,JOGBANI,,,87.263262,26.402263
,BZL,BELANAGAR,,,88.318224,22.661604999999998
,BLGT,BALURGHAT,,,88.757636,25.232648
,MKRH,MALLICKPUR HAT,,,88.676426,25.325703
,RMPB,RAMPUR BAZAR,,,88.60611,25.358763
,MLNH,MALANCHA,,,88.586067,25.368716000000003
,GRMP,GANGARAMPUR,,,88.516447,25.390399
,BNDP,BUNIADPUR,,,88.402088,25.386267
,DLPH,DAULATPUR HAT,,,88.33278722,25.32611273
,DOTL,DEOTALA,,,88.294214,25.274328999999998
,MANG,MAHANAGAR,,,88.251102,25.247077
,GZO,GAZOLE,,,88.19888499999999,25.224984
,BDAG,BONIDANGA,,,87.81052581,24.82345158
,BDBS,BINDUBASINI HAL,,,87.859263,24.792848
,TDLE,TILDANGA,,,87.873801,24.786749
,NFKB,NEW FARAKKA-B-CABIN,,,87.91579300000001,24.782115
,NFK,NEW FARAKKA JN,,,87.915236,24.794558
,CMX,CHAMAGRAM,,,87.96334499999999,24.821334
,KTJ,KHALTIPUR,,,88.021646,24.875742000000002
,JMQ,JAMIRGHATA,,,88.06775999999999,24.916623
,GZM,GOUR MALDA,,,88.11078197,24.947944439999997
,MLDT,MALDA TOWN,,,88.130338,25.015659
,OMLF,OLD MALDA,,,88.143718,25.053174000000002
,ADF,ADINA,,,88.12318,25.114396999999997
,EKI,EKLAKHI,,,88.099492,25.167868000000002
,JDA,JASODA,,,79.820294,27.08393
,KHDP,KHUDLAPUR,,,79.78027300000001,27.098961
,GHJ,GURSAHAIGANJ,,,79.732035,27.118804
,MLKP,MALIKPUR,,,79.690181,27.161781
,KDJ,KHUDAGANJ,,,79.666264,27.184464000000002
,SGRP,SINGHIRAMPUR,,,79.62941099999999,27.262707
,KLJ,KAMALGANJ,,,79.620832,27.292663
,YAG,YAQUTGANJ,,,79.618493,27.32595
,FGR,FATEHGARH,,,79.62159,27.369608
,FBD,FARRUKHABAD,,,79.57173700000001,27.38236
,HSY,HARSINGPUR GOBA,,,79.49825360349999,27.4300235579
,SHX,SHUKHARULLAPUR,,,79.471943,27.44826
,SSD,SHAMSABAD,,,79.438167,27.469911999999997
,BHTS,BHATASA,,,79.38388843,27.50375661
,KMJ,KAIMGANJ,,,79.3272155493,27.5409770085
,KXF,KAMPIL ROAD,,,79.265007,27.567619
,RDN,RUDAIN,,,79.186618,27.579928
,BAPR,BALLUPUR,,,79.1451478125,27.5865985855
,DRO,DARYAOGONJ,,,79.0824955792,27.5980988686
,NHX,NARTHAR,,,79.02313742000001,27.6329307124
,PTI,PATIALI,,,78.9841732028,27.6843201328
,GWA,GANJ DUNDWARA,,,78.939319176,27.7264028171
,GRAK,GARKHA,,,78.8842900433,27.748517604099998
,SWRT,SAHAWAR TOWN,,,78.831344,27.794835
,BHK,BADHARI KALAN,,,78.734589,27.799053
,KSJ,KASGANJ,,,78.64602599999999,27.801887
,MHA,MARAHRA,,,78.55504400000001,27.746474000000003
,AUL,AGSAULI,,,78.44455300000001,27.705676999999998
,SKA,SIKANDRA RAO,,,78.387573,27.684085999999997
,BTRO,BASTOI HALT,,,78.285451,27.66742
,RKN,RATI KA NAGLA,,,78.24056900000001,27.654398
,HTJ,HATHRAS ROAD,,,78.136899,27.622436999999998
,MEU,MENDU,,,78.09995699999999,27.614247
,HTC,HATHRAS CITY,,,78.05506869999999,27.599816899999997
,MSN,MURSAN,,,77.9363,27.574211
,SYZ,SONAI,,,77.88736,27.570504
,RAYA,RAYA,,,77.7868838446,27.5524062276
,MRT,MATHURA CANT,,,77.685113,27.491013
,CPA,KANPUR ANWARGANJ,,,80.328444,26.456232999999997
,RPO,RAWATPUR,,,80.298113,26.482981000000002
,KAP,KALIANPUR,,,80.25289199999999,26.503485
,MDA,MANDHANA JN,,,80.222507,26.557002
,CBR,CHAUBEPUR,,,80.21142400000001,26.598927999999997
,BJR,BARRAJPUR,,,80.13867760000001,26.685165899999998
,UTP,UTRIPURA,,,80.095478,26.73974
,DUO,DHAURSALAR,,,80.08140399999999,26.798349
,BLU,BILHAUR,,,80.060383,26.839002
,BKTS,BAKOTHIKHAS,,,80.03776699999999,26.87806
,ARL,AROUL,,,80.01863300000001,26.920662
,GWP,GANGAWAPUR HALT,,,79.9979940411,26.958804182199998
,MNMU,MANI MAU,,,79.9651825488,26.98913852
,KJN,KANNAUJ,,,79.926109,27.026507
,KJNC,KANNAUJ CITY,,,79.909983,27.039814
,JPP,JALALPUR PANWARA,,,79.8736107968,27.0623131608
,BC,BAREILLY CITY,,,79.403718,28.3556564
,NMDA,NEW MORINDA,,,76.518125,30.776469
,NLDM,NANGAL DAM,,,76.37261500000001,31.370543
,BNLY,BHANUPLI,,,76.420351792,31.2990814767
,ANSB,ANANDPUR SAHIB,,,76.50060350000001,31.2305136
,KART,KIRATPUR SAHIB,,,76.563302,31.186811000000002
,BARJ,BHARATGARH,,,76.59140316889999,31.1104617696
,GANL,GHANAULI,,,76.59214300000001,31.025994
,RPAR,RUPNAGAR,,,76.533241,30.972816
,MNPR,MINAPUR,,,76.567332,30.911265
,CTLI,CHATOULI,,,76.580921825,30.856220295700002
,KRLI,KURALI,,,76.57193000000001,30.835005000000002
,MRND,MORINDA,,,76.502461,30.791519
,NGWN,NOGANWAN,,,76.44328700000001,30.738403
,BSPN,BASSI PATHANAM,,,76.4096692,30.6884592
,FGSB,FATEHGARH SAHIB,,,76.38812399999999,30.650726
,MTI,MITAWAL,,,78.19892399999999,27.292310999999998
,BRN,BARHAN,,,78.19231699999999,27.32891
,DSBP,DELHI SHAHDARA B PANEL,,,77.342818,28.670746
,CNJ,CHANDER NAGAR,,,77.33120100000001,28.662871000000003
,ANVR,ANAND VIHAR,,,77.3140236,28.6486144
,MWC,MANDAWALI CHANDER VIHAR,,,77.253315,28.613384
,CMR,CHAMROLA,,,78.180143,27.393031999999998
,JLS,JALESAR ROAD,,,78.16993,27.44546
,PORA,PORA,,,78.154207,27.532025
,HRS,HATHRAS JN,,,78.13706699999999,27.62483
,SNS,SASNI,,,78.1224601752,27.704263607599998
,MXK,MANDRAK,,,78.1102865904,27.7686349988
,DAQ,DAUD KHAN,,,78.09879699999999,27.830504
,ALJN,ALIGARH JN,,,78.074559,27.889584
,SBB,SAHIBABAD,,,77.364182,28.674037
,GZB,GHAZIABAD,,,77.431099,28.649702
,CYZ,CHIPYANA BUZURG,,,77.45934600000001,28.627976999999998
,MIU,MARIPAT,,,77.495428,28.586886
,DER,DADRI,,,77.537422,28.537940000000003
,BRKY,BORAKI,,,77.56361700000001,28.507907999999997
,AJR,AJAIBPUR,,,77.59373730349999,28.4728347205
,DKDE,DANKAUR,,,77.64321100000001,28.415313
,WAIR,WAIR,,,77.69926699999999,28.347255
,CHL,CHOLA,,,77.72940894,28.31216512
,GNRL,GANGRAUL,,,77.75473000000001,28.28297
,SKQ,SIKANDARPUR,,,77.783931,28.247759000000002
,KRJ,KHURJA JN,,,77.81903999999999,28.206407000000002
,KAMP,KAMALPUR,,,77.83998100000001,28.182673
,DAR,DANWAR,,,77.88391252,28.129968509999998
,SOM,SOMNA,,,77.948193,28.052674
,KLA,KULWA,,,78.007062,27.982509
,MWUE,MAHRAWAL,,,78.04247000000001,27.937875000000002
,KUR,KHURDA ROAD JN,,,85.70823399999999,20.153076
,RTN,RETANG,,,85.760851,20.199417999999998
,SRKT,SARKANTRA,,,85.79623099999999,20.228282
,LGTR,LINGARAJ TEMPLE ROAD,,,85.81587200000001,20.234947
,BBS,BHUBANESWAR,,,85.84259499999999,20.265388
,BNBH,BANI BIHAR,,,85.852653,20.292611
,MCS,MANCHESWAR,,,85.84486600000001,20.321861
,PTAB,PATIA HALT,,,85.841374,20.349273
,BRAG,BARANG,,,85.832573,20.400699
,PURI,PURI,,,85.839992,19.811459000000003
,MLT,MALATIPATPUR,,,85.83177,19.865258
,JKDP,JANKIDAIPUR,,,85.81927,19.888365
,SIL,SAKHI GOPAL,,,85.816074,19.942882
,BRST,BIR PURUSHOTTAMPUR,,,85.80635131,19.99039983
,JPRD,JENAPUR ROAD,,,85.786572,20.018355
,JERD,JENAPUR PH,,,85.786976,20.018615
,DEG,DELANG,,,85.76695,20.038474
,KASR,KANAS ROAD,,,85.7428,20.06205
,MWQ,MOTARI HALT,,,85.72919200000001,20.090583
,HPGM,HARIPUR GRAM,,,85.707856,20.133571999999997
,NQR,NARAJ MARTHAPUR,,,85.779525,20.459324
,SPSR,SARPESWAR PH,,,85.744973,20.482906
,GHNH,GHANTIKHAL NIDHIPUR,,,85.736186,20.510921999999997
,RQP,RADHAKISHOREPUR,,,85.754538,20.559919999999998
,RJGR,RAJTHAGARH,,,85.741633,20.576104
,JRZ,JORANDA ROAD,,,85.640413,20.623365
,KSRK,KASRAK HALT,,,79.684256,28.025029999999997
,SCPR,SHYAMA CHARANPUR HALT,,,85.616279,20.642413
,MZM,MUZZAMPUR NARAIN,,,78.222356,29.58301
,DOKY,DUKHERI,,,76.8839,30.294992
,KES,KESRI,,,76.933887,30.264574
,TDW,TANDWAL,,,76.98871199999999,30.23388
,RAA,BARARA,,,77.035501,30.213325
,MFB,MUSTAFABAD,,,77.123303,30.181009
,DZP,DARAZPUR,,,77.195721,30.152546
,JUDW,JAGADHRI WORKSHOP,,,77.240819,30.135558
,JUD,YAMUNANAGAR-JAGADHRI,,,77.287602,30.116844
,KNZ,KALANOUR,,,77.341227,30.082428
,SSW,SARSAWA,,,77.42396000000001,30.024226
,PKY,PILKHANI,,,77.472879,29.997528
,SRE,SAHARANPUR,,,77.54173899999999,29.960529
,HNC,HINDAN CABIN,,,77.597212,29.940002
,BAE,BALIAKHERI,,,77.63368,29.9285
,SNKE,SUNEHTI KHARKHARI,,,77.683524,29.913102000000002
,YJUD,YAMUNANAGAR JAGADHARI,,,77.28757996649999,30.1174255334
,BHAW,BLOCK HUT A (BHA),,,80.98059500000001,26.802226
,UTR,UTRAHTIA,,,80.974031,26.763061
,BHDH,BAHADURPUR HALT,,,79.7825431824,27.9522550839
,BTRA,BANTHRA,,,79.82818,27.929239
,SPN,SHAHJEHANPUR,,,79.904605,27.894224
,SXK,SHAJAHANPURCORT,,,79.913517,27.890862000000002
,ROZA,ROZA JN,,,79.956038,27.853121
,PRPM,PT RAM PRASAD BISMIL,,,79.957596,27.814705
,MGMY,MUGHAL SARAI MARSHALING YARD,,,83.1361698425,25.287126389900003
,KKRH,KARAHIA,,,83.771397,25.471614
,GMR,GAHMAR,,,83.80443100000001,25.488685
,BQW,BARAKALAN,,,83.8494928638,25.4915162541
,CSA,CHAUSA,,,83.89633140379999,25.4984911003
,KH,KAHILIYA,,,79.960138,27.775896
,AIG,ALGAWAN,,,79.963236,27.700598000000003
,AJI,ANJHI SHAHABAD,,,79.973314,27.643994
,SHRM,SHARMA,,,80.003288,27.603853
,TDP,TODARPUR,,,80.020029,27.579601
,BEG,BEHTAGOKUL,,,80.054854,27.530433600000002
,LBH,DILKUSHA CABIN,,,80.966867,26.83113
,ZBD,ZAFARABAD JN,,,82.719014,25.708436
,SIQ,SARKONI,,,82.75211999999999,25.643114
,JLL,JALALGANJ,,,82.772465,25.612516
,TLMD,TRILOCHAN MAHDO,,,82.804378,25.564702
,KSF,KHALISPUR,,,82.83174700000001,25.525798
,PDRD,PINDRA ROAD,,,82.851162,25.497052
,BTP,BABATPUR,,,82.8800248,25.453616
,BRPT,BIRAPATTI,,,82.917265,25.398912999999997
,SOP,SHIUPUR,,,82.946972,25.355419
,BSBY,VARANASI YARD,,,82.9751998096,25.3252123487
,PWXP,PAWANI KUMARPUR HALT,,,83.9359635205,25.5276889185
,BXR,BUXAR,,,83.982184,25.562067
,BUE,BARUNA,,,84.08917199999999,25.569781000000003
,BKKS,BAKAS,,,81.051489,26.776082000000002
,APG,ANUPGANJ,,,81.126093,26.757292
,RMNR,RAHMAT NAGAR,,,81.1558950446,26.744797359499998
,CDRL,CHHANDRAULI,,,81.23044,26.699202
,TEG,TIRBEDIGANJ,,,81.281105,26.667533
,HGH,HAIDERGARH,,,81.363162,26.621533
,CHBS,CHAUBISI,,,81.43362396730001,26.576806771900003
,AKJ,AKBARGANJ,,,81.501628,26.531456000000002
,SYW,SINDURWA,,,81.56944,26.492121
,NHH,NIHALGARH,,,81.632581,26.460131
,WGJ,WARIS GANJ HALT,,,81.6954767206,26.434504081500002
,AHZ,ADHINPUR,,,81.726848,26.418478
,MFKA,MUSAFIR KHANA,,,81.79981699999999,26.379585
,SHNG,SHIVNAGAR,,,81.882608,26.336305000000003
,BDKN,BANDHUA KALAN,,,81.99539200000001,26.271965
,SLN,SULTANPUR,,,82.066106,26.263027
,PKX,PAKHRULI,,,82.122568,26.205027
,BDIN,BHADAIYAN,,,82.169148,26.171113000000002
,LBA,LAMBHUA,,,82.223283,26.133687000000002
,MWP,MAHRANI PACHHIM,,,82.288578,26.087672
,CHDA,CHANDA (HALT),,,82.30754300000001,26.063822
,KEPR,KOIRIPUR,,,82.33959499999999,26.02164
,NIMG,NIMA GOPALPUR,,,82.364038,25.992862000000002
,HRPG,HARPALGANJ,,,82.405421,25.947582999999998
,SKN,SRIKRISHNA NAGAR,,,82.447803,25.88403
,SVZ,SARAI HARKHU,,,82.506309,25.835891
,BKSA,BAKHSHA,,,82.57318000000001,25.78236
,JOP,JAUNPUR CITY,,,82.666999,25.734125
,JNUK,JAUNPUR KUTCHERRY,,,82.692607,25.725186
,ARA,ARA,,,84.66259600000001,25.548889
,JMIR,JAMIRA HALT,,,84.70946636229999,25.558928076100003
,KUA,KULHARIA,,,84.757807,25.568172999999998
,DURE,DUMRAON,,,84.14386499999999,25.571984
,TWG,TWINING GANJ,,,84.218022,25.568766
,VKDH,VEER KUNWAR HALT,,,84.254875,25.567584999999998
,RPR,RAGHUNATHPUR,,,84.305227,25.565439
,SKRI,SIKARIA,,,84.34768584109999,25.5633290199
,BYN,BANAHI,,,84.389916,25.561301
,ASJP,AMAR SAHEED JAGDEV P HALT,,,84.409699,25.560087000000003
,BEA,BIHIYA,,,84.448984,25.558893
,RNTE,RAMANAND,,,84.49105300000001,25.554842
,XSAN,SARVODAYA HALT,,,84.5006828052,25.554117487
,KYA,KAURIYA,,,84.5212854932,25.5509123644
,KRS,KARISATH,,,84.563141,25.549488
,JGWL,JAGJIVAN HALT,,,84.630119,25.547891999999997
,KWR,KOELWAR,,,84.792055,25.5687
,VHCH,BLOCK CABIN CHAKKI,,,84.806277,25.559662
,BTA,BIHTA,,,84.8740874,25.560948600000003
,PATL,PATEL HALT,,,84.89852553829999,25.5647952991
,SDE,SADISOPUR,,,84.916992,25.566169000000002
,GNHI,GANDHI HALT,,,84.961546925,25.5720007108
,NEO,NEORA,,,84.986523,25.57459
,DNR,DANAPUR,,,85.044629,25.581921
,PWS,PHULWARI SHARIF,,,85.07942999999999,25.586297
,SCY,SACHIWALAY HALT,,,85.1173521326,25.5962020296
,CP,KOLKATA,,,88.375198,22.566792999999997
,TALA,TALLA,,,88.37956299999999,22.606458
,BBR,BAGH BAZAR,,,88.36524556,22.60512587
,SOLA,SOVABAZAR-AHIRI,,,88.35493799999999,22.597663999999998
,BZB,BARRA BAZAR,,,88.351803,22.590907
,BBDB,BENOY BADAL DINESH GARDENS,,,88.34685800000001,22.577047
,EDG,EDEN GARDENS,,,88.339472,22.565207
,PPGT,PRINCEP GHAT,,,88.33202200000001,22.557153999999997
,KIRP,KHIDIRPUR,,,88.315889,22.5357
,RMTR,REMOUNT ROAD,,,88.316273,22.525427999999998
,MJT,MAJERHAT,,,88.322256,22.518978
,NACC,NEW ALIPUR (CALCUTTA),,,88.33492,22.510862
,TLG,TOLLY GANJ,,,88.346908,22.507909
,MILE,MILE-FIVEB,,,88.343231,22.509943999999997
,LKF,LAKE GARDENS,,,88.35237095000001,22.50794733
,BLN,BALLYGUNGE JN,,,88.37206854,22.51983196
,PQS,PARK CIRCUS,,,88.374176,22.541428999999997
,DNKL,DHENKANAL,,,85.59087799999999,20.676825
,DKUR,DOKUR,,,77.85341299999999,16.592578000000003
,RJAP,RAJAPUR,,,78.163648,16.859603
,DNDL,DANDI MAL,,,85.53418,20.715235
,SBP,SAMBALPUR,,,83.9603252667,21.4830514376
,SBPD,SAMBALPUR ROAD,,,83.9757114679,21.4779003477
,SSPR,SADASHIBAPUR,,,85.504693,20.735286
,MHDB,MAHADIA PH,,,85.475883,20.750947
,HND,HINDOL ROAD,,,85.424456,20.768563
,NBT,NAYABAGIRTHIPUR,,,85.382445,20.781585
,MRDL,MERAMANDOLIL,,,85.30494300000001,20.802387
,BDPK,BURHAPANKA,,,85.25582286000001,20.853156679999998
,TLHD,TALCHER ROAD,,,85.207934,20.886651
,ANGL,ANGUL,,,85.099994,20.859445
,KPJG,KEREJANGA,,,84.97670600000001,20.855813
,JRPD,JARAPADA,,,84.887597,20.885087
,BONA,BOINDA,,,84.74820639999999,20.9200366
,HNPA,HANDAPA,,,84.684665,20.943324
,SRGP,SARAGIPALLI,,,84.565386,20.98404
,BAMR,BAMUR,,,84.475865,21.006738
,RAIR,RAIRAKHOL,,,84.333562,21.046744999999998
,CHAR,CHARMAL,,,84.204417,21.095391
,JUJA,JUJUMURA,,,84.134611,21.239342
,HATB,HATIBARI,,,84.11793899999999,21.309386
,MANE,MANESWAR,,,84.04398800000001,21.411344
,SBPY,SAMBALPUR CITY,,,84.0076171613,21.4770222859
,JSME,JASIDIH JN,,,86.644255,24.514517
,TTN,TULSITANR,,,86.6144068317,24.568995679700002
,LHB,LAHABON,,,86.6001380908,24.6403400956
,TLB,TALWA BAZAR,,,86.55630277830001,24.694736735
,STL,SIMULTALA,,,86.541782,24.713365
,GHN,GHORPARAN,,,86.4985295715,24.741624780800002
,NRGO,NARGANJO HALT,,,86.4578033173,24.7439751193
,RJLA,RAJLA,,,86.4230669043,24.7563630003
,JAJ,JHAJHA,,,86.399854,24.779456
,DPX,DADPUR,,,86.34907600000001,24.829399000000002
,GHR,GIDHAUR,,,86.324005,24.856169
,CUX,CHAURA,,,86.287062,24.918896
,JMU,JAMUI,,,86.25477500000001,24.971949
,KDER,KUNDER HALT,,,86.1856142041,25.0513208329
,BFM,BHALUI,,,86.172874585,25.0732160325
,MNP,MANANPUR,,,86.15540512449999,25.1049319287
,BLHR,BALAHAPUR HALT,,,86.14781537840001,25.1202705418
,BSQP,BANSIPUR,,,86.1448204578,25.1245132245
,LCK,LAKHOCHAK HALT,,,86.13641071170001,25.139184912599998
,MHLT,MAHESH LETA HALT,,,86.1301575793,25.1511094241
,MOR,MOR,,,85.8567601593,25.43034549
,GZH,GULZARBAGH,,,85.205232,25.597542
,PNC,PATNA SAHEB,,,85.230942,25.585856
,DDGJ,DEEDARGANJ,,,85.2575111389,25.5695431489
,BKG,BANKA GHAT,,,85.27274200000001,25.547008
,FUT,FATWA,,,85.305488,25.50144
,BCYN,BUDHDEVCHAK Y NAGAR,,,85.3313080389,25.4968269712
,HDE,HARDAS BIGHA,,,85.3276678,25.496924
,KOO,KHUSROPUR,,,85.387309,25.484893
,MJM,MANJHAULIGRAM H,,,85.422051,25.478252
,KWO,KARAUTA,,,85.46824000000001,25.468639
,SMBH,SALIM PUR BIHAR,,,85.44577199999999,25.473618
,TKBG,TEKA BIGHA HALT,,,85.485186,25.465009000000002
,BKP,BAKHTIYARPUR JN,,,85.52956400000001,25.456110000000002
,JPML,JAI PRAKASH MAHULI,,,85.600631,25.453799999999998
,ATL,ATHMAL GOLA,,,85.6213724115,25.453014977800002
,ACU,ACHUARA HALT,,,85.661087,25.45273
,BARH,BARH,,,85.70942600000001,25.46165
,SHT,SAHARI HALT,,,85.7277666345,25.475692697299998
,RLE,RAILEY ENGLISH HALT,,,85.75569245480001,25.4829711754
,LEB,LEMUABAD,,,85.7783575873,25.482271329699998
,PHK,PUNARAKH,,,85.803757,25.481495000000002
,MMKB,MEMRAKHABAD,,,85.82685199999999,25.472507999999998
,KNHP,KANHAIPUR,,,85.838512,25.45827
,BHAD,BARHAPUR HALT,,,85.86024300000001,25.427352
,SIVN,SIVNAR HALT,,,85.880824,25.40468
,MKA,MOKAMEH JN,,,85.91304899999999,25.391885
,ANAH,AUNTA HALT,,,85.94936398009999,25.3804334414
,PNBE,PATNA JN,,,85.136824,25.60256
,RJPB,RAJENDRA NAGAR BIHAR,,,85.162449,25.603351
,KBQ,KUMRABAD ROHINI,,,86.64534800000001,24.467308
,SNQ,SANKARPUR,,,86.637552,24.427623
,MUW,MATHURAPUR,,,86.631692,24.386518000000002
,NPZ,NAWAPATRA,,,86.64786699999999,24.318387
,MDP,MADHUPUR JN,,,86.642183,24.270633
,JRW,JORAMOW,,,86.707773,24.201663
,MNC,MADANKATA,,,86.70195,24.140881
,VDS,VIDYASAGAR,,,86.69841500000001,24.103820000000002
,KEE,KASEETAR,,,86.75251,24.004444
,JMT,JAMTARA,,,86.805183,23.958904
,BM,BODMA,,,86.852624,23.897286
,CRJ,CHITTARANJAN,,,86.878036,23.857138000000003
,RNPR,RUPNARAYANPUR,,,86.885481,23.818703000000003
,SLS,SALANPUR,,,86.876395,23.760355
,CPY,CHAPRAMARI,,,88.39220399999999,22.600493
,PTKR,PATIPUKUR,,,88.395055,22.605667999999998
,GNT,GUNTUR JN,,,80.44197299999999,16.300784
,NLPD,NALLAPADU,,,80.397756,16.308263
,PRCA,PERECHERLA,,,80.339519,16.319601000000002
,PPM,PHIRANGIPURAM,,,80.255894,16.292376
,NDPU,NUDURUPADU,,,80.193376,16.273407
,STUR,SATULUR,,,80.13881099999999,16.254465
,NRT,NARASARAOPET,,,80.041607,16.231527
,MUK,MUNUMAKA,,,79.981319,16.190922
,SAB,SANTAMAGULUR,,,79.91505599999999,16.147071
,VLE,VELLALCHERUVU H,,,79.8886640826,16.1317836869
,SYM,SAVALYAPURAM,,,79.81953,16.102801
,VKN,VINUKONDA,,,79.748004,16.050748
,CEM,CHEEKATEEGALPLM,,,79.682842,16.011698
,GKM,GUNDALUKAMMA,,,79.645362,15.985909
,KCD,KURICHEDU,,,79.572175,15.913391
,POO,POTLAPADU,,,79.523864,15.873337
,DKD,DONAKONDA,,,79.484112,15.834631000000002
,GJJ,GAJJELAKONDA,,,79.401298,15.777382
,KOAA,KOLKATA CHITPUR,,,88.385179,22.601174999999998
,INCI,ISHAN CHANDI HALT,,,87.7396679724,23.3336497763
,GLI,GALSI,,,87.681236,23.358032
,PAJ,PARAJ,,,87.62750500000001,23.387863
,MNAE,MANKAR,,,87.555822,23.420373
,PAN,PANAGARH,,,87.439587,23.443034
,RBH,RAJBANDH,,,87.372314,23.476136
,DGR,DURGAPUR,,,87.297902,23.495046000000002
,DCOP,DURGAPUR COKE OVEN PLANT EXCHANGE YARD SDG WARIA,,,87.298232,23.505136
,OYR,WARIA,,,87.246177,23.537562
,POL,PINJRAPOL,,,87.232307,23.549642
,EOC,UDL EAST OUTER CABIN,,,87.20360799999999,23.569452000000002
,UDLE,ANDAL-EAST/CABIN,,,87.199696,23.57172
,UDL,ANDAL JN,,,87.181194,23.579012000000002
,UDLW,ANDAL WEST CABIN,,,87.168796,23.584024
,CCK,CHICHAKI,,,85.9917268481,24.053224666
,GRBH,GAREA BIHAR,,,85.9155275354,24.1289485964
,BHN,BHULI,,,86.39469277709999,23.8022772592
,TET,TETULMARI,,,86.34357,23.814441
,NPJE,NICHITPUR,,,86.28776500000001,23.825908
,MRQ,MATARI,,,86.239035,23.840519
,GMO,GOMOH JN,,,86.14823,23.873106
,BLME,BHOLLDIH,,,86.116898,23.898444
,NMG,NIMIAGHAT,,,86.07621300000001,23.932092
,PNME,PARASNATH,,,86.037862,23.987971
,CEME,CHEGRO,,,85.964766012,24.0842485151
,CDB,CHAUDHRIBANDH,,,85.9464457367,24.1118528783
,KRMB,KARMABAD BH,,,85.973866,24.07875
,HZD,HAZARIBAGH ROAD,,,85.892035,24.174583
,KSHR,KESHWARI,,,85.86420199999999,24.194872999999998
,CBH,CHAUBE,,,85.8160239368,24.2372952691
,DSME,DASARA,,,85.790855545,24.274602265600002
,PSB,PARSABAD,,,85.73873,24.307559
,YDD,YADUDIH,,,85.70089899999999,24.329874999999998
,SMND,SARMATANR,,,85.65550400000001,24.344874
,HRE,HIRODIH,,,85.596658,24.38304
,LRB,LARABAD,,,85.562123,24.407020999999997
,KQR,KODERMA,,,85.52945799999999,24.434741000000002
,GJD,GUJHANDI,,,85.463683,24.498121
,LBZ,LALBAG BH,,,85.446702,24.509662
,DLW,DILWA,,,85.41970863,24.53731788
,NGY,NATH GANJ,,,85.385094,24.545616
,BSCP,BASKATWA B. H.,,,85.366148,24.547613
,YGM,YADUGRAM BH,,,85.32401399999999,24.543289
,GAP,GURPA,,,85.29708,24.562542
,PRP,PAHARPUR,,,85.204571,24.624931999999998
,BNSL,BANSINALA HALT,,,85.16182409000001,24.66529241
,TKN,TANKUPPA,,,85.119402,24.704046
,BNF,BANDHUA,,,85.06620037,24.75197374
,MPO,MANPUR JN,,,85.044738,24.807111000000003
,SICY,SHAHEED ISHWAR CHOWDHARY HALT,,,85.01490964999999,24.80741419
,GAYA,GAYA JN,,,84.999294,24.803978
,WCB,WEST CABIN GAYA,,,84.971299,24.798676
,KSTA,KASTHA,,,84.921751,24.802484
,PRY,PARAIYA,,,84.85079200000001,24.809464
,GRRU,GURARU,,,84.791831,24.811113
,IMGE,ISMAILPUR,,,84.723433,24.815523000000002
,RFJ,RAFIGANJ,,,84.634804,24.819694000000002
,DORD,DEO ROAD,,,84.5634225305,24.823073676299998
,JHN,JAKHIM,,,84.52567784239999,24.8288034748
,PES,PHESAR,,,84.41808499999999,24.845489
,AUBR,ANUGRAHA NARAYAN ROAD,,,84.3298444,24.855955599999998
,CPBH,CHIRAILA,,,84.269003,24.863478
,SEB,SON NAGAR,,,84.22927299999999,24.882212999999997
,ADSR,ADSR,,,84.19221399999999,24.909345
,DOS,DEHRI ON SONE,,,84.185434,24.914894999999998
,PHE,PAHALEJA HALT,,,84.144817,24.932644
,MRK,MARKAPUR ROAD,,,79.301115,15.714678
,RAI,RAIBHA,,,77.803634,27.181549999999998
,BCP,BICHPURI,,,77.91435,27.176397
,IDH,IDGAH AGRA JN,,,77.997807,27.17265
,AF,AGRA FORT,,,78.0191,27.183308
,JAB,YAMUNA BRIDGE AGRA,,,78.03812699999999,27.191512
,CHLR,CHHALESAR,,,78.084141,27.212079000000003
,KBP,KUBERPUR,,,78.128812,27.221966
,ETUE,ETMADPUR,,,78.197973,27.221535999999997
,COI,CHEOKI,,,81.864916,25.379668
,KCN,KARCHANA,,,81.916127,25.313666
,BEP,BHEERPUR,,,81.98924,25.265024
,MJA,MEJA ROAD,,,82.089337,25.221545
,UND,UNCHDIH,,,82.1633748193,25.1924197817
,JIA,JIGNA,,,82.32555500000001,25.157891
,GAE,GAIPURA,,,82.38624899999999,25.16045
,BEO,BIROHE,,,82.449749,25.173789
,BKN,BIKANER JN,,,73.31659800000001,28.014139
,UMS,UDRAMSAR,,,73.3438365942,27.922973867499998
,PAE,PALANA,,,73.273605,27.845285999999998
,DSO,DESHNOK,,,73.338483,27.791303
,SPO,SURPURA,,,73.442249,27.706677000000003
,NOK,NOKHA,,,73.47484800000001,27.556203
,CLO,CHILO,,,73.52546099999999,27.446624
,SBLJ,SHRI BALAJI,,,73.5373822888,27.416761083900003
,ALAI,ALAI,,,73.58576799999999,27.337097
,BWS,BADWASI,,,73.663015,27.311355
,NGO,NAGAUR,,,73.72357199999999,27.199991
,MDW,MARWAR MUNDWA,,,73.815965,27.063606
,KJW,KHAJWANA,,,73.861764,26.923262
,DSL,DESWAL,,,73.885443,26.850374000000002
,MCPE,MARWAR CHAPRI,,,73.9073942175,26.7834880329
,GADJ,GANDHINAGAR JAIPUR,,,75.79827999999999,26.873067000000002
,BMH,BETAMCHERLA,,,78.148636,15.449372
,GTJT,GETOR JAGATPURA,,,75.832384,26.836925
,KWP,KHATIPURA,,,75.89049800000001,26.835709
,KUT,KANAUTA,,,75.955996106,26.842216007599998
,BAI,BASSI,,,76.047213,26.840616999999998
,JHIR,JHIR,,,76.1146920331,26.852187381900002
,KXI,KURUMURTHI,,,77.863463,16.494924
,BSKO,BANSKHO,,,76.142206,26.856115
,TLU,TARLUPADU,,,79.21946200000001,15.660536
,JW,JATWARA,,,76.2140548169,26.8688202925
,CBM,CUMBUM,,,79.110832,15.592947
,KRNT,KURNOOL TOWN,,,78.032655,15.833715
,ALPR,ALAMPUR ROAD,,,78.047012,15.895657
,BNDN,BHANDANA,,,76.25247399999999,26.878914
,SBBJ,JOGULAMBA HALT,,,78.04160499999999,15.915692
,MOA,MANOPAD,,,77.941968,15.994114
,IKI,ITKYALA,,,77.852531,16.074589
,DO,DAUSA,,,76.330336,26.900046999999997
,PDNA,PEDDADINNE,,,77.83502,16.100078
,PDO,PUDURU,,,77.820931,16.153896999999997
,GWD,GADWAL,,,77.80967199999999,16.22509
,BAK,BHAN KARI,,,76.4094554639,26.962546793999998
,ARPL,AREPALLI HALT,,,77.862369,16.270533999999998
,SRNR,SRIRAMNAGAR,,,77.865894,16.306568
,AJK,AJAKOLLU,,,77.8736361627,16.3467833327
,KVGM,KOLVAGRAM,,,76.46876528439999,26.9894838995
,WPR,WANPARTI ROAD,,,77.88514998289999,16.3820535896
,KONN,KONNUR,,,77.884404,16.424621000000002
,KQQ,KAUKUNTLA,,,77.850451,16.538962
,DKC,DEVARKADRE,,,77.838261,16.630504
,KTKA,KOTAKADRA,,,77.869477,16.668744
,MQN,MANYAMKONDA,,,77.904883,16.683425
,MHBT,MAHBUBNAGAR TOWN HALT,,,77.982649,16.742879000000002
,MBNR,MAHBUBNAGAR,,,77.999429,16.757768
,YNG,YENUGONDA,,,78.036337,16.758073
,BKI,BANDIKUI JN,,,76.56672300000001,27.039271
,JBK,JAGGAMBOTLA KRISHNAPURAM,,,79.071072,15.551155999999999
,SDV,SOMIDEVIPALLE,,,79.038111,15.4534
,GMA,GUDIMETTA,,,79.010485,15.424449000000001
,GID,GIDDALUR,,,78.925583,15.379008
,KSTE,KISTAMSETTIPALI,,,78.883844,15.372380000000001
,DMT,DIGUVAMETTA,,,78.826206,15.394929999999999
,CMZ,CHALAMA,,,78.695312,15.422638000000001
,GZL,GAZULAPALLI,,,78.600125,15.430850000000001
,NDL,NANDYAL,,,78.472545,15.468024
,PNM,PANYAM,,,78.339158,15.50076
,ARNA,ARNIA,,,76.5171796234,27.0101287751
,KEF,KRISHNAMA KONA,,,78.267907,15.505221
,BEY,B CEMENT NAGAR,,,78.19541209,15.48632233
,RGM,RANGAPURAM,,,78.059153,15.406776
,MLK,MALKAPURAM,,,77.96755599999999,15.368943999999999
,BVO,BOGOLU,,,77.914295,15.473393
,DHNE,DHONE,,,77.865727,15.396729
,VDI,VELDURTI,,,77.927621,15.553699
,UKD,ULINDAKONDA,,,77.968687,15.652934
,DUU,DUPADU,,,78.01325899999999,15.742888
,KOLA,KOTLA,,,78.03755196290001,15.8120341064
,DTP,DIVITI PALLI,,,78.08417499999999,16.740883
,CDAE,CHANDANPUR,,,88.17617700000001,22.8813
,PBZ,PORABAZAR,,,88.15914000000001,22.916427
,BMAE,BELMURI,,,88.15233111,22.93272742
,DNHL,DHANIAKHALI,,,88.143651,22.95019
,SHBC,SIBAICHANDI,,,88.13369,22.974465
,CRAE,CHERAGRAM BH.,,,88.126806,22.993969
,HIH,HAJIGARH,,,88.121403,23.007032
,GRAE,GURAP,,,88.112282,23.02534
,JPQ,JHAPANDANGA,,,88.091187,23.064129
,JRAE,JAUGRAM,,,88.080887,23.078737
,NBAE,NABAGRAM,,,88.06690900000001,23.09918
,MSAE,MASAGRAM,,,88.042182,23.134791
,CHC,CHANCHAI,,,88.025521,23.157905
,PRAE,PALLA ROAD,,,88.00912100000001,23.179393
,DKAE,DANKUNI,,,88.291491,22.677422
,GBRA,GOBRA,,,88.279274,22.695504
,JOX,JANAI ROAD,,,88.26510999999999,22.722379
,BPAE,BEGUMPUR,,,88.255644,22.737627
,BRPA,BARUIPARA,,,88.237381,22.766787
,MBE,MIRZAPUR BANKIPUR,,,88.224626,22.78738
,BLAE,BALARAMBATI,,,88.21216842,22.8068127
,KQU,KAMARKUNDU,,,88.205127,22.821631
,KQLS,KAMARKUNDU,,,88.204309,22.820899
,MDSE,MADHU SUDANPUR,,,88.193499,22.845108
,SDAH,KOLKATA SEALDAH,,,88.374713,22.566758
,NKG,NARKALDENGA COACHING YARD,,,88.37910995610001,22.5719746424
,KGK,KANKURGACHHI ROAD,,,88.385079,22.572603
,BNXR,BIDHAN NAGAR,,,88.391045,22.592432
,DDJ,DUM DUM,,,88.392835,22.621717
,BARN,BARANAGAR ROAD,,,88.37831077,22.6530928
,DAKE,DAKSHINESWAR,,,88.36363519999999,22.6534841
,BLYG,BALLY GHAT,,,88.347431,22.652173
,BLYH,BALIHALT,,,88.33860800000001,22.652604
,RCD,RAJCHANDRAPUR,,,88.321219,22.652739
,CCRL,CC RLY LINK CAB,,,88.315286,22.652855
,CCLW,CCLINK-WEST,,,88.305512,22.657411
,GGSY,GANGA SAHAI,,,86.018783,25.269767
,DMRX,DUMRI HALT,,,86.0283957056,25.2459362417
,JCL,JADCHERLA,,,78.141972,16.752658
,DJS,DHURANT JWAS HALT,,,86.047715,25.220474
,JYG,JAYNAGAR,,,86.134871,26.589465
,SPJ,SAMASTIPUR JN,,,85.78736,25.858304
,KRHA,KORAHIA,,,86.15361374000001,26.529839579999997
,KJI,KHAJAULI,,,86.1614216113,26.4839415697
,GHX,GARHARA,,,86.0053080969,25.4409119004
,LLPR,LALIT LAKSHMIPR,,,86.1562,26.436785
,RJA,RAJANAGAR,,,86.152987,26.401801
,HTZU,HATHIDAH UPPER,,,85.987422,25.351823
,MGPI,MANGARPATTI HALT,,,86.1100315369,26.371005066000002
,MBI,MADHUBANI,,,86.076784,26.348165
,BLRI,BELARI HALT,,,85.79465626460001,25.845989179900002
,SPRN,SALEMPUR HALT,,,86.0816757483,26.30637807
,UJP,UJIARPUR,,,85.799605,25.780378
,PDW,PANDAUL,,,86.0866355896,26.2804866136
,NAZJ,NAZIRGANJ,,,85.80632700000001,25.724315
,UGNA,UGNA HALT,,,86.0925137378,26.2506466399
,BSRA,BASARHIA HALT,,,85.8109824023,25.6921049276
,SKI,SAKRI JN,,,86.078137,26.208947000000002
,DSS,DALSINGH SARAI,,,85.84146519999999,25.6647486
,SSNS,SHAHEED S N SINGH HALT,,,86.04289692260001,26.2010198369
,TRS,TARSARAI,,,86.013311,26.194364999999998
,BJIH,BIJULI HALT,,,85.976126,26.186676
,KKHT,KAKARGHATTI,,,85.94826499999999,26.183484
,STJT,SATHAJAGAT,,,85.86778899539999,25.631007269799998
,BCA,BACHWARA JN,,,85.90014240000001,25.5812576
,DKGS,SIMARIA,,,86.014464,25.411453
,MPNH,MAJNUPUR NAWADA,,,85.9312678741,25.5321961227
,TGA,TEGHRA,,,85.941774,25.511020000000002
,BUJ,BARAUNI FLAG,,,85.96507848819999,25.4735905867
,DBG,DARBHANGA JN,,,85.907575,26.157088
,LSI,LAHERIA SARAI,,,85.903825,26.110633
,TLWA,THALWARA,,,85.89750699999999,26.072734999999998
,HYT,HAIAGHAT,,,85.87821199999999,26.020321
,RBZ,RAMBHADDARPUR,,,85.86518199999999,25.977172
,KSP,KISHANPUR,,,85.840384,25.925351000000003
,MKPR,MUKTAPUR,,,85.79556,25.884676
,KRPA,KHARIAPIPRA HALT,,,86.626717,25.242819
,TALL,TALL JN,,,85.9546829749,25.3787000521
,RDUM,RAMPUR DUMRA,,,86.0006415784,25.3308632845
,BRYA,BARHIYA,,,86.01507679999999,25.2832026
,MKB,MANKATHA,,,86.056352,25.207216
,LKR,LUCKEESARAI JN,,,86.093210587,25.1716617005
,KIUL,KIUL JN,,,86.106198,25.171504
,RMPR,RAMPUR HALT,,,86.1406539392,25.1721586608
,DNRE,DHANAURI,,,86.1591750293,25.1719686608
,PWBN,PAWAI BROHMASTHAN HALT,,,86.1965221936,25.1712233008
,UREN,UREN,,,86.2142016541,25.1712379405
,KJH,KAJRA,,,86.261571,25.182766
,GIBP,GHOGHI BARIARPUR,,,86.3040822156,25.2058083716
,AHA,ABHAIPUR,,,86.32307245909999,25.2159864584
,MSDN,MASUDAN,,,86.3578830731,25.2352713892
,DRH,DHARHARA,,,86.4115380682,25.2578934114
,DRTP,DASHARATHPUR,,,86.46453228029999,25.265181819000002
,SRB,SAROBAG,,,86.4765552539,25.273371220999998
,JMP,JAMALPUR JN,,,86.492285,25.313906
,PATM,PATAM HALT,,,86.5327701855,25.323255198600002
,RPUR,RATANPUR,,,86.57608,25.279794000000003
,RIKD,RISHIKUND,,,86.5623576038,25.294435959199998
,BUP,BARIARPUR,,,86.5740372229,25.2810286076
,KPRD,KALYANPUR ROAD,,,86.5806353711,25.275564886399998
,KAPP,KHARIAPIPRA HALT,,,86.627487,25.243589
,GNNA,GANGANI,,,86.593002,25.265514
,KMGH,KAMARGANJ,,,86.6457233716,25.2369518098
,SGG,SULTANGANJ,,,86.736175,25.24085
,AJUG,ABJUGANJ,,,86.775451,25.242369
,MVV,MAHESHI,,,86.799239,25.236912
,AKN,AKBARNAGAR,,,86.8345333624,25.234880766899998
,CTMP,CHHIT MAKHANPUR,,,86.87393632569999,25.234493190600002
,MPY,MURARPUR,,,86.886908,25.232759
,NAT,NATHNAGAR,,,86.935373,25.237052000000002
,BGP,BHAGALPUR,,,86.9767918,25.241909300000003
,SBO,SABAUR,,,87.045918,25.239083
,LMM,LAILAKH MAMLKHA,,,87.1050667084,25.21827008
,GGA,GHOGA,,,87.16086164,25.2103054225
,EKC,EKCHARI,,,87.2138658521,25.227623048199998
,CLG,KAHALGAON,,,87.2337518945,25.2621879424
,BKSL,BIKRAM SHILA,,,87.3002182,25.30004436
,SVRP,SHIVANARAYANPUR,,,87.3330938318,25.2937259592
,LKB,LAKSHMIPUR BHORANG,,,87.36336,25.288258000000003
,PPT,PIRPAINTI,,,87.4218244568,25.2903753934
,AMPL,AMMAPALLI HALT,,,87.4585745682,25.2724414889
,MZC,MIRZA CHEUKI,,,87.4979796002,25.2587767836
,KRMA,KARAMTOLA,,,87.5531429022,25.2554212612
,SBG,SAHIBGANJ JN,,,87.63457700000001,25.241391999999998
,SLJ,SAKRIGALI JN,,,87.715967,25.243358999999998
,MJP,MOHARAJPUR,,,87.74030800000001,25.219587
,KPTO,KARANPUR ATO,,,87.7340281628,25.136401449999997
,TLJ,TALJHARI,,,87.7416879089,25.0823504143
,KXE,KALIAN CHAK,,,87.736758,25.03452
,TPH,TINPAHAR JN,,,87.7438070306,24.996925863999998
,DDX,DHAMDHAMIA,,,87.7615573059,24.9603876804
,GLY,GOLLAPALLY,,,78.157285,16.818903000000002
,SNT,SAINTHIA,,,87.68120499999999,23.949741
,GHLE,GADADHARPUR,,,87.691891,24.013197
,MLV,MALLARPUR,,,87.726275,24.080029
,TPF,TARAPITH ROAD,,,87.7522050836,24.1265252897
,RPH,RAMPUR HAT,,,87.78214700000001,24.179797
,SDLE,SWADINPUR,,,87.822587,24.253477999999998
,NHT,NALHATI JN,,,87.83867000000001,24.295706
,CTR,CHATRA,,,87.849257,24.372846
,MRR,MURARAI,,,87.85865299999999,24.440886
,BSBR,BANSHLAI BRIDGE,,,87.862439,24.502610999999998
,RJG,RAJGRAM,,,87.86763599999999,24.544607
,NGF,NAGARNABI,,,87.8680748517,24.590321491500003
,PKR,PAKUR,,,87.856054,24.638002
,TBB,TILBHITA,,,87.842581,24.677287999999997
,KLP,KOTALPUKUR,,,87.823724,24.741141
,GMAN,GUMANI,,,87.8052776343,24.798952096399997
,JTL,JHAPATER DHAL,,,87.750181,23.367646
,BPS,BANPAS,,,87.74725106999999,23.40073073
,NRX,NOADAR DHAL,,,87.745014,23.433926999999997
,GKH,GUSKARA,,,87.733397,23.489998
,PCQ,PICHKURIRDHAL,,,87.720914,23.54342
,BDH,BHEDIA,,,87.711813,23.586642
,BHP,BOLPUR SHANTINIKETAN,,,87.698136,23.657804000000002
,PNE,PRANTIK,,,87.693501,23.694435000000002
,KPLE,KOPAI,,,87.689548,23.759063
,AMP,AHMADPUR JN,,,87.6928410938,23.8325090573
,BSLE,BATASPUR,,,87.6806814746,23.8802785594
,SKG,SAKTIGARH,,,87.971782,23.205879
,GRP,GANGPUR,,,87.928116,23.223525000000002
,BWN,BARDDHAMAN JN,,,87.87028099999999,23.249718
,PLAE,PALSIT,,,88.00322154050001,23.197030709800003
,TIT,TALIT,,,87.819122,23.29331
,RSLR,RASULPUR,,,88.039994,23.187229000000002
,KAN,KHANA JN,,,87.769547,23.320577
,NMF,NIMO,,,88.069346,23.180297999999997
,MYM,MEMARI,,,88.095637,23.172935
,BDC,BANDEL JN,,,88.3793623,22.9236565
,BGF,BAGILA,,,88.12200441,23.16014581
,HGY,HOOGHLY,,,88.375632,22.904835
,DBP,DEBIPUR,,,88.15599765809999,23.1446129567
,CNS,CHUCHURA,,,88.3695,22.890190999999998
,BOI,BAINCHI,,,88.196286,23.1191243
,CGR,CHANDAN NAGAR,,,88.354421,22.867469999999997
,BCGM,BAINCHIGRAM,,,88.21629817,23.10588031
,MUU,MANKUNDU,,,88.346368,22.846462000000002
,SLG,SIMLAGARH,,,88.23121300000001,23.095679
,PDA,PUNDOOAH,,,88.270115,23.070861999999998
,BHR,BHADRESHWAR,,,88.34153486,22.8279397
,KHN,KHANYAN,,,88.314472,23.046222
,BBAE,BAIDYABATI,,,88.33203765,22.79549199
,TLO,TALANDU,,,88.345088,23.009788
,MUG,MAGRA,,,88.36829,22.983124999999998
,SHE,SEORAPHULI,,,88.328809,22.774749
,ADST,ADI SAPTAGRAM,,,88.378872,22.95447
,SRP,SERAMPORE,,,88.338031,22.753967999999997
,RIS,RISHRA,,,88.343378,22.726146
,KOG,KONNAGAR,,,88.34183442140001,22.6994528322
,HMZ,HIND MOTOR,,,88.341605,22.683736
,UPA,UTTARPARA,,,88.34131699999999,22.667652
,BLY,BALLY,,,88.3406065536,22.6552655812
,BEQ,BELUR,,,88.33950084,22.635912010000002
,LLH,LILUAH,,,88.339559,22.621521
,SYAE,LILUAH (SORTING YARD),,,88.336795,22.609028
,HWHG,HOWRAH GOODS,,,88.33468799799999,22.5900953465
,HWH,HOWRAH JN,,,88.34099900000001,22.584077999999998
,BKLE,BAKUDI,,,87.7749068933,24.9345107267
,BHW,BARHARWA JN,,,87.77449299999999,24.857748
,BDLC,BONIDANGA LINK CABIN,,,87.798331,24.822167
,KRPU,KORAPUT,,,82.719436,18.792189999999998
,KRPB,KORAPUT B CABIN B.H.,,,82.72400599999999,18.797786
,DMRT,DUMURIPUT,,,82.803933,18.780367000000002
,DMNJ,DAMANJODI,,,82.865768,18.767771
,BGUA,BAIGUDA,,,82.96578736,18.827043709999998
,KKGM,KAKIRIGUMMA,,,83.007309,18.923382
,LKMR,LAXMIPUR ROAD,,,83.104298,19.003986
,SGRM,SINGARAM,,,83.10500400000001,19.110931
,TKRI,TIKIRI,,,83.09910500000001,19.177667000000003
,RUL,RAULI,,,83.16728,19.230268
,LLGM,LELIGUMA,,,83.208299,19.304006
,BLMK,BHALUMASKA,,,83.29429956000001,19.32812783
,SKPI,SIKARPAI,,,83.32010335,19.391899549999998
,KTGA,KEUTGUDA,,,83.368072,19.303471000000002
,RGDA,RAYAGADA,,,83.410505,19.175642
,SPRD,SINGAPURAM ROAD,,,83.403066,19.258673
,THV,THERUBALI,,,83.42130900000001,19.335826
,BMCK,BISSAMCUTTACK,,,83.458973,19.487437999999997
,SNRL,SANSARTALI,,,83.47977300000001,19.529222
,MNGD,MUNIGUDA,,,83.488343,19.62753
,DKLU,DOIKALLU,,,83.48161132000001,19.74188249
,AMB,AMBODALA,,,83.45635247989999,19.8363234649
,LJR,LANJIGARH ROAD,,,83.4003416858,19.9434221772
,NRLR,NORLA ROAD,,,83.373301,20.041394
,RPRD,RUPRA ROAD,,,83.330956,20.08447
,KDLR,KANDEL ROAD,,,83.27892999999999,20.126381000000002
,KSNG,KESINGA,,,83.224709,20.188102999999998
,RRGA,RANGAREDDY GUDA,,,78.18083299999999,16.901936
,DPP,DHIRPUR,,,76.84405122380001,30.0663927023
,DHMZ,DHOLA MAZRA,,,76.854437,30.120677999999998
,SHDM,SHAHBAD MARKNDA,,,76.861554,30.166186
,MOY,MOHRI,,,76.850054,30.255264
,PGMD,PRAGATI MAIDAN,,,77.247277,28.615267999999997
,BJA,BIJROTHA,,,78.4216048,24.9469398
,FDB,FARIDABAD,,,77.30734799999999,28.411473
,NZM,DELHI H NIZAMUDDIN,,,77.254249,28.587329999999998
,TKJ,TILAK BRIDGE,,,77.237995,28.627633
,CSB,SHIVAJI BRIDGE,,,77.226612,28.634101
,NDLS,NEW DELHI,,,77.22000399999999,28.642314
,DSB,DELHI SADAR BAZAR,,,77.216852,28.658656
,SZM,SUBZI MANDI,,,77.199696,28.668683
,DAZ,DELHI AZADPUR,,,77.176713,28.702645999999998
,AMIN,AMIN,,,76.900028,29.904968
,DHKR,DHODA KHEDI,,,76.842512,30.018915000000003
,CORD,BILASPUR CHORD CABIN,,,82.125212,22.082796000000002
,USL,USALAPUR,,,82.111546,22.102548
,GTK,GHUTKU,,,82.085321,22.16819
,KLTR,KALMITAR,,,82.0576347339,22.2342458973
,KGB,KARGI ROAD,,,82.026832,22.297935
,SLKR,SALKAROAD,,,82.010606,22.36745
,BIG,BELGAHNA,,,82.032374,22.431085
,TGQ,TENGANMADA,,,81.99575,22.507027
,KGS,KHONGSARA,,,81.934151,22.551352
,BHTK,BHANWAR TONK,,,81.897794,22.607916
,KOI,KHODRI,,,81.93569600000001,22.665094
,SBRA,SARBAHARA,,,81.91042900000001,22.710501999999998
,PND,PENDRA ROAD,,,81.89917,22.755824999999998
,HRB,HARRI,,,81.882604,22.82794
,VKR,VENKATNAGRA,,,81.872187,22.923269
,NIQ,NIGAURA,,,81.874215,22.961546000000002
,JTI,JAITHARI,,,81.7970919489,23.0451865524
,CLF,CHHULHA,,,81.73707,23.106724
,APR,ANUPPUR JN,,,81.695967,23.117312
,AAL,AMLAI,,,81.593507,23.173469
,BUH,BURHAR,,,81.528406,23.213203999999998
,CHDX,CHHADA,,,81.47142699999999,23.237624
,SNGP,SINGHPUR,,,81.4075072687,23.253960575599997
,SDL,SHAHDOL,,,81.36407299999999,23.285961999999998
,BDWA,BADHWA BARA,,,81.28636818000001,23.2939334
,GGT,GHUNGHUTI,,,81.1862407697,23.3436391121
,MDXR,MUDARIA,,,81.0950669171,23.3586036574
,BRS,BIRSINGHPUR,,,81.0433529,23.367211700000002
,NRZB,NOWROZABAD,,,80.980363,23.394425
,KKI,KARKELI,,,80.919056,23.460957
,UMR,UMARIA,,,80.823244,23.52273
,LOA,LORHA,,,80.75161299999999,23.581228
,CHD,CHANDIA ROAD,,,80.701436,23.6454399
,VYK,VILAYATKALAN RD,,,80.610102,23.708924
,RPD,RUPAUND,,,80.573345,23.731755
,JLW,JHALWARA,,,80.473608,23.772191
,BABR,BALANAGAR,,,78.188891,16.947622000000003
,ULM,URLAM,,,83.989515,18.435565999999998
,TIU,TILARU,,,84.0726809924,18.4704858205
,HCM,HARISHCHANDRAPURAM,,,84.1214378076,18.4790934357
,KBM,KOTABOMMALI,,,84.199842,18.488355
,DGB,DINDU GOPALA PURAM HALT,,,84.241768,18.542976
,NWP,NAUPADA JN,,,84.2829220099,18.5794097271
,RMZ,ROUTHPURAM HALT,,,84.3356803912,18.6209643431
,PUN,PUNDI,,,84.370679,18.665917999999998
,PSA,PALASA,,,84.42209100000001,18.756782
,SUDV,SUMMADEVI,,,84.467259,18.808896999999998
,MMS,MANDASA ROAD,,,84.494113,18.840628000000002
,BAV,BARUVA,,,84.554233,18.900748
,SPT,SOMPETA,,,84.58149999999999,18.981296999999998
,JPI,JHADUPUDI,,,84.613031,19.028201
,IPM,ICHCHPURAM,,,84.680427,19.110752
,SLRD,SURLA ROAD,,,84.719145,19.177016000000002
,GTA,GOLANTHRA,,,84.740668,19.219065
,BAM,BRAHMAPUR,,,84.7966912,19.2961348
,JNP,JAGAN NATHAPUR,,,84.8681439825,19.330648607
,NRSP,NARASIMHAPURA,,,84.9387492847,19.3632939389
,CAP,CHATRAPUR,,,84.97327299999999,19.3589572
,CAPC,CHATRAPUR COURT,,,84.982543,19.358941
,GAM,GANJAM,,,85.046719,19.395827
,HMA,HUMMA,,,85.07588799999999,19.443283
,RBA,RAMBHA,,,85.09407900000001,19.537957
,KIT,KHALLIKOT,,,85.128091,19.611204999999998
,KLJI,KALIJAI,,,85.151414,19.647603999999998
,CLKA,CHILKA,,,85.17991400000001,19.686694
,BALU,BALUGAON,,,85.200953,19.747366
,SLZ,SOLARI,,,85.24778599999999,19.800255
,GNGD,GANGADHARPUR,,,85.29323500000001,19.815673
,KUU,KUHURI,,,85.3527,19.859987
,KAPG,KALUPARA GHAT,,,85.40365100000001,19.896585
,MKTP,MUKETASHWAR,,,85.437914,19.919138
,BSDP,BHUSANDPUR,,,85.4764825,19.951792700000002
,NKP,NIRAKARPUR,,,85.53046400000001,19.991740999999998
,GLBA,GOLABAI,,,85.555928,20.016866
,TAP,TAPANG,,,85.580989,20.052879
,DLMH,DHAULIMUHAN,,,85.60477200000001,20.079331999999997
,KPXR,KAIPADA ROAD,,,85.639666,20.10484
,ARGL,ARGUL,,,85.67088007,20.12442672
,VSKP,VISHAKAPATNAM,,,83.289514,17.72159
,MIPM,MARRIPALEM,,,83.252629,17.7363
,SCM,SIMHACHALAM,,,83.220449,17.744667
,SCMN,SIMHACHALAM NORTH,,,83.209636,17.752094
,PDT,PENDURTI,,,83.195211,17.813498
,KTV,KOTTAVALASA,,,83.18509999999999,17.892374999999998
,KPL,KANTAKAPALLE,,,83.20820499999999,17.954718999999997
,ALM,ALAMANDA,,,83.271604,18.012510000000002
,KUK,KORUKONDA,,,83.320296,18.054196
,VZM,VIZIANAGRAM JN,,,83.39558600000001,18.111374
,NML,NELLIMARIA,,,83.456046,18.183131
,GUL,GUJJANGIVALASA,,,83.5108882898,18.230678746400002
,GVI,GARIVIDI,,,83.5308410095,18.2732681907
,CPP,CHIPURUPALLE,,,83.569608,18.316259000000002
,BTVA,BATUVA,,,83.62409646,18.34308678
,SGDM,SIGADAM,,,83.68144099999999,18.360601
,PDU,PONDURU,,,83.776548,18.362876
,DUSI,DUSI,,,83.857682,18.369969
,CHE,SRIKAKULAM ROAD,,,83.903771,18.408679
,SHNR,SHADNAGAR,,,78.213273,17.064646
,CUL,CHULI,,,71.340823,23.006336
,SRBR,SURBARI,,,70.696477,23.231063000000002
,KCG,KACHEGUDA,,,78.499756,17.389561
,MXT,MALAKPET KACHEGUDA,,,78.494244,17.375398
,DQR,KACHEGUDA DBR,,,78.490284,17.366083
,HPG,HUPPUGUDA,,,78.48196499999999,17.34071
,FM,KACHEGUDA FALAKNUMA,,,78.474481,17.332197
,TMX,TIMMAPUR,,,78.288344,17.169347000000002
,UR,UMDANAGAR,,,78.393143,17.262932000000003
,BDVL,BUDVEL,,,78.4245182,17.3093773
,ADI,AHMEDABAD JN,,,72.601516,23.025515
,KKF,KANKARIA,,,72.607102,23.008817
,MAN,MANI NAGAR,,,72.610413,23.000142
,VTA,VATVA,,,72.6294363164,22.959728549199998
,GER,GERATPUR,,,72.65515099999999,22.917292
,BJD,BAREJADI,,,72.6778863,22.895426699999998
,KANJ,KANIL,,,72.705473,22.867203999999997
,NEP,NENPUR,,,72.725207,22.847183
,MHD,MAHEMDAVAD KHEDA RD,,,72.752481,22.819556000000002
,GTE,GOTHAJ,,,72.8013557965,22.759953846400002
,ND,NADIAD JN,,,72.855718,22.694105999999998
,UTD,UTARSANDA,,,72.88880999999999,22.654716
,KBRV,KANJARI BORIYAV,,,72.921535,22.614849
,NOL,NIYOL,,,72.902305,21.160311
,CHM,CHALTHAN,,,72.95617,21.157909
,BGMR,BAGUMRA,,,72.996091,21.149694
,GGAR,GANGADHARA,,,73.043566,21.141419000000003
,BIY,BARDOLI,,,73.1058944,21.1342405
,TBV,TIMBARVA,,,73.144398,21.146312
,MGRL,MANGROLLA,,,73.182172,21.156258
,MID,MADHI,,,73.24268000000001,21.145672
,KRAI,KAHET,,,73.294162,21.137196
,LTV,LOTARVA,,,73.202399,21.153797
,VYA,VYARA,,,73.383847,21.118142
,KKRD,KIKAKUI ROAD,,,73.481234,21.12908
,DSD,DOSVADA,,,73.502728,21.130512
,USD,UKAI SONGADH,,,73.55554,21.147743
,LKKD,LAKKADKOT,,,73.603025,21.163562
,BBAI,BHADBHUNJA,,,73.693754,21.166264
,NWU,NAVAPUR,,,73.771183,21.166844
,KFF,KOLDA,,,73.893108,21.165523
,CPD,CHINCHPADA,,,73.93924200000001,21.206379000000002
,KHTG,KHATGAON,,,73.992081,21.26417
,KBH,KHANDBAARA,,,74.101865,21.324398
,BAWD,BHADWAD,,,74.09831697,21.323159150000002
,DWD,DHEKVAD,,,74.13857,21.339179
,NDB,NANDURBAR,,,74.246482,21.374812
,CUE,CHOUPALE,,,74.319097,21.377019
,TISI,TISI,,,74.364777,21.382994
,RNL,RANALA,,,74.47179,21.372813
,DDE,DONDAICHA,,,74.563104,21.331414
,VKH,VIKHRAN ROAD,,,74.617881,21.302739000000003
,SNSL,SONSHELU,,,74.66225600000001,21.274379
,SNK,SINDKHEDA,,,74.73536700000001,21.234022
,HOL,HOL,,,74.784857,21.198376
,NDN,NARDANA,,,74.82874699999999,21.178209
,BEW,BETAVAD,,,74.886199,21.149244
,PDP,PADSE,,,74.924335,21.132043
,BRTK,BHORTEX,,,74.995996,21.102507999999997
,AN,AMALNER,,,75.057314,21.049008999999998
,TKHE,TAKARKHEDE,,,75.167017,21.03491
,BHNE,BHONE,,,75.22247700000001,21.018946
,DXG,DHARANGAON,,,75.286092,21.006447
,CHLK,CHAVALKHEDE,,,75.352237,21.024084000000002
,PLD,PALDHI,,,75.46157,21.022831999999998
,MIB,NAGPUR MOTI BAGH,,,79.088986,21.146062
,RVH,RAIPUR R-V BLOCK,,,81.64428199999999,21.26848
,MNDH,MANDIR HASAUD,,,81.772807,21.226191999999998
,LAE,LAKHOLI,,,81.890652,21.201827
,ANMD,ARANG MAHANADI,,,81.955513,21.189614
,BLSN,BELSONDA,,,82.03562500000001,21.155027
,MSMD,MAHASAMUND,,,82.10389,21.113138000000003
,ARN,ARAND,,,82.183013,21.102097
,BMKJ,BHIMKHOJ,,,82.289327,21.080325
,BGBR,BAGBAHRA,,,82.3841486,21.0462946
,KMK,KOMAKHAN,,,82.45769200000001,20.979703
,KRAR,KHARIAR ROAD,,,82.510513277,20.901385555799997
,NPD,NAWAPARA ROAD,,,82.562564,20.809717
,LKNA,LAKHNA,,,82.662489,20.729266
,HSK,HARISHANKER RD,,,82.7660362524,20.6267890734
,TIG,TITLAGARH,,,83.154382,20.284399
,TRKR,TUREKALA ROAD,,,82.8147164221,20.563094809
,SFK,SIKIR,,,83.199696,20.337936
,KBJ,KANTABANJI,,,82.906517,20.474059
,BUDM,BADMAL,,,83.27114900000001,20.384900000000002
,MRBL,MURIBAHAL,,,83.016704,20.385885000000002
,SFC,SAINTALA,,,83.335045,20.433878
,RNBT,RAHENBATA,,,83.08993099999999,20.329013
,DFR,DEOGAN ROAD,,,83.430063,20.554779
,BLGR,BALANGIR,,,83.494207,20.688591
,BNRD,BALANGIR ROAD,,,83.498557,20.715094
,LSX,LOISINGHA,,,83.514083,20.852667
,KHPL,KHALIPALI,,,83.536231,20.950218
,DJX,DUNGRIPADI,,,83.559213,21.060872999999997
,BRPL,BARPALI,,,83.59487580000001,21.183637700000002
,BRGA,BARGARH ROAD,,,83.642586,21.332902999999998
,ATS,ATTABIRA,,,83.792637,21.388039
,GBQ,GODBHAGA,,,83.856969,21.416457
,HKG,HIRAKUD,,,83.905097,21.479827
,JSRY,JHARSUGUDA R YARD,,,84.0718776697,21.8876435594
,DTV,DHUTRA,,,84.09109799999999,21.896881999999998
,PNPL,PANPALI,,,84.139173,21.915685999999997
,BEH,BAGDIHI,,,84.18631,21.951046
,DIH,DHARUADIHI,,,84.223691,21.995145
,BMB,BAMRA,,,84.291044,22.051355
,TGM,TANGARMUNDA,,,84.35861200000001,22.09407
,GPH,GARPOS,,,84.418434,22.134204
,SOGR,SOGRA,,,84.459478,22.153756
,SXN,SONAKHAN,,,84.519562,22.166579000000002
,GP,RAJ GANGPUR,,,84.58205099999999,22.186062000000003
,KXN,KANSHBAHAL,,,84.66628899999999,22.215278
,TLHR,TALCHER,,,85.200385,20.932262
,TLTM,TALCHER THERMAL,,,85.21416081,20.91053519
,TTPT,TALCHER THERMAL,,,85.21712600000001,20.905032
,KLG,KALUNGA,,,84.73367300000001,22.222144
,PPO,PANPOSH,,,84.804627,22.228538
,ROU,ROURKELA,,,84.86313200000001,22.22844
,BNDM,BONDAMUNDA,,,84.92505809999999,22.2355174
,BGKA,BANGURKELA,,,84.9552704382,22.3505683976
,BSPK,BISPUR,,,84.9464074011,22.3740198995
,NXN,NUAGAON,,,84.94203300000001,22.386583
,ORGA,ORGA,,,84.91578,22.448548
,PBB,PARBATONIA,,,84.949201,22.497616999999998
,TATI,TATI,,,84.918457,22.558381999999998
,BRBR,BARBERA,,,84.8694214429,22.5755618647
,KNRN,KANAROAN,,,84.877026,22.600484
,BANO,BANO,,,84.90298541140001,22.6647837973
,MCZ,MAHABUANG,,,84.9352760571,22.7199286684
,KRKR,KURKURA,,,84.931238,22.763217
,PKC,PAKRA,,,84.93690600000001,22.828158
,PKF,POKLA,,,84.951364,22.89496
,BKPR,BAKASPUR,,,84.9537296552,22.9810196446
,JGX,JARIAGARH,,,84.9866928088,23.0088422742
,GBX,GOVINDPUR ROAD,,,85.0435794019,23.061857490599998
,KRRA,KARRA,,,85.1327416565,23.1219323537
,BNGO,BINGAON,,,85.1658139636,23.1666884029
,LOM,LODHMA,,,85.2001212549,23.2233502762
,BLRG,BALASIRING,,,85.2812029169,23.2691273563
,HTE,HATIA,,,85.308218,23.311612999999998
,ITR,ITWARI,,,79.11923700000001,21.157819
,MTD,MERTA ROAD JN,,,73.917896,26.728077000000003
,KQW,KHEDULI,,,74.014573,26.759393000000003
,REN,REN,,,74.07446200000001,26.788798
,JAC,JALSU,,,74.194547,26.844883
,JACN,JALSU NANAK,,,74.250429,26.868694
,DNA,DEGANA JN,,,74.316388,26.897349
,GCH,GACHHIPURA,,,74.454426,26.953522
,BSRL,BESROLI,,,74.560725,26.990674000000002
,BOW,BORAWAR,,,74.66939656189999,27.0283068063
,MKN,MAKRANA JN,,,74.72314899999999,27.037532
,KMNC,KUCHAMAN CITY,,,74.8514568066,27.0535465396
,THMR,THATHANA MITHRI,,,74.8979728705,27.055138193999998
,NYK,NAYA KHARADIA,,,74.93509671199999,27.0383856624
,NAC,NAWA CITY,,,74.99883200000001,27.029479
,GVMR,GOVINDI MARWAR,,,75.093144,27.03169
,GA,GUDHA,,,75.128292,26.950042
,SBR,SAMBHAR LAKE,,,75.179915,26.904308
,FL,PHULERA JN,,,75.24545599999999,26.872814
,HDA,HIRNODA,,,75.327459,26.885336000000002
,DHND,DHINDA,,,75.361206,26.890931
,JU,JODHPUR JN,,,73.02319,26.283765
,RKB,RAIKA BAGH,,,73.039744,26.291628000000003
,JUCT,JODHPUR CANTT,,,73.075277,26.304264
,BNO,BANAR,,,73.146431,26.33951
,JWL,JAJIWAL,,,73.2228278314,26.3680583662
,AAS,ASRANADA,,,73.30532500000001,26.397374
,KSW,KHERI SALWA,,,73.3907543195,26.4285105345
,PPR,PIPAR ROAD JN,,,73.448703,26.452849999999998
,SWF,SATHIN ROAD,,,73.509748,26.48978
,UMED,UMED,,,73.605896,26.549322
,KXG,KHARIA KHANGARH,,,73.686313,26.609843
,GOTN,GOTAN,,,73.737284,26.652200999999998
,JOM,JOGI MAGRA,,,73.818142,26.697862
,SWM,SAWAI MADHOPUR,,,76.35622,26.018279
,KTA,KUSHTALA,,,76.326705,25.961351
,RWJ,RAWANIA DUNGAR,,,76.313705,25.887841
,AMLI,AMLI,,,76.286156,25.828156
,JOB,ASALPUR JOBNER,,,75.423467,26.900084
,IDG,INDARGARH,,,76.232938,25.727874
,BOBS,BOBAS,,,75.4980458,26.9056364
,SHNX,SHEO SINGH PURA,,,75.567278,26.913378
,LKE,LAKHERI,,,76.192147,25.639864
,MSO,MISROD,,,77.45804600000001,23.168701000000002
,HBJ,HABIBGANJ,,,77.43942899999999,23.221979
,BPL,BHOPAL JN,,,77.4131428577,23.266884384300003
,BIH,BAIRAGARH,,,77.33622,23.273607199999997
,BQE,BAKANIAN BHAUNR,,,77.252499,23.261737
,LBN,LABAN,,,76.207965,25.574304
,KPZ,KAPREN,,,76.08649199999999,25.444815000000002
,KTSC,KOTA JN SOUTH C,,,75.88511100000001,25.198051
,DKNT,DAKANIYA TALAV,,,75.865501,25.145187999999997
,DDV,DADHDEVI,,,75.898016,25.077840000000002
,ALNI,ALNIYA,,,75.90874587280001,25.0316757156
,DKQ,DHANI KASAR,,,75.93221182010001,24.9874595619
,RDT,RAVTHA ROAD,,,75.958203,24.933449
,DARA,DARA,,,76.005784,24.832608999999998
,KIW,KANWALPURA,,,75.98301000000001,24.788625
,MKX,MORAK,,,75.97333900000001,24.730953
,RMA,RAMGANJ MANDI,,,75.939411,24.644606
,JHW,JHALAWAR ROAD,,,75.919686,24.541893
,DKRA,DHUANKHERI,,,75.89805,24.504973000000003
,BWM,BHAWANI MANDI,,,75.82981,24.419472000000003
,KRLS,KURLAS,,,75.7260090143,24.354200582
,GOH,GAROT,,,75.68432197690001,24.2790919912
,SGZ,SHAMGARH,,,75.642842,24.191141000000002
,HNU,HANSPURA,,,75.64670478090001,24.1312068327
,SVA,SUWASRA,,,75.64834400000001,24.069844
,NKH,NATHUKHERI,,,75.64345572270001,24.0200433795
,CMU,CHAU MAHLA,,,75.60086100000001,23.948204999999998
,TLZ,TALAVLI,,,75.596821,23.903499
,THUR,THURIA,,,75.55457,23.833165
,VMA,VIKRAMGARH ALOT,,,75.53837899999999,23.765121
,LNR,LUNI RICHHA,,,75.51367,23.660393
,MEP,MAHIDPUR ROAD,,,75.500338,23.567509
,RLK,ROHAL KHURD,,,75.460561,23.482264
,PUD,PHANDA,,,77.189255,23.232986
,PNWN,PACHWAN,,,77.128302,23.208785000000002
,DNK,DHANAKYA,,,75.605607,26.91819
,SEH,SEHORE,,,77.07788199999999,23.215095
,BDYK,BINDAYAKA,,,75.659572,26.924224
,KKU,KANAKPURA,,,75.702559,26.92883
,BKTL,BAKTAL,,,77.038514,23.234083000000002
,PRB,PARBATI,,,77.012393,23.250527
,JBX,JABRI,,,76.889341,23.294103999999997
,KPP,KALAPIPAL,,,76.834002,23.332775
,CKOD,CHAKROD,,,76.779716546,23.3530905936
,SJP,SHUJALPUR,,,76.72347500000001,23.381235999999998
,UJN,UJJAIN JN,,,75.781403,23.178154
,MQE,MOHAMMADKHERA,,,76.665757,23.384268
,AKD,AKODIA,,,76.599245,23.378255
,BLX,BOLAI,,,76.4864047449,23.361400652599997
,KSH,KALI SINDH,,,76.430306,23.344476
,KONY,KISONI,,,76.371773,23.301733000000002
,BCH,BERCHHA,,,76.33419289999999,23.282480800000002
,PUO,PIR UMROD,,,76.2299643091,23.2558608677
,MKC,MAKSI,,,76.159116,23.251625
,SVT,SHIVPURA,,,76.0076378418,23.2563508677
,TJP,TAJPUR,,,75.9235679364,23.2169677672
,PLW,PINGLESHWAR,,,75.8603440417,23.2111360434
,UJNC,UJN C CABIN,,,75.801153,23.184543
,DPZ,DEVPURA,,,76.251747,26.03271
,SURL,SURELI,,,76.077102,26.118939
,ISA,ISARDA,,,76.030637,26.170515
,SRAS,SIRAS,,,76.00108138670001,26.2571138478
,BNLW,BANSTHALI NIWAI,,,75.93511006349999,26.383927808699998
,CHNN,CHANNANI,,,75.920457,26.49509
,CKS,CHAKSU,,,75.910778,26.592917999999997
,SAS,SHIVDASPURA PADAMPURA,,,75.88328200000001,26.71363
,BTSD,BHATISUDA,,,75.421478,23.392187
,PPG,PIPLODA BAGLA,,,75.433639,23.357472
,UNL,UNHEL,,,75.472209,23.316776
,PSO,PALSORA MAKRAWA,,,75.5315691821,23.260650211799998
,ASL,ASLAODA,,,75.60816015629999,23.231264309
,GRFB,GAMBHIR BR,,,75.637187,23.226323
,NKI,NAIKHERI,,,75.689198,23.196778
,SNGN,SANGANER,,,75.772245,26.814113
,DPA,DURGAPURA,,,75.786436,26.855947
,BSGD,BAIS GODAM,,,75.7898479,26.90199441
,GNQ,GODHANI,,,79.068176,21.21103
,BWRA,BHARATWADA,,,79.0171081,21.231695
,KSWR,KALMESHWAR,,,78.91586099999999,21.229072
,KOHL,KOHLI,,,78.807616,21.273749
,SNKB,SONKHAMB,,,78.725612,21.274259
,MER,METPANJRA,,,78.65915899999999,21.26917
,KATL,KATOL,,,78.590664,21.263201
,KLBA,KALAMBHA,,,78.558413,21.344635
,TNH,TINKHEDA,,,78.523446,21.407727
,NRKR,NARKHER,,,78.52481399999999,21.468725
,DDMT,DARIMETA,,,78.5411,21.536803
,PAR,PANDHURNA,,,78.525394,21.589996
,TEO,TEEGAON,,,78.460308,21.637046
,GDKP,GHUNDANKHAPA,,,78.42563,21.655105000000002
,CCD,CHICHONDA,,,78.352032,21.709709
,HTN,HATNA PUR,,,78.334344,21.761852
,MTY,MULTAI,,,78.26283000000001,21.783543
,AMLA,AMLA JN,,,78.123187,21.919717000000002
,MALK,MALKAPUR ROAD,,,77.967468,21.904426
,BZU,BETUL,,,77.90589700000001,21.896393
,MJY,MARAMJHIRI,,,77.883002,21.946123
,DHQ,DHARAKHOH,,,77.949934,22.009297
,GDYA,GHORADONGRI,,,78.001987,22.126423
,BBTR,BARBATPUR,,,77.920758,22.197033
,MGRD,MAGARDOH,,,77.894738,22.248104
,DOH,DHODRA MOHAR,,,77.875226,22.281504
,POX,POLA-PATTHAR,,,77.85334900000001,22.347657
,KQE,KALA AKHAR,,,77.818115,22.394548999999998
,SAHL,SAHELI,,,77.819849,22.488281
,TAKU,TAKU,,,77.8158087866,22.5155599418
,KSLA,KESLA,,,77.8065090723,22.541216959
,KRTH,KIRATGARH,,,77.77251,22.538155
,JHP,JUHJARPUR,,,77.755836,22.598117000000002
,HN,HATHBANDH,,,81.846233,21.632219
,BYT,BHATAPARA,,,81.946062,21.732464
,NPI,NIPANIA,,,82.044275,21.826434
,DGS,DAGORI,,,82.069143,21.905693
,SLRA,SARALA,,,84.017534,21.511822
,SSN,SASON,,,84.03917034669999,21.5595350543
,RGL,RENGALI,,,84.042299,21.636895
,LPG,LAPANGA,,,84.03998,21.732794
,BXQ,BRUNDAMAL,,,84.016216,21.806503000000003
,JSGR,JHARSUGUDA ROAD,,,84.010526,21.850125
,BBSN,BHUBANESWAR NEW,,,85.83518699999999,20.382175
,GBK,GOPALPUR BALKDA,,,85.87790899999999,20.432634999999998
,KTJI,KATHA JORI,,,85.896353,20.45107
,CTC,CUTTACK,,,85.90156,20.466587999999998
,KNPR,KENDRAPARA ROAD,,,85.917437,20.498481
,NRG,NERGUNDI,,,85.959078,20.538381
,MZY,MACHAPUR,,,85.768912,20.569003
,GJTA,GARUDIJHATIA,,,85.828478,20.570067
,BDPG,BADA PADAGAON,,,85.87382799,20.570588309999998
,CBT,CHARBATIA,,,85.9113306,20.569383900000002
,SQQ,SALAGAON,,,85.957487,20.56434
,SVK,SIVARAKOTTAI,,,77.986107,9.738427999999999
,SLGM,SANKARALINGAPRM,,,77.88414,9.524914
,CPM,CHOLAPURAM,,,77.57086691235357,9.354660443863636
,MDU,MADURAI JN,,,78.11031399999999,9.919907
,TDN,TIRUPARANKNDRM,,,78.065958,9.879446999999999
,TMQ,TIRUMANGALAM,,,77.99090199999999,9.824778
,KGD,KALLIGUDI,,,77.97402,9.695381000000001
,VPT,VIRUDUNAGAR JN,,,77.95773700000001,9.596405
,SCT,SENGOTTAI,,,77.24185,8.9874125
,TSI,TENKASI JN,,,77.30733799999999,8.963993
,KDNL,KADAYNALLUR,,,77.36319769999999,9.085394
,PBKS,PAMBA KOVIL SHANDY,,,77.431001,9.130538
,SNKL,SANKARANKOVIL,,,77.525924,9.176539
,RJPM,RAJAPALAYAM,,,77.561026,9.452404
,SVPR,SRIVILLIPUTTUR,,,77.64494,9.497497
,SVKS,SIVAKASI,,,77.78924400000001,9.463321
,TTL,TIRUTTANGAL,,,77.8108864374,9.4772991528
,MKSP,MUKHASA PARUR,,,79.240919,11.566638000000001
,KKTI,KUTTAKUDI,,,79.154962,11.591907
,PRV,PUKKIRIVARI,,,78.989079,11.633792
,SRVT,SIRUVATTUR,,,78.943922,11.636294000000001
,CHSM,CHINNA SALEM,,,78.873821,11.631062
,MLYR,MELNARIYAPANUR,,,78.814791,11.615910999999999
,TVS,TALAIVASAL,,,78.75084,11.596392
,ATU,ATTUR,,,78.592092,11.594788
,PDKM,PEDANAYAKANPALAYAM,,,78.5053,11.647063000000001
,MGSJ,MAGNESITE JN,,,78.096286,11.696253
,ETP,ETTAPUR ROAD,,,78.468545,11.651009
,SA,SALEM JN,,,78.113415,11.671726000000001
,VGE,VALAPPADI G HLT,,,78.400452,11.654623999999998
,MPLI,MINNAMPALLI,,,78.2849851605,11.671079675900002
,APN,AYODHYAPATTANAM,,,78.233642,11.671392
,SLME,SALEM EAST,,,78.178121,11.662932
,SXT,SALEM TOWN,,,78.162096,11.660046
,SAMT,SALEM MARKET,,,78.142621,11.654084
,OML,OMALUR,,,78.04678001590001,11.7385543
,TOS,TOLASAMPATTI,,,77.979547,11.761619
,MCRD,MECHERI ROAD,,,77.921857,11.804210999999999
,MTDM,METUR DAM,,,77.83200799999999,11.807081
